/*
Navicat MySQL Data Transfer

Source Server         : sinosoft
Source Server Version : 50614
Source Host           : localhost:3306
Source Database       : fms

Target Server Type    : MYSQL
Target Server Version : 50614
File Encoding         : 65001

Date: 2018-03-29 16:46:52
*/

SET FOREIGN_KEY_CHECKS=0;

-- ----------------------------
-- Table structure for bd_company
-- ----------------------------
DROP TABLE IF EXISTS `bd_company`;
CREATE TABLE `bd_company` (
  `DBID` int(11) NOT NULL AUTO_INCREMENT,
  `COMPANY_CODE` varchar(20) NOT NULL,
  `COMPANY_NAME` varchar(120) NOT NULL,
  `COMPANY_SHORT_NAME` varchar(100) DEFAULT NULL,
  `COMPANY_ENGLISH_NAME` varchar(120) DEFAULT NULL,
  `ADDRESS` varchar(200) DEFAULT NULL,
  `ZIP_CODE` varchar(6) DEFAULT NULL,
  `PHONE` varchar(18) DEFAULT NULL,
  `FAX` varchar(18) DEFAULT NULL,
  `EMAIL` varchar(60) DEFAULT NULL,
  `WEB_ADDRESS` varchar(100) DEFAULT NULL,
  `COMPANY_GRADE` varchar(2) NOT NULL,
  `COMANY_AREA_TYPE` varchar(2) DEFAULT NULL,
  `UP_COMPANY_CODE` varchar(20) DEFAULT NULL,
  `DB_OPERATOR` varchar(120) NOT NULL,
  `INSERT_TIME` date NOT NULL,
  `LAST_MODIFY_TIME` date NOT NULL,
  PRIMARY KEY (`DBID`)
) ENGINE=InnoDB DEFAULT CHARSET=utf8;

-- ----------------------------
-- Records of bd_company
-- ----------------------------

-- ----------------------------
-- Table structure for bd_company_mapping
-- ----------------------------
DROP TABLE IF EXISTS `bd_company_mapping`;
CREATE TABLE `bd_company_mapping` (
  `DBID` int(11) NOT NULL AUTO_INCREMENT,
  `COMPANY_CODE` varchar(20) NOT NULL,
  `REGION` varchar(5) NOT NULL,
  `COMPANY_SHORT_NAME` varchar(60) DEFAULT NULL,
  `COMPANY_PY_2_CHAR` varchar(2) DEFAULT NULL,
  `COMPANY_PY_6_CHAR` varchar(6) DEFAULT NULL,
  `BO_SYSTEM` varchar(10) DEFAULT NULL,
  `RLS_SYSTEM` varchar(10) DEFAULT NULL,
  `POLICY_PREFIX` varchar(10) DEFAULT NULL,
  `CALL_CENTER_SYSTEM` varchar(10) DEFAULT NULL,
  `CITY_CODE_RCMS` varchar(50) NOT NULL,
  `USP_CODE` varchar(50) DEFAULT NULL,
  `PROVINCE` varchar(20) DEFAULT NULL,
  `STATUS` varchar(20) DEFAULT NULL,
  `ICBC_BANK_CODE` varchar(100) DEFAULT NULL,
  PRIMARY KEY (`DBID`)
) ENGINE=InnoDB DEFAULT CHARSET=utf8;

-- ----------------------------
-- Records of bd_company_mapping
-- ----------------------------

-- ----------------------------
-- Table structure for privilege
-- ----------------------------
DROP TABLE IF EXISTS `privilege`;
CREATE TABLE `privilege` (
  `id` int(11) NOT NULL AUTO_INCREMENT,
  `privilegecode` varchar(20) DEFAULT NULL,
  `privilegename` varchar(20) DEFAULT NULL,
  `privilegetype` varchar(20) DEFAULT NULL,
  `url` varchar(100) DEFAULT NULL,
  `pid` varchar(20) DEFAULT NULL,
  `method` varchar(20) DEFAULT NULL,
  `pre` varchar(20) DEFAULT NULL,
  `next` varchar(20) DEFAULT NULL,
  `num` int(11) DEFAULT NULL,
  PRIMARY KEY (`id`)
) ENGINE=InnoDB DEFAULT CHARSET=utf8;

-- ----------------------------
-- Records of privilege
-- ----------------------------

-- ----------------------------
-- Table structure for qrtz_blob_triggers
-- ----------------------------
DROP TABLE IF EXISTS `qrtz_blob_triggers`;
CREATE TABLE `qrtz_blob_triggers` (
  `TRIGGER_NAME` varchar(200) NOT NULL,
  `TRIGGER_GROUP` varchar(200) NOT NULL,
  `BLOB_DATA` blob,
  PRIMARY KEY (`TRIGGER_NAME`,`TRIGGER_GROUP`),
  CONSTRAINT `qrtz_blob_triggers_ibfk_1` FOREIGN KEY (`TRIGGER_NAME`, `TRIGGER_GROUP`) REFERENCES `qrtz_triggers` (`TRIGGER_NAME`, `TRIGGER_GROUP`)
) ENGINE=InnoDB DEFAULT CHARSET=utf8;

-- ----------------------------
-- Records of qrtz_blob_triggers
-- ----------------------------

-- ----------------------------
-- Table structure for qrtz_calendars
-- ----------------------------
DROP TABLE IF EXISTS `qrtz_calendars`;
CREATE TABLE `qrtz_calendars` (
  `CALENDAR_NAME` varchar(200) NOT NULL,
  `CALENDAR` blob NOT NULL,
  PRIMARY KEY (`CALENDAR_NAME`)
) ENGINE=InnoDB DEFAULT CHARSET=utf8;

-- ----------------------------
-- Records of qrtz_calendars
-- ----------------------------

-- ----------------------------
-- Table structure for qrtz_cron_triggers
-- ----------------------------
DROP TABLE IF EXISTS `qrtz_cron_triggers`;
CREATE TABLE `qrtz_cron_triggers` (
  `TRIGGER_NAME` varchar(200) NOT NULL,
  `TRIGGER_GROUP` varchar(200) NOT NULL,
  `CRON_EXPRESSION` varchar(120) NOT NULL,
  `TIME_ZONE_ID` varchar(80) DEFAULT NULL,
  PRIMARY KEY (`TRIGGER_NAME`,`TRIGGER_GROUP`),
  CONSTRAINT `qrtz_cron_triggers_ibfk_1` FOREIGN KEY (`TRIGGER_NAME`, `TRIGGER_GROUP`) REFERENCES `qrtz_triggers` (`TRIGGER_NAME`, `TRIGGER_GROUP`)
) ENGINE=InnoDB DEFAULT CHARSET=utf8;

-- ----------------------------
-- Records of qrtz_cron_triggers
-- ----------------------------
INSERT INTO `qrtz_cron_triggers` VALUES ('10bba98e-6fff-4dbc-bd21-59cf0c6d0db7', 'DEFAULT', '00 25 10 * * ?', 'Asia/Shanghai');

-- ----------------------------
-- Table structure for qrtz_fired_triggers
-- ----------------------------
DROP TABLE IF EXISTS `qrtz_fired_triggers`;
CREATE TABLE `qrtz_fired_triggers` (
  `ENTRY_ID` varchar(95) NOT NULL,
  `TRIGGER_NAME` varchar(200) NOT NULL,
  `TRIGGER_GROUP` varchar(200) NOT NULL,
  `IS_VOLATILE` varchar(1) NOT NULL,
  `INSTANCE_NAME` varchar(200) NOT NULL,
  `FIRED_TIME` bigint(20) NOT NULL,
  `PRIORITY` int(13) NOT NULL,
  `STATE` varchar(16) NOT NULL,
  `JOB_NAME` varchar(200) DEFAULT NULL,
  `JOB_GROUP` varchar(200) DEFAULT NULL,
  `IS_STATEFUL` varchar(1) DEFAULT NULL,
  `REQUESTS_RECOVERY` varchar(1) DEFAULT NULL,
  PRIMARY KEY (`ENTRY_ID`)
) ENGINE=InnoDB DEFAULT CHARSET=utf8;

-- ----------------------------
-- Records of qrtz_fired_triggers
-- ----------------------------

-- ----------------------------
-- Table structure for qrtz_job_details
-- ----------------------------
DROP TABLE IF EXISTS `qrtz_job_details`;
CREATE TABLE `qrtz_job_details` (
  `JOB_NAME` varchar(200) NOT NULL,
  `JOB_GROUP` varchar(200) NOT NULL,
  `DESCRIPTION` varchar(250) DEFAULT NULL,
  `JOB_CLASS_NAME` varchar(250) NOT NULL,
  `IS_DURABLE` varchar(1) NOT NULL,
  `IS_VOLATILE` varchar(1) NOT NULL,
  `IS_STATEFUL` varchar(1) NOT NULL,
  `REQUESTS_RECOVERY` varchar(1) NOT NULL,
  `JOB_DATA` blob,
  PRIMARY KEY (`JOB_NAME`,`JOB_GROUP`),
  KEY `IDX_QRTZ_J_REQ_RECOVERY` (`REQUESTS_RECOVERY`) USING BTREE
) ENGINE=InnoDB DEFAULT CHARSET=utf8;

-- ----------------------------
-- Records of qrtz_job_details
-- ----------------------------
INSERT INTO `qrtz_job_details` VALUES ('BirthToAgentSmsBatch', 'DEFAULT', null, 'com.sinosoft.core.spring.quartz.MethodInvokingJobDetailFactoryBean$MethodInvokingJob', '1', '0', '0', '1', 0xACED0005737200156F72672E71756172747A2E4A6F62446174614D61709FB083E8BFA9B0CB020000787200266F72672E71756172747A2E7574696C732E537472696E674B65794469727479466C61674D61708208E8C3FBC55D280200015A0013616C6C6F77735472616E7369656E74446174617872001D6F72672E71756172747A2E7574696C732E4469727479466C61674D617013E62EAD28760ACE0200025A000564697274794C00036D617074000F4C6A6176612F7574696C2F4D61703B787001737200116A6176612E7574696C2E486173684D61700507DAC1C31660D103000246000A6C6F6164466163746F724900097468726573686F6C6478703F4000000000000C7708000000100000000274000C7461726765744F626A6563747372001E636F6D2E666D732E736572766963652E62617463682E536D7342617463682E74D6B43D5131CA0200014C000A736D73536572766963657400204C636F6D2F666D732F736572766963652F736D732F536D73536572766963653B78707074000C7461726765744D6574686F6474001772756E4269727468546F4167656E74536D7342617463687800);
INSERT INTO `qrtz_job_details` VALUES ('BirthToCustSmsBatch', 'DEFAULT', null, 'com.sinosoft.core.spring.quartz.MethodInvokingJobDetailFactoryBean$MethodInvokingJob', '1', '0', '0', '1', 0xACED0005737200156F72672E71756172747A2E4A6F62446174614D61709FB083E8BFA9B0CB020000787200266F72672E71756172747A2E7574696C732E537472696E674B65794469727479466C61674D61708208E8C3FBC55D280200015A0013616C6C6F77735472616E7369656E74446174617872001D6F72672E71756172747A2E7574696C732E4469727479466C61674D617013E62EAD28760ACE0200025A000564697274794C00036D617074000F4C6A6176612F7574696C2F4D61703B787001737200116A6176612E7574696C2E486173684D61700507DAC1C31660D103000246000A6C6F6164466163746F724900097468726573686F6C6478703F4000000000000C7708000000100000000274000C7461726765744F626A6563747372001E636F6D2E666D732E736572766963652E62617463682E536D7342617463682E74D6B43D5131CA0200014C000A736D73536572766963657400204C636F6D2F666D732F736572766963652F736D732F536D73536572766963653B78707074000C7461726765744D6574686F6474001672756E4269727468546F43757374536D7342617463687800);
INSERT INTO `qrtz_job_details` VALUES ('incomeDisBatch', 'DEFAULT', null, 'com.sinosoft.core.spring.quartz.MethodInvokingJobDetailFactoryBean$MethodInvokingJob', '1', '0', '0', '1', 0xACED0005737200156F72672E71756172747A2E4A6F62446174614D61709FB083E8BFA9B0CB020000787200266F72672E71756172747A2E7574696C732E537472696E674B65794469727479466C61674D61708208E8C3FBC55D280200015A0013616C6C6F77735472616E7369656E74446174617872001D6F72672E71756172747A2E7574696C732E4469727479466C61674D617013E62EAD28760ACE0200025A000564697274794C00036D617074000F4C6A6176612F7574696C2F4D61703B787001737200116A6176612E7574696C2E486173684D61700507DAC1C31660D103000246000A6C6F6164466163746F724900097468726573686F6C6478703F4000000000000C7708000000100000000274000C7461726765744F626A65637473720024636F6D2E666D732E736572766963652E62617463682E496E636F6D6544697342617463687FAB945AD31D80000200014C0010696E636F6D654469735365727669636574002A4C636F6D2F666D732F736572766963652F70726F647563742F496E636F6D65446973536572766963653B78707074000C7461726765744D6574686F6474001172756E496E636F6D6544697342617463687800);
INSERT INTO `qrtz_job_details` VALUES ('incomeDisEmailBatch', 'DEFAULT', null, 'com.sinosoft.core.spring.quartz.MethodInvokingJobDetailFactoryBean$MethodInvokingJob', '1', '0', '0', '1', 0xACED0005737200156F72672E71756172747A2E4A6F62446174614D61709FB083E8BFA9B0CB020000787200266F72672E71756172747A2E7574696C732E537472696E674B65794469727479466C61674D61708208E8C3FBC55D280200015A0013616C6C6F77735472616E7369656E74446174617872001D6F72672E71756172747A2E7574696C732E4469727479466C61674D617013E62EAD28760ACE0200025A000564697274794C00036D617074000F4C6A6176612F7574696C2F4D61703B787001737200116A6176612E7574696C2E486173684D61700507DAC1C31660D103000246000A6C6F6164466163746F724900097468726573686F6C6478703F4000000000000C7708000000100000000274000C7461726765744F626A65637473720029636F6D2E666D732E736572766963652E62617463682E496E636F6D65446973456D61696C426174636864BDCABE22833B3E0200014C0010696E636F6D654469735365727669636574002A4C636F6D2F666D732F736572766963652F70726F647563742F496E636F6D65446973536572766963653B78707074000C7461726765744D6574686F6474001672756E496E636F6D65446973456D61696C42617463687800);
INSERT INTO `qrtz_job_details` VALUES ('netValueMonthBatch', 'DEFAULT', null, 'com.sinosoft.core.spring.quartz.MethodInvokingJobDetailFactoryBean$MethodInvokingJob', '1', '0', '0', '1', 0xACED0005737200156F72672E71756172747A2E4A6F62446174614D61709FB083E8BFA9B0CB020000787200266F72672E71756172747A2E7574696C732E537472696E674B65794469727479466C61674D61708208E8C3FBC55D280200015A0013616C6C6F77735472616E7369656E74446174617872001D6F72672E71756172747A2E7574696C732E4469727479466C61674D617013E62EAD28760ACE0200025A000564697274794C00036D617074000F4C6A6176612F7574696C2F4D61703B787001737200116A6176612E7574696C2E486173684D61700507DAC1C31660D103000246000A6C6F6164466163746F724900097468726573686F6C6478703F4000000000000C7708000000100000000274000C7461726765744F626A65637473720028636F6D2E666D732E736572766963652E62617463682E4E657456616C75654D6F6E7468426174636812C921A03096B67D0200014C000E70726F64756374536572766963657400284C636F6D2F666D732F736572766963652F70726F647563742F50726F64756374536572766963653B78707074000C7461726765744D6574686F6474001572756E4E657456616C75654D6F6E746842617463687800);
INSERT INTO `qrtz_job_details` VALUES ('netValueNoticeBatch', 'DEFAULT', null, 'com.sinosoft.core.spring.quartz.MethodInvokingJobDetailFactoryBean$MethodInvokingJob', '1', '0', '0', '0', 0xACED0005737200156F72672E71756172747A2E4A6F62446174614D61709FB083E8BFA9B0CB020000787200266F72672E71756172747A2E7574696C732E537472696E674B65794469727479466C61674D61708208E8C3FBC55D280200015A0013616C6C6F77735472616E7369656E74446174617872001D6F72672E71756172747A2E7574696C732E4469727479466C61674D617013E62EAD28760ACE0200025A000564697274794C00036D617074000F4C6A6176612F7574696C2F4D61703B787001737200116A6176612E7574696C2E486173684D61700507DAC1C31660D103000246000A6C6F6164466163746F724900097468726573686F6C6478703F4000000000000C7708000000100000000274000C7461726765744F626A65637473720029636F6D2E666D732E736572766963652E62617463682E4E657456616C75654E6F7469636542617463687BD94DBF675BFA3B0200014C0010696E636F6D654469735365727669636574002A4C636F6D2F666D732F736572766963652F70726F647563742F496E636F6D65446973536572766963653B78707074000C7461726765744D6574686F6474001672756E4E657456616C75654E6F7469636542617463687800);
INSERT INTO `qrtz_job_details` VALUES ('netValueWeekBatch', 'DEFAULT', null, 'com.sinosoft.core.spring.quartz.MethodInvokingJobDetailFactoryBean$MethodInvokingJob', '1', '0', '0', '1', 0xACED0005737200156F72672E71756172747A2E4A6F62446174614D61709FB083E8BFA9B0CB020000787200266F72672E71756172747A2E7574696C732E537472696E674B65794469727479466C61674D61708208E8C3FBC55D280200015A0013616C6C6F77735472616E7369656E74446174617872001D6F72672E71756172747A2E7574696C732E4469727479466C61674D617013E62EAD28760ACE0200025A000564697274794C00036D617074000F4C6A6176612F7574696C2F4D61703B787001737200116A6176612E7574696C2E486173684D61700507DAC1C31660D103000246000A6C6F6164466163746F724900097468726573686F6C6478703F4000000000000C7708000000100000000274000C7461726765744F626A65637473720027636F6D2E666D732E736572766963652E62617463682E4E657456616C75655765656B426174636859B1C4E1CD0A52620200014C000E70726F64756374536572766963657400284C636F6D2F666D732F736572766963652F70726F647563742F50726F64756374536572766963653B78707074000C7461726765744D6574686F6474001472756E4E657456616C75655765656B42617463687800);
INSERT INTO `qrtz_job_details` VALUES ('productFoundEmailBatch', 'DEFAULT', null, 'com.sinosoft.core.spring.quartz.MethodInvokingJobDetailFactoryBean$MethodInvokingJob', '1', '0', '0', '1', 0xACED0005737200156F72672E71756172747A2E4A6F62446174614D61709FB083E8BFA9B0CB020000787200266F72672E71756172747A2E7574696C732E537472696E674B65794469727479466C61674D61708208E8C3FBC55D280200015A0013616C6C6F77735472616E7369656E74446174617872001D6F72672E71756172747A2E7574696C732E4469727479466C61674D617013E62EAD28760ACE0200025A000564697274794C00036D617074000F4C6A6176612F7574696C2F4D61703B787001737200116A6176612E7574696C2E486173684D61700507DAC1C31660D103000246000A6C6F6164466163746F724900097468726573686F6C6478703F4000000000000C7708000000100000000274000C7461726765744F626A6563747372002C636F6D2E666D732E736572766963652E62617463682E50726F64756374466F756E64456D61696C4261746368D962F6E1A420090B0200014C001274726164655374617475735365727669636574002A4C636F6D2F666D732F736572766963652F74726164652F5472616465537461747573536572766963653B78707074000C7461726765744D6574686F6474001972756E50726F64756374466F756E64456D61696C42617463687800);
INSERT INTO `qrtz_job_details` VALUES ('smsBatch', 'DEFAULT', null, 'com.sinosoft.core.spring.quartz.MethodInvokingJobDetailFactoryBean$MethodInvokingJob', '1', '0', '0', '1', 0xEFBFBDEFBFBD0005737200156F72672E71756172747A2E4A6F62446174614D6170EFBFBDEFBFBDEFBFBDE8BFA9EFBFBDEFBFBD020000787200266F72672E71756172747A2E7574696C732E537472696E674B65794469727479466C61674D6170EFBFBD08EFBFBDEFBFBDEFBFBDEFBFBD5D280200015A0013616C6C6F77735472616E7369656E74446174617872001D6F72672E71756172747A2E7574696C732E4469727479466C61674D617013EFBFBD2EEFBFBD28760AEFBFBD0200025A000564697274794C00036D617074000F4C6A6176612F7574696C2F4D61703B787001737200116A6176612E7574696C2E486173684D61700507EFBFBDEFBFBDEFBFBD1660EFBFBD03000246000A6C6F6164466163746F724900097468726573686F6C6478703F4000000000000C7708000000100000000274000C7461726765744F626A6563747372001E636F6D2E666D732E736572766963652E62617463682E536D73426174636839EFBFBDEFBFBD6D3BDFB8600200014C000A736D73536572766963657400204C636F6D2F666D732F736572766963652F736D732F536D73536572766963653B78707074000C7461726765744D6574686F6474000B72756E536D7342617463687800);

-- ----------------------------
-- Table structure for qrtz_job_listeners
-- ----------------------------
DROP TABLE IF EXISTS `qrtz_job_listeners`;
CREATE TABLE `qrtz_job_listeners` (
  `JOB_NAME` varchar(200) NOT NULL,
  `JOB_GROUP` varchar(200) NOT NULL,
  `JOB_LISTENER` varchar(200) NOT NULL,
  PRIMARY KEY (`JOB_NAME`,`JOB_GROUP`,`JOB_LISTENER`),
  CONSTRAINT `qrtz_job_listeners_ibfk_1` FOREIGN KEY (`JOB_NAME`, `JOB_GROUP`) REFERENCES `qrtz_job_details` (`JOB_NAME`, `JOB_GROUP`)
) ENGINE=InnoDB DEFAULT CHARSET=utf8;

-- ----------------------------
-- Records of qrtz_job_listeners
-- ----------------------------

-- ----------------------------
-- Table structure for qrtz_locks
-- ----------------------------
DROP TABLE IF EXISTS `qrtz_locks`;
CREATE TABLE `qrtz_locks` (
  `LOCK_NAME` varchar(40) NOT NULL,
  PRIMARY KEY (`LOCK_NAME`)
) ENGINE=InnoDB DEFAULT CHARSET=utf8;

-- ----------------------------
-- Records of qrtz_locks
-- ----------------------------
INSERT INTO `qrtz_locks` VALUES ('CALENDAR_ACCESS');
INSERT INTO `qrtz_locks` VALUES ('JOB_ACCESS');
INSERT INTO `qrtz_locks` VALUES ('MISFIRE_ACCESS');
INSERT INTO `qrtz_locks` VALUES ('STATE_ACCESS');
INSERT INTO `qrtz_locks` VALUES ('TRIGGER_ACCESS');

-- ----------------------------
-- Table structure for qrtz_paused_trigger_grps
-- ----------------------------
DROP TABLE IF EXISTS `qrtz_paused_trigger_grps`;
CREATE TABLE `qrtz_paused_trigger_grps` (
  `TRIGGER_GROUP` varchar(200) NOT NULL,
  PRIMARY KEY (`TRIGGER_GROUP`)
) ENGINE=InnoDB DEFAULT CHARSET=utf8;

-- ----------------------------
-- Records of qrtz_paused_trigger_grps
-- ----------------------------

-- ----------------------------
-- Table structure for qrtz_scheduler_state
-- ----------------------------
DROP TABLE IF EXISTS `qrtz_scheduler_state`;
CREATE TABLE `qrtz_scheduler_state` (
  `INSTANCE_NAME` varchar(200) NOT NULL,
  `LAST_CHECKIN_TIME` int(13) NOT NULL,
  `CHECKIN_INTERVAL` int(13) NOT NULL,
  PRIMARY KEY (`INSTANCE_NAME`)
) ENGINE=InnoDB DEFAULT CHARSET=utf8;

-- ----------------------------
-- Records of qrtz_scheduler_state
-- ----------------------------

-- ----------------------------
-- Table structure for qrtz_simple_triggers
-- ----------------------------
DROP TABLE IF EXISTS `qrtz_simple_triggers`;
CREATE TABLE `qrtz_simple_triggers` (
  `TRIGGER_NAME` varchar(200) NOT NULL,
  `TRIGGER_GROUP` varchar(200) NOT NULL,
  `REPEAT_COUNT` int(7) NOT NULL,
  `REPEAT_INTERVAL` int(12) NOT NULL,
  `TIMES_TRIGGERED` int(10) NOT NULL,
  PRIMARY KEY (`TRIGGER_NAME`,`TRIGGER_GROUP`),
  CONSTRAINT `qrtz_simple_triggers_ibfk_1` FOREIGN KEY (`TRIGGER_NAME`, `TRIGGER_GROUP`) REFERENCES `qrtz_triggers` (`TRIGGER_NAME`, `TRIGGER_GROUP`)
) ENGINE=InnoDB DEFAULT CHARSET=utf8;

-- ----------------------------
-- Records of qrtz_simple_triggers
-- ----------------------------
INSERT INTO `qrtz_simple_triggers` VALUES ('a18aa22d-7a0f-4c2f-9f1a-08ceafef9cae', 'DEFAULT', '-1', '604800000', '27');
INSERT INTO `qrtz_simple_triggers` VALUES ('bb4ab48c-682b-4873-ad5e-effba4ab3dbf', 'DEFAULT', '-1', '86400000', '420');
INSERT INTO `qrtz_simple_triggers` VALUES ('c1033db9-fac4-4ded-8042-cd3db853daa3', 'DEFAULT', '-1', '604800000', '21');
INSERT INTO `qrtz_simple_triggers` VALUES ('f5e095b1-3ebf-4d5c-bea5-ff99df0b834b', 'DEFAULT', '-1', '86400000', '147');

-- ----------------------------
-- Table structure for qrtz_triggers
-- ----------------------------
DROP TABLE IF EXISTS `qrtz_triggers`;
CREATE TABLE `qrtz_triggers` (
  `TRIGGER_NAME` varchar(200) NOT NULL,
  `TRIGGER_GROUP` varchar(200) NOT NULL,
  `JOB_NAME` varchar(200) NOT NULL,
  `JOB_GROUP` varchar(200) NOT NULL,
  `IS_VOLATILE` varchar(1) NOT NULL,
  `DESCRIPTION` varchar(250) DEFAULT NULL,
  `NEXT_FIRE_TIME` bigint(100) DEFAULT NULL,
  `PREV_FIRE_TIME` bigint(100) DEFAULT NULL,
  `PRIORITY` int(13) DEFAULT NULL,
  `TRIGGER_STATE` varchar(16) NOT NULL,
  `TRIGGER_TYPE` varchar(8) NOT NULL,
  `START_TIME` varchar(255) NOT NULL,
  `END_TIME` int(13) DEFAULT NULL,
  `CALENDAR_NAME` varchar(200) DEFAULT NULL,
  `MISFIRE_INSTR` int(2) DEFAULT NULL,
  `JOB_DATA` blob,
  PRIMARY KEY (`TRIGGER_NAME`,`TRIGGER_GROUP`),
  KEY `JOB_NAME` (`JOB_NAME`,`JOB_GROUP`) USING BTREE,
  CONSTRAINT `qrtz_triggers_ibfk_1` FOREIGN KEY (`JOB_NAME`, `JOB_GROUP`) REFERENCES `qrtz_job_details` (`JOB_NAME`, `JOB_GROUP`)
) ENGINE=InnoDB DEFAULT CHARSET=utf8;

-- ----------------------------
-- Records of qrtz_triggers
-- ----------------------------
INSERT INTO `qrtz_triggers` VALUES ('10bba98e-6fff-4dbc-bd21-59cf0c6d0db7', 'DEFAULT', 'incomeDisBatch', 'DEFAULT', '0', null, '1510453500000', '1510448310511', '5', 'WAITING', 'CRON', '1454293454000', '0', null, '0', '');
INSERT INTO `qrtz_triggers` VALUES ('a18aa22d-7a0f-4c2f-9f1a-08ceafef9cae', 'DEFAULT', 'netValueNoticeBatch', 'DEFAULT', '0', null, '1503986400000', '1503381600000', '5', 'PAUSED', 'SIMPLE', '1487656800000', '0', null, '0', '');
INSERT INTO `qrtz_triggers` VALUES ('bb4ab48c-682b-4873-ad5e-effba4ab3dbf', 'DEFAULT', 'incomeDisEmailBatch', 'DEFAULT', '0', null, '1503970201000', '1503365401000', '5', 'PAUSED', 'SIMPLE', '1467682201000', '0', null, '0', '');
INSERT INTO `qrtz_triggers` VALUES ('c1033db9-fac4-4ded-8042-cd3db853daa3', 'DEFAULT', 'netValueWeekBatch', 'DEFAULT', '0', null, '1503966900000', '1503362100000', '5', 'PAUSED', 'SIMPLE', '1491266100000', '0', null, '0', '');
INSERT INTO `qrtz_triggers` VALUES ('f5e095b1-3ebf-4d5c-bea5-ff99df0b834b', 'DEFAULT', 'netValueMonthBatch', 'DEFAULT', '0', null, '1503966600000', '1503361800000', '5', 'PAUSED', 'SIMPLE', '1491265800000', '0', null, '0', '');

-- ----------------------------
-- Table structure for qrtz_trigger_listeners
-- ----------------------------
DROP TABLE IF EXISTS `qrtz_trigger_listeners`;
CREATE TABLE `qrtz_trigger_listeners` (
  `TRIGGER_NAME` varchar(200) NOT NULL,
  `TRIGGER_GROUP` varchar(200) NOT NULL,
  `TRIGGER_LISTENER` varchar(200) NOT NULL,
  PRIMARY KEY (`TRIGGER_NAME`,`TRIGGER_GROUP`,`TRIGGER_LISTENER`),
  CONSTRAINT `qrtz_trigger_listeners_ibfk_1` FOREIGN KEY (`TRIGGER_NAME`, `TRIGGER_GROUP`) REFERENCES `qrtz_triggers` (`TRIGGER_NAME`, `TRIGGER_GROUP`)
) ENGINE=InnoDB DEFAULT CHARSET=utf8;

-- ----------------------------
-- Records of qrtz_trigger_listeners
-- ----------------------------

-- ----------------------------
-- Table structure for role
-- ----------------------------
DROP TABLE IF EXISTS `role`;
CREATE TABLE `role` (
  `id` int(11) NOT NULL AUTO_INCREMENT,
  `rolecode` varchar(20) DEFAULT NULL,
  `rolename` varchar(20) DEFAULT NULL,
  PRIMARY KEY (`id`)
) ENGINE=InnoDB DEFAULT CHARSET=utf8;

-- ----------------------------
-- Records of role
-- ----------------------------

-- ----------------------------
-- Table structure for role2privilege
-- ----------------------------
DROP TABLE IF EXISTS `role2privilege`;
CREATE TABLE `role2privilege` (
  `id` int(11) NOT NULL AUTO_INCREMENT,
  `role_id` int(11) DEFAULT NULL,
  `privilege_id` int(11) DEFAULT NULL,
  PRIMARY KEY (`id`),
  KEY `FK5512F3B58FDC44F7` (`privilege_id`),
  KEY `FK5512F3B53BFA2FD` (`role_id`),
  CONSTRAINT `FK5512F3B53BFA2FD` FOREIGN KEY (`role_id`) REFERENCES `role` (`id`),
  CONSTRAINT `FK5512F3B58FDC44F7` FOREIGN KEY (`privilege_id`) REFERENCES `privilege` (`id`)
) ENGINE=InnoDB DEFAULT CHARSET=utf8;

-- ----------------------------
-- Records of role2privilege
-- ----------------------------

-- ----------------------------
-- Table structure for tcuser
-- ----------------------------
DROP TABLE IF EXISTS `tcuser`;
CREATE TABLE `tcuser` (
  `id` int(11) NOT NULL AUTO_INCREMENT,
  `usercode` varchar(20) DEFAULT NULL,
  `username` varchar(20) DEFAULT NULL,
  `password` varchar(100) DEFAULT NULL,
  `company_id` int(11) DEFAULT NULL,
  PRIMARY KEY (`id`)
) ENGINE=InnoDB DEFAULT CHARSET=utf8;

-- ----------------------------
-- Records of tcuser
-- ----------------------------

-- ----------------------------
-- Table structure for tc_pd_ruleverify
-- ----------------------------
DROP TABLE IF EXISTS `tc_pd_ruleverify`;
CREATE TABLE `tc_pd_ruleverify` (
  `ID` int(11) NOT NULL AUTO_INCREMENT,
  `RISK_ID` int(11) NOT NULL,
  `RULE_ID` int(11) NOT NULL,
  `VERIFY_TYPE` varchar(2) NOT NULL,
  `VERIFY_GRADE` varchar(1) DEFAULT NULL,
  `VERIFY_ORDER` int(11) DEFAULT NULL,
  `PASS_FLAG` varchar(1) DEFAULT NULL,
  `REMARK` varchar(255) DEFAULT NULL,
  PRIMARY KEY (`ID`)
) ENGINE=InnoDB DEFAULT CHARSET=utf8;

-- ----------------------------
-- Records of tc_pd_ruleverify
-- ----------------------------

-- ----------------------------
-- Table structure for tf_nb_uw_error
-- ----------------------------
DROP TABLE IF EXISTS `tf_nb_uw_error`;
CREATE TABLE `tf_nb_uw_error` (
  `DBID` int(11) NOT NULL AUTO_INCREMENT,
  `UW_LAYER` varchar(1) NOT NULL,
  `UW_RELATION_ID` int(11) NOT NULL,
  `UW_BATCH_NO` int(11) NOT NULL,
  `UW_RULE_ID` varchar(6) NOT NULL,
  `UW_INFO` varchar(255) NOT NULL,
  `UW_INFO_LEVEL_FLAG` varchar(1) DEFAULT NULL,
  `UW_TYPE` varchar(2) NOT NULL,
  `OPERATOR_ID` int(11) NOT NULL,
  `MAKE_TIME` datetime NOT NULL,
  `MODIFY_TIME` datetime NOT NULL,
  PRIMARY KEY (`DBID`)
) ENGINE=InnoDB DEFAULT CHARSET=utf8;

-- ----------------------------
-- Records of tf_nb_uw_error
-- ----------------------------

-- ----------------------------
-- Table structure for tf_nb_uw_error_trace
-- ----------------------------
DROP TABLE IF EXISTS `tf_nb_uw_error_trace`;
CREATE TABLE `tf_nb_uw_error_trace` (
  `DBID` int(11) NOT NULL AUTO_INCREMENT,
  `UW_LAYER` varchar(1) NOT NULL,
  `UW_RELATION_ID` int(11) NOT NULL,
  `UW_BATCH_NO` int(11) NOT NULL,
  `UW_RULE_ID` varchar(6) NOT NULL,
  `UW_INFO` varchar(255) NOT NULL,
  `UW_INFO_LEVEL_FLAG` varchar(1) DEFAULT NULL,
  `UW_TYPE` varchar(2) DEFAULT NULL,
  `UW_MASTER_ID` int(11) NOT NULL,
  `OPERATOR_ID` int(11) NOT NULL,
  `MAKE_TIME` datetime NOT NULL,
  `MODIFY_TIME` datetime NOT NULL,
  PRIMARY KEY (`DBID`)
) ENGINE=InnoDB DEFAULT CHARSET=utf8;

-- ----------------------------
-- Records of tf_nb_uw_error_trace
-- ----------------------------

-- ----------------------------
-- Table structure for t_agency_com
-- ----------------------------
DROP TABLE IF EXISTS `t_agency_com`;
CREATE TABLE `t_agency_com` (
  `AGENCY_COM_ID` bigint(20) NOT NULL AUTO_INCREMENT,
  `AGENCY_CODE` varchar(20) NOT NULL,
  `AGENCY_NAME` varchar(200) NOT NULL,
  `AGENCY_TYPE` varchar(2) DEFAULT NULL,
  `STATE` varchar(2) DEFAULT NULL,
  `START_DATE` date DEFAULT NULL,
  `END_DATE` date DEFAULT NULL,
  `ORGANIZATION_CODE` varchar(30) DEFAULT NULL,
  `PROVINCE` varchar(20) DEFAULT NULL,
  `CITY` varchar(20) DEFAULT NULL,
  `COUNTRY` varchar(40) DEFAULT NULL,
  `STREET` varchar(100) DEFAULT NULL,
  `ZIP_CODE` varchar(10) DEFAULT NULL,
  `PHONE` varchar(18) DEFAULT NULL,
  `FAX` varchar(20) DEFAULT NULL,
  `EMAIL` varchar(100) DEFAULT NULL,
  `PROFILE` varchar(3000) DEFAULT NULL,
  `COOPERATION_HISTORY` varchar(3000) DEFAULT NULL,
  `RC_STATE` varchar(1) NOT NULL,
  `CREATE_DATE` datetime NOT NULL,
  `MODIFY_DATE` datetime NOT NULL,
  `OPER_COM_ID` bigint(20) NOT NULL,
  `CREATE_USER_ID` bigint(20) NOT NULL,
  `MODIFY_USER_ID` bigint(20) NOT NULL,
  `AGENCY_SHORT_NAME` varchar(200) DEFAULT NULL,
  PRIMARY KEY (`AGENCY_COM_ID`)
) ENGINE=InnoDB AUTO_INCREMENT=47 DEFAULT CHARSET=utf8;

-- ----------------------------
-- Records of t_agency_com
-- ----------------------------
INSERT INTO `t_agency_com` VALUES ('42', 'TEST', '合作机构测试', '01', '01', null, null, null, null, null, null, null, null, null, null, null, null, null, 'D', '2017-08-08 11:20:59', '2017-09-09 10:07:43', '1', '1', '1', null);
INSERT INTO `t_agency_com` VALUES ('43', 'NY0001', '诺亚财富综合金融服务管理集团', '01', '01', '2014-09-10', null, null, null, null, null, null, null, null, null, null, null, null, 'E', '2017-09-09 10:10:33', '2017-09-09 10:13:28', '1', '1', '1', '诺亚财富');
INSERT INTO `t_agency_com` VALUES ('44', 'ZH0001', '深圳悟空投资管理有限公司', '07', '01', '2015-09-07', null, null, null, null, null, null, null, null, null, null, null, null, 'E', '2017-09-09 10:12:01', '2017-09-09 10:45:25', '1', '1', '1', '深圳悟空投资管理有限公司');
INSERT INTO `t_agency_com` VALUES ('45', 'WJS0001', '温州金融资产交易中心股份有限公司', '10', '01', '2016-08-01', null, null, null, null, null, null, null, null, null, null, null, null, 'E', '2017-09-09 10:16:51', '2017-09-09 10:16:51', '1', '1', '1', '温州金融资产交易中心股份有限公司');
INSERT INTO `t_agency_com` VALUES ('46', 'GJ0001', '上海贵景投资管理有限公司', '04', '01', null, null, null, null, null, null, null, null, null, null, null, null, null, 'E', '2017-09-09 10:29:43', '2017-09-09 10:29:43', '1', '1', '1', '上海贵景投资管理有限公司');

-- ----------------------------
-- Table structure for t_agency_contacts
-- ----------------------------
DROP TABLE IF EXISTS `t_agency_contacts`;
CREATE TABLE `t_agency_contacts` (
  `AGENCY_CONTACTS_ID` bigint(20) NOT NULL AUTO_INCREMENT,
  `AGENCY_COM_ID` bigint(20) DEFAULT NULL,
  `AGENCY_LEVEL` varchar(2) DEFAULT NULL,
  `CONTACTS_NAME` varchar(20) DEFAULT NULL,
  `POSITION` varchar(200) DEFAULT NULL,
  `PROVINCE` varchar(20) DEFAULT NULL,
  `CITY` varchar(20) DEFAULT NULL,
  `COUNTRY` varchar(40) DEFAULT NULL,
  `STREET` varchar(100) DEFAULT NULL,
  `ZIP_CODE` varchar(10) DEFAULT NULL,
  `TEL` varchar(18) DEFAULT NULL,
  `FAX` varchar(20) DEFAULT NULL,
  `MOBILE` varchar(20) DEFAULT NULL,
  `EMAIL` varchar(50) DEFAULT NULL,
  `WEBCHAT` varchar(50) DEFAULT NULL,
  `RC_STATE` varchar(1) NOT NULL,
  `CREATE_DATE` datetime NOT NULL,
  `MODIFY_DATE` datetime NOT NULL,
  `OPER_COM_ID` bigint(20) NOT NULL,
  `CREATE_USER_ID` bigint(20) NOT NULL,
  `MODIFY_USER_ID` bigint(20) NOT NULL,
  `REMARK` varchar(200) DEFAULT NULL,
  PRIMARY KEY (`AGENCY_CONTACTS_ID`),
  KEY `FK_T_AGENCY_REF_T_AGENCY_1` (`AGENCY_COM_ID`) USING BTREE,
  CONSTRAINT `t_agency_contacts_ibfk_1` FOREIGN KEY (`AGENCY_COM_ID`) REFERENCES `t_agency_com` (`AGENCY_COM_ID`)
) ENGINE=InnoDB AUTO_INCREMENT=94 DEFAULT CHARSET=utf8;

-- ----------------------------
-- Records of t_agency_contacts
-- ----------------------------
INSERT INTO `t_agency_contacts` VALUES ('84', '42', '01', '测试者', '', null, null, null, null, '', '', '', '', '', '', 'D', '2017-08-08 11:20:59', '2017-09-09 10:07:43', '1', '1', '1', '');
INSERT INTO `t_agency_contacts` VALUES ('85', '43', '01', '汪静', '', null, null, null, null, '', '', '', '', '', '', 'D', '2017-09-09 10:10:33', '2017-09-09 10:13:28', '1', '1', '1', '');
INSERT INTO `t_agency_contacts` VALUES ('86', '44', '01', '闫振杰', '', null, null, null, null, '', '', '', '', '', '', 'D', '2017-09-09 10:12:01', '2017-09-09 10:12:58', '1', '1', '1', '');
INSERT INTO `t_agency_contacts` VALUES ('87', '44', '01', '王振杰', '业务经理', null, null, null, null, '', '', '', '', '', '', 'D', '2017-09-09 10:12:58', '2017-09-09 10:13:04', '1', '1', '1', '');
INSERT INTO `t_agency_contacts` VALUES ('88', '44', '01', '王振杰', '业务经理', null, null, null, null, '', '', '', '18799089934', '', '', 'D', '2017-09-09 10:13:04', '2017-09-09 10:45:07', '1', '1', '1', '');
INSERT INTO `t_agency_contacts` VALUES ('89', '43', '01', '汪静', '经理人', null, null, null, null, '', '', '', '15688984432', '', '', 'E', '2017-09-09 10:13:28', '2017-09-09 10:13:28', '1', '1', '1', '');
INSERT INTO `t_agency_contacts` VALUES ('90', '45', '01', '吉华琳', '', null, null, null, null, '', '', '', '13701759393', '', '', 'E', '2017-09-09 10:16:51', '2017-09-09 10:16:51', '1', '1', '1', '');
INSERT INTO `t_agency_contacts` VALUES ('91', '46', '01', '张静', '', null, null, null, null, '', '', '', '18300653321', '', '', 'E', '2017-09-09 10:29:43', '2017-09-09 10:29:43', '1', '1', '1', '');
INSERT INTO `t_agency_contacts` VALUES ('92', '44', '01', '王振杰', '业务经理', null, null, null, null, '', '', '', '18799089934', '', '', 'D', '2017-09-09 10:45:07', '2017-09-09 10:45:25', '1', '1', '1', '');
INSERT INTO `t_agency_contacts` VALUES ('93', '44', '01', '王振杰', '业务经理', null, null, null, null, '', '', '', '18799089934', '', '', 'E', '2017-09-09 10:45:25', '2017-09-09 10:45:25', '1', '1', '1', '');

-- ----------------------------
-- Table structure for t_agency_protocol
-- ----------------------------
DROP TABLE IF EXISTS `t_agency_protocol`;
CREATE TABLE `t_agency_protocol` (
  `AGENCY_PROTOCOL_ID` bigint(20) NOT NULL AUTO_INCREMENT,
  `AGENCY_COM_ID` bigint(20) DEFAULT NULL,
  `PROTOCOL_CODE` varchar(50) DEFAULT NULL,
  `PROTOCOL_NAME` varchar(200) DEFAULT NULL,
  `PROTOCOL_TYPE` varchar(5) DEFAULT NULL,
  `PROTOCOL_STATE` varchar(20) DEFAULT NULL,
  `PROTOCOL_START_DATE` date DEFAULT NULL,
  `PROTOCOL_END_DATE` date DEFAULT NULL,
  `RC_STATE` varchar(1) NOT NULL,
  `CREATE_DATE` datetime NOT NULL,
  `MODIFY_DATE` datetime NOT NULL,
  `OPER_COM_ID` bigint(20) NOT NULL,
  `CREATE_USER_ID` bigint(20) NOT NULL,
  `MODIFY_USER_ID` bigint(20) NOT NULL,
  PRIMARY KEY (`AGENCY_PROTOCOL_ID`),
  KEY `FK_T_AGENCY_REF_T_AGENCY_2` (`AGENCY_COM_ID`) USING BTREE,
  CONSTRAINT `t_agency_protocol_ibfk_1` FOREIGN KEY (`AGENCY_COM_ID`) REFERENCES `t_agency_com` (`AGENCY_COM_ID`)
) ENGINE=InnoDB AUTO_INCREMENT=2 DEFAULT CHARSET=utf8;

-- ----------------------------
-- Records of t_agency_protocol
-- ----------------------------
INSERT INTO `t_agency_protocol` VALUES ('1', '44', '0003', '咨询服务协议', '6', '0', null, '2015-09-15', 'E', '2017-09-11 09:05:04', '2017-09-11 09:05:04', '1', '1', '1');

-- ----------------------------
-- Table structure for t_agency_sub_protocol
-- ----------------------------
DROP TABLE IF EXISTS `t_agency_sub_protocol`;
CREATE TABLE `t_agency_sub_protocol` (
  `AGENCT_SUB_PROTOCOL_ID` bigint(20) NOT NULL AUTO_INCREMENT,
  `AGENCY_PROTOCOL_ID` bigint(20) DEFAULT NULL,
  `SUBPROTOCOL_CODE` varchar(50) DEFAULT NULL,
  `SUBPROTOCOL_NAME` varchar(200) DEFAULT NULL,
  `SUBPROTOCOL_TYPE` varchar(5) DEFAULT NULL,
  `SUBPROTOCOL_STATE` varchar(20) DEFAULT NULL,
  `PRODUCT_ID` bigint(20) DEFAULT NULL,
  `SUB_PROTOCOL_START_DATE` date DEFAULT NULL,
  `SUB_PROTOCOL_END_DATE` date DEFAULT NULL,
  `RC_STATE` varchar(1) NOT NULL,
  `CREATE_DATE` datetime NOT NULL,
  `MODIFY_DATE` datetime NOT NULL,
  `OPER_COM_ID` bigint(20) NOT NULL,
  `CREATE_USER_ID` bigint(20) NOT NULL,
  `MODIFY_USER_ID` bigint(20) NOT NULL,
  PRIMARY KEY (`AGENCT_SUB_PROTOCOL_ID`),
  KEY `FK_T_AGENCY_REF_T_AGENCY_3` (`AGENCY_PROTOCOL_ID`) USING BTREE,
  CONSTRAINT `t_agency_sub_protocol_ibfk_1` FOREIGN KEY (`AGENCY_PROTOCOL_ID`) REFERENCES `t_agency_protocol` (`AGENCY_PROTOCOL_ID`)
) ENGINE=InnoDB DEFAULT CHARSET=utf8;

-- ----------------------------
-- Records of t_agency_sub_protocol
-- ----------------------------

-- ----------------------------
-- Table structure for t_agent
-- ----------------------------
DROP TABLE IF EXISTS `t_agent`;
CREATE TABLE `t_agent` (
  `AGENT_ID` bigint(20) NOT NULL AUTO_INCREMENT,
  `COM_ID` bigint(20) DEFAULT NULL,
  `STORE_ID` bigint(20) DEFAULT NULL,
  `DEPARTMENT_ID` bigint(20) DEFAULT NULL,
  `USER_ID` bigint(20) DEFAULT NULL,
  `AGENT_CODE` varchar(24) DEFAULT NULL,
  `AGENT_NAME` varchar(120) DEFAULT NULL,
  `SEX` varchar(2) DEFAULT NULL,
  `BIRTHDAY` date DEFAULT NULL,
  `IDTYPE` varchar(2) DEFAULT NULL,
  `IDNO` varchar(20) DEFAULT NULL,
  `NATIONALITY` varchar(5) DEFAULT NULL,
  `NATIVEPLACE` varchar(50) DEFAULT NULL,
  `RGTADRESS` varchar(100) DEFAULT NULL,
  `POLITICAL` varchar(10) DEFAULT NULL,
  `MARITAL_STATUS` varchar(2) DEFAULT NULL,
  `BEAR_STATUS` varchar(2) DEFAULT NULL,
  `GRADUATE` varchar(120) DEFAULT NULL,
  `DEGREE` varchar(6) DEFAULT NULL,
  `PROVINCE` varchar(20) DEFAULT NULL,
  `CITY` varchar(20) DEFAULT NULL,
  `COUNTRY` varchar(40) DEFAULT NULL,
  `STREET` varchar(100) DEFAULT NULL,
  `ZIP_CODE` varchar(6) DEFAULT NULL,
  `FAMILY_PHONE` varchar(20) DEFAULT NULL,
  `MOBILE` varchar(50) DEFAULT NULL,
  `EMAIL` varchar(50) DEFAULT NULL,
  `QQ` varchar(20) DEFAULT NULL,
  `WECHAT` varchar(50) DEFAULT NULL,
  `WORK_STATE` varchar(2) DEFAULT NULL,
  `JOIN_DATE` date DEFAULT NULL,
  `LEAVE_DATE` date DEFAULT NULL,
  `OFFICE_TEL` varchar(50) DEFAULT NULL,
  `RC_STATE` varchar(1) NOT NULL,
  `CREATE_DATE` datetime NOT NULL,
  `MODIFY_DATE` datetime NOT NULL,
  `OPER_COM_ID` bigint(20) NOT NULL,
  `CREATE_USER_ID` bigint(20) NOT NULL,
  `MODIFY_USER_ID` bigint(20) NOT NULL,
  `AGENT_TYPE` varchar(2) DEFAULT NULL,
  `AGENT_IMAGE` varchar(100) DEFAULT NULL,
  `IS_PROBATION_PERIOD` varchar(2) DEFAULT NULL,
  `HOUSEHOLD_NATURE` varchar(50) DEFAULT NULL,
  `SSY_ADRESS` varchar(50) DEFAULT NULL,
  `PROFESSION` varchar(50) DEFAULT NULL,
  `WORK_ADRESS` varchar(50) DEFAULT NULL,
  `PROBATIONPERIOD_END_DATE` date DEFAULT NULL,
  `SELF_INTRODUCTION` varchar(1000) DEFAULT NULL,
  `WINNING_EXPERIENCE` varchar(50) DEFAULT NULL,
  PRIMARY KEY (`AGENT_ID`),
  KEY `FK_T_AGENT_REF_T_DEF_US` (`USER_ID`) USING BTREE,
  CONSTRAINT `t_agent_ibfk_1` FOREIGN KEY (`USER_ID`) REFERENCES `t_def_user` (`USER_ID`)
) ENGINE=InnoDB AUTO_INCREMENT=233 DEFAULT CHARSET=utf8;

-- ----------------------------
-- Records of t_agent
-- ----------------------------
INSERT INTO `t_agent` VALUES ('231', '12', null, '20', '154', 'WSS001', '王珊珊', 'F', '1990-07-10', '0', '99102977636273', '01', '浙江省杭州市西湖区', null, '03', '01', '01', '浙江电子科技大学', '04', null, null, null, null, null, null, '18238070122', null, null, null, '1', '2017-05-02', null, null, 'E', '2017-09-09 17:40:16', '2017-09-09 17:40:16', '1', '1', '1', null, null, null, '02', null, '金融管理', null, null, null, null);
INSERT INTO `t_agent` VALUES ('232', '12', null, null, '156', 'ZT-0001', '张涛', 'M', '1980-03-19', '0', '12399028332', '01', null, null, null, '02', '02', '上海交通大学', null, null, null, null, null, null, null, '18238070122', null, null, null, '1', '2016-09-06', null, null, 'E', '2017-09-10 09:59:44', '2017-09-10 09:59:44', '1', '1', '1', null, null, '01', null, null, null, null, null, null, null);

-- ----------------------------
-- Table structure for t_agent_acc_info
-- ----------------------------
DROP TABLE IF EXISTS `t_agent_acc_info`;
CREATE TABLE `t_agent_acc_info` (
  `AGENT_ACC_INFO_ID` bigint(20) NOT NULL AUTO_INCREMENT,
  `AGENT_ID` bigint(20) DEFAULT NULL,
  `BANK_CODE` varchar(100) DEFAULT NULL,
  `BANK_ACC_NO` varchar(40) DEFAULT NULL,
  `ACC_NAME` varchar(60) DEFAULT NULL,
  `BRANCH_BANK_NAME` varchar(80) DEFAULT NULL,
  `RC_STATE` varchar(1) NOT NULL,
  `CREATE_DATE` datetime NOT NULL,
  `MODIFY_DATE` datetime NOT NULL,
  `OPER_COM_ID` bigint(20) NOT NULL,
  `CREATE_USER_ID` bigint(20) NOT NULL,
  `MODIFY_USER_ID` bigint(20) NOT NULL,
  PRIMARY KEY (`AGENT_ACC_INFO_ID`),
  KEY `t_agent_acc_info_ibfk_1` (`AGENT_ID`) USING BTREE,
  CONSTRAINT `t_agent_acc_info_ibfk_1` FOREIGN KEY (`AGENT_ID`) REFERENCES `t_agent` (`AGENT_ID`)
) ENGINE=InnoDB AUTO_INCREMENT=2 DEFAULT CHARSET=utf8;

-- ----------------------------
-- Records of t_agent_acc_info
-- ----------------------------
INSERT INTO `t_agent_acc_info` VALUES ('1', '232', '100001', '332011009277333298', '张涛', '西湖区分行', 'E', '2017-09-10 09:59:44', '2017-09-10 09:59:44', '1', '1', '1');

-- ----------------------------
-- Table structure for t_agent_assess
-- ----------------------------
DROP TABLE IF EXISTS `t_agent_assess`;
CREATE TABLE `t_agent_assess` (
  `AGENT_ASSESS_ID` bigint(20) NOT NULL AUTO_INCREMENT,
  `AGENT_ASSESS_INFO_ID` bigint(20) NOT NULL,
  `COM_ID` bigint(20) DEFAULT NULL,
  `DEPARTMENT_ID` bigint(20) DEFAULT NULL,
  `STORE_ID` bigint(20) DEFAULT NULL,
  `AGENT_ID` bigint(20) DEFAULT NULL,
  `BUSS_NO` varchar(50) DEFAULT NULL,
  `TRADEINFO_ID` varchar(50) DEFAULT NULL,
  `OCCUPATION_COM_CODE` varchar(50) DEFAULT NULL,
  `OCCUPATION_COM_NAME` varchar(50) DEFAULT NULL,
  `CUSTOMER_ID` bigint(20) DEFAULT NULL,
  `PRODUCT_CODE` varchar(10) DEFAULT NULL,
  `PRODUCT_NAME` varchar(100) DEFAULT NULL,
  `TRADE_TYPE` varchar(5) DEFAULT NULL,
  `TRADE_DATE` date DEFAULT NULL,
  `FOUND_DATE` date DEFAULT NULL,
  `TRADE_MONEY` decimal(20,6) DEFAULT NULL,
  `DURATION` varchar(20) DEFAULT NULL,
  `DURATION_RATE` decimal(20,6) DEFAULT NULL,
  `SCALE_FACTOR` decimal(20,6) DEFAULT NULL,
  `ASSESS_FOWARDDATE` date DEFAULT NULL,
  `ASSESS_WARNDATE` date DEFAULT NULL,
  `STANDARD_ASSET` decimal(20,6) DEFAULT NULL,
  `ASSESS_YEAR` varchar(10) DEFAULT NULL,
  `ASSESS_MONTH` varchar(10) DEFAULT NULL,
  `ASSESS_UNIT` varchar(10) DEFAULT NULL,
  `ASSESS_STATUS` varchar(4) DEFAULT NULL,
  `ASSESS_COUNT` varchar(4) DEFAULT NULL,
  `RC_STATE` varchar(1) NOT NULL,
  `CREATE_DATE` datetime NOT NULL,
  `MODIFY_DATE` datetime NOT NULL,
  `OPER_COM_ID` bigint(20) NOT NULL,
  `CREATE_USER_ID` bigint(20) NOT NULL,
  `MODIFY_USER_ID` bigint(20) NOT NULL,
  PRIMARY KEY (`AGENT_ASSESS_ID`),
  KEY `FK_ASSESS_REF_ASSESS_INFO` (`AGENT_ASSESS_INFO_ID`) USING BTREE,
  CONSTRAINT `t_agent_assess_ibfk_1` FOREIGN KEY (`AGENT_ASSESS_INFO_ID`) REFERENCES `t_agent_assess_info` (`AGENT_ASSESS_INFO_ID`)
) ENGINE=InnoDB AUTO_INCREMENT=2 DEFAULT CHARSET=utf8;

-- ----------------------------
-- Records of t_agent_assess
-- ----------------------------
INSERT INTO `t_agent_assess` VALUES ('1', '1', '12', null, null, '231', null, '3159', null, null, '1328', 'CF0669', '贵州思州润峰建设有限责任公司2017年第二期定向融资计划06F', '1', '2017-06-14', '2017-06-12', '50000.000000', '1', '5.800000', null, '2017-06-21', '2017-06-14', '1000000.000000', '2017', '06', null, '01', null, 'E', '2017-09-11 10:19:28', '2017-09-11 10:19:30', '1', '1', '1');

-- ----------------------------
-- Table structure for t_agent_assess_info
-- ----------------------------
DROP TABLE IF EXISTS `t_agent_assess_info`;
CREATE TABLE `t_agent_assess_info` (
  `AGENT_ASSESS_INFO_ID` bigint(20) NOT NULL AUTO_INCREMENT,
  `ASSESS_SUM_ASSETS` decimal(20,6) DEFAULT NULL,
  `ASSESS_YEAR` varchar(10) DEFAULT NULL,
  `ASSESS_MONTH` varchar(10) DEFAULT NULL,
  `ASSESS_UNIT` varchar(10) DEFAULT NULL,
  `ASSESS_STATUS` varchar(4) DEFAULT NULL,
  `ASSESS_COUNT` varchar(4) DEFAULT NULL,
  `ASSESS_FOWARDDATE` date DEFAULT NULL,
  `ASSESS_WARNDATE` date DEFAULT NULL,
  `RC_STATE` varchar(2) NOT NULL,
  `CREATE_DATE` datetime NOT NULL,
  `MODIFY_DATE` datetime NOT NULL,
  `OPER_COM_ID` bigint(20) NOT NULL,
  `CREATE_USER_ID` bigint(20) NOT NULL,
  `MODIFY_USER_ID` bigint(20) NOT NULL,
  PRIMARY KEY (`AGENT_ASSESS_INFO_ID`)
) ENGINE=InnoDB AUTO_INCREMENT=3 DEFAULT CHARSET=utf8;

-- ----------------------------
-- Records of t_agent_assess_info
-- ----------------------------
INSERT INTO `t_agent_assess_info` VALUES ('1', null, '2017', '6', 'S', '1', '1', null, '2017-09-11', 'D', '2017-09-11 10:09:30', '2017-09-11 10:18:44', '1', '1', '1');
INSERT INTO `t_agent_assess_info` VALUES ('2', null, '2017', '6', 'S', '1', '2', null, '2017-09-11', 'E', '2017-09-11 10:18:44', '2017-09-11 10:18:44', '1', '1', '1');

-- ----------------------------
-- Table structure for t_agent_certification_info
-- ----------------------------
DROP TABLE IF EXISTS `t_agent_certification_info`;
CREATE TABLE `t_agent_certification_info` (
  `CERTIFICATION_ID` bigint(20) NOT NULL AUTO_INCREMENT,
  `AGENT_ID` bigint(20) DEFAULT NULL,
  `CERTIFICATION_TYPE` varchar(5) DEFAULT NULL,
  `CERTIFICATION_CODE` varchar(30) DEFAULT NULL,
  `RC_STATE` varchar(1) NOT NULL,
  `CREATE_DATE` datetime NOT NULL,
  `MODIFY_DATE` datetime NOT NULL,
  `OPER_COM_ID` bigint(20) NOT NULL,
  `CREATE_USER_ID` bigint(20) NOT NULL,
  `MODIFY_USER_ID` bigint(20) NOT NULL,
  PRIMARY KEY (`CERTIFICATION_ID`),
  KEY `FK_T_AGENT_REF_T_AGENT2` (`AGENT_ID`) USING BTREE,
  CONSTRAINT `t_agent_certification_info_ibfk_1` FOREIGN KEY (`AGENT_ID`) REFERENCES `t_agent` (`AGENT_ID`)
) ENGINE=InnoDB AUTO_INCREMENT=751 DEFAULT CHARSET=utf8;

-- ----------------------------
-- Records of t_agent_certification_info
-- ----------------------------
INSERT INTO `t_agent_certification_info` VALUES ('749', '231', '02', '99201972873623813', 'E', '2017-09-09 17:40:16', '2017-09-09 17:40:16', '1', '1', '1');
INSERT INTO `t_agent_certification_info` VALUES ('750', '232', '02', '', 'E', '2017-09-10 09:59:44', '2017-09-10 09:59:44', '1', '1', '1');

-- ----------------------------
-- Table structure for t_agent_department
-- ----------------------------
DROP TABLE IF EXISTS `t_agent_department`;
CREATE TABLE `t_agent_department` (
  `BLDEPARTMENT_ID` bigint(20) NOT NULL AUTO_INCREMENT,
  `AGENT_ID` bigint(20) DEFAULT NULL,
  `DEPARTMENT_ID` bigint(20) DEFAULT NULL,
  `START_DATE` date DEFAULT NULL,
  `END_DATE` date DEFAULT NULL,
  `MANAGER_FLAG` varchar(1) DEFAULT NULL,
  `RC_STATE` varchar(1) NOT NULL,
  `CREATE_DATE` datetime NOT NULL,
  `MODIFY_DATE` datetime NOT NULL,
  `OPER_COM_ID` bigint(20) NOT NULL,
  `CREATE_USER_ID` bigint(20) NOT NULL,
  `MODIFY_USER_ID` bigint(20) NOT NULL,
  `ISLEADER` varchar(4) DEFAULT NULL,
  PRIMARY KEY (`BLDEPARTMENT_ID`),
  KEY `FK_T_AGENT_REF_T_AGENT3` (`AGENT_ID`) USING BTREE,
  CONSTRAINT `t_agent_department_ibfk_1` FOREIGN KEY (`AGENT_ID`) REFERENCES `t_agent` (`AGENT_ID`)
) ENGINE=InnoDB AUTO_INCREMENT=783 DEFAULT CHARSET=utf8;

-- ----------------------------
-- Records of t_agent_department
-- ----------------------------
INSERT INTO `t_agent_department` VALUES ('781', '231', '20', '2017-09-06', null, null, 'E', '2017-09-09 17:40:16', '2017-09-09 17:40:16', '1', '1', '1', 'Y');
INSERT INTO `t_agent_department` VALUES ('782', '232', null, '2017-05-22', null, null, 'E', '2017-09-10 09:59:44', '2017-09-10 09:59:44', '1', '1', '1', 'N');

-- ----------------------------
-- Table structure for t_agent_family_info
-- ----------------------------
DROP TABLE IF EXISTS `t_agent_family_info`;
CREATE TABLE `t_agent_family_info` (
  `FAMILY_ID` bigint(20) NOT NULL AUTO_INCREMENT,
  `AGENT_ID` bigint(20) DEFAULT NULL,
  `MEMBER_NAME` varchar(20) DEFAULT NULL,
  `RELATION_TO_AGENT` varchar(2) DEFAULT NULL,
  `AGE` bigint(3) DEFAULT NULL,
  `OCCUPATION_CODE` varchar(20) DEFAULT NULL,
  `INCOME_VALUE` decimal(16,2) DEFAULT NULL,
  `MOBILE` varchar(20) DEFAULT NULL,
  `EMAIL` varchar(20) DEFAULT NULL,
  `QQ` varchar(20) DEFAULT NULL,
  `WECHAT` varchar(50) DEFAULT NULL,
  `RC_STATE` varchar(1) NOT NULL,
  `CREATE_DATE` datetime NOT NULL,
  `MODIFY_DATE` datetime NOT NULL,
  `OPER_COM_ID` bigint(20) NOT NULL,
  `CREATE_USER_ID` bigint(20) NOT NULL,
  `MODIFY_USER_ID` bigint(20) NOT NULL,
  PRIMARY KEY (`FAMILY_ID`),
  KEY `FK_T_AGENT_REF_T_AGENT4` (`AGENT_ID`) USING BTREE,
  CONSTRAINT `t_agent_family_info_ibfk_1` FOREIGN KEY (`AGENT_ID`) REFERENCES `t_agent` (`AGENT_ID`)
) ENGINE=InnoDB AUTO_INCREMENT=898 DEFAULT CHARSET=utf8;

-- ----------------------------
-- Records of t_agent_family_info
-- ----------------------------
INSERT INTO `t_agent_family_info` VALUES ('896', '231', '王涛', '10', '52', '04', null, '18238070122', '', '', '', 'E', '2017-09-09 17:40:16', '2017-09-09 17:40:16', '1', '1', '1');
INSERT INTO `t_agent_family_info` VALUES ('897', '232', '王函', '03', '35', '04', null, '', '', '', '', 'E', '2017-09-10 09:59:44', '2017-09-10 09:59:44', '1', '1', '1');

-- ----------------------------
-- Table structure for t_agent_nurser_info
-- ----------------------------
DROP TABLE IF EXISTS `t_agent_nurser_info`;
CREATE TABLE `t_agent_nurser_info` (
  `AGENT_NURSER_INFO_ID` bigint(20) NOT NULL AUTO_INCREMENT,
  `AGENT_ID` bigint(20) NOT NULL,
  `NURSER_AGENT_ID` bigint(20) DEFAULT NULL,
  `START_DATE` date DEFAULT NULL,
  `END_DATE` date DEFAULT NULL,
  `RC_STATE` varchar(1) NOT NULL,
  `CREATE_DATE` datetime NOT NULL,
  `MODIFY_DATE` datetime NOT NULL,
  `OPER_COM_ID` bigint(20) NOT NULL,
  `CREATE_USER_ID` bigint(20) NOT NULL,
  `MODIFY_USER_ID` bigint(20) NOT NULL,
  PRIMARY KEY (`AGENT_NURSER_INFO_ID`)
) ENGINE=InnoDB AUTO_INCREMENT=2 DEFAULT CHARSET=utf8;

-- ----------------------------
-- Records of t_agent_nurser_info
-- ----------------------------
INSERT INTO `t_agent_nurser_info` VALUES ('1', '232', '231', '2017-09-04', null, 'E', '2017-09-10 09:59:44', '2017-09-10 09:59:44', '1', '1', '1');

-- ----------------------------
-- Table structure for t_agent_other_info
-- ----------------------------
DROP TABLE IF EXISTS `t_agent_other_info`;
CREATE TABLE `t_agent_other_info` (
  `AGENT_OTHER_INFO_ID` bigint(20) NOT NULL AUTO_INCREMENT,
  `AGENT_ID` bigint(20) DEFAULT NULL,
  `CONTRACT_START_DATE` date DEFAULT NULL,
  `CONTRACT_END_DATE` date DEFAULT NULL,
  `HALFYEAR_TEST_RANK` varchar(10) DEFAULT NULL,
  `FINAL_TEST_RANK` varchar(10) DEFAULT NULL,
  `RC_STATE` varchar(1) DEFAULT NULL,
  `CREATE_DATE` datetime NOT NULL,
  `MODIFY_DATE` datetime NOT NULL,
  `OPER_COM_ID` bigint(20) NOT NULL,
  `CREATE_USER_ID` bigint(20) NOT NULL,
  `MODIFY_USER_ID` bigint(20) NOT NULL,
  PRIMARY KEY (`AGENT_OTHER_INFO_ID`)
) ENGINE=InnoDB AUTO_INCREMENT=470 DEFAULT CHARSET=utf8;

-- ----------------------------
-- Records of t_agent_other_info
-- ----------------------------
INSERT INTO `t_agent_other_info` VALUES ('468', '231', '2017-07-11', null, '', '', 'E', '2017-09-09 17:40:16', '2017-09-09 17:40:16', '1', '1', '1');
INSERT INTO `t_agent_other_info` VALUES ('469', '232', null, null, '', '', 'E', '2017-09-10 09:59:44', '2017-09-10 09:59:44', '1', '1', '1');

-- ----------------------------
-- Table structure for t_agent_performance_info
-- ----------------------------
DROP TABLE IF EXISTS `t_agent_performance_info`;
CREATE TABLE `t_agent_performance_info` (
  `AGENT_PERFORMANCE_INFO_ID` bigint(20) NOT NULL AUTO_INCREMENT,
  `AGENT_ID` bigint(20) DEFAULT NULL,
  `TEST_YEAR` varchar(20) DEFAULT NULL,
  `HALFYEAR_TEST_RANK` varchar(10) DEFAULT NULL,
  `FINAL_TEST_RANK` varchar(10) DEFAULT NULL,
  `FINAL_TEST_RANKING` varchar(10) DEFAULT NULL,
  `RC_STATE` varchar(1) DEFAULT NULL,
  `CREATE_DATE` datetime NOT NULL,
  `MODIFY_DATE` datetime NOT NULL,
  `OPER_COM_ID` bigint(20) NOT NULL,
  `CREATE_USER_ID` bigint(20) NOT NULL,
  `MODIFY_USER_ID` bigint(20) NOT NULL,
  PRIMARY KEY (`AGENT_PERFORMANCE_INFO_ID`)
) ENGINE=InnoDB DEFAULT CHARSET=utf8;

-- ----------------------------
-- Records of t_agent_performance_info
-- ----------------------------

-- ----------------------------
-- Table structure for t_agent_position_info
-- ----------------------------
DROP TABLE IF EXISTS `t_agent_position_info`;
CREATE TABLE `t_agent_position_info` (
  `POSITONCODE` varchar(4) NOT NULL,
  `GRADECODE` varchar(4) DEFAULT NULL,
  `MANAGERATE` decimal(10,3) DEFAULT NULL
) ENGINE=InnoDB DEFAULT CHARSET=utf8;

-- ----------------------------
-- Records of t_agent_position_info
-- ----------------------------

-- ----------------------------
-- Table structure for t_agent_position_trace
-- ----------------------------
DROP TABLE IF EXISTS `t_agent_position_trace`;
CREATE TABLE `t_agent_position_trace` (
  `BLPOSITION_ID` bigint(20) NOT NULL AUTO_INCREMENT,
  `AGENT_ID` bigint(20) DEFAULT NULL,
  `POSITION_CODE` varchar(20) DEFAULT NULL,
  `GRADE_CODE` varchar(20) DEFAULT NULL,
  `START_DATE` date DEFAULT NULL,
  `END_DATE` date DEFAULT NULL,
  `RC_STATE` varchar(1) NOT NULL,
  `CREATE_DATE` datetime NOT NULL,
  `MODIFY_DATE` datetime NOT NULL,
  `OPER_COM_ID` bigint(20) NOT NULL,
  `CREATE_USER_ID` bigint(20) NOT NULL,
  `MODIFY_USER_ID` bigint(20) NOT NULL,
  PRIMARY KEY (`BLPOSITION_ID`),
  KEY `FK_T_AGENT_REF_T_AGENT5` (`AGENT_ID`) USING BTREE,
  CONSTRAINT `t_agent_position_trace_ibfk_1` FOREIGN KEY (`AGENT_ID`) REFERENCES `t_agent` (`AGENT_ID`)
) ENGINE=InnoDB AUTO_INCREMENT=696 DEFAULT CHARSET=utf8;

-- ----------------------------
-- Records of t_agent_position_trace
-- ----------------------------
INSERT INTO `t_agent_position_trace` VALUES ('694', '231', '01', '02', '2017-05-08', null, 'E', '2017-09-09 17:40:16', '2017-09-09 17:40:16', '1', '1', '1');
INSERT INTO `t_agent_position_trace` VALUES ('695', '232', '02', '', '2017-04-03', null, 'E', '2017-09-10 09:59:44', '2017-09-10 09:59:44', '1', '1', '1');

-- ----------------------------
-- Table structure for t_agent_store
-- ----------------------------
DROP TABLE IF EXISTS `t_agent_store`;
CREATE TABLE `t_agent_store` (
  `BELONG_STORE_ID` bigint(20) NOT NULL AUTO_INCREMENT,
  `AGENT_ID` bigint(20) DEFAULT NULL,
  `STORE_ID` bigint(20) DEFAULT NULL,
  `START_DATE` date DEFAULT NULL,
  `END_DATE` date DEFAULT NULL,
  `MANAGER_FLAG` varchar(1) DEFAULT NULL,
  `RC_STATE` varchar(1) NOT NULL,
  `CREATE_DATE` datetime NOT NULL,
  `MODIFY_DATE` datetime NOT NULL,
  `OPER_COM_ID` bigint(20) NOT NULL,
  `CREATE_USER_ID` bigint(20) NOT NULL,
  `MODIFY_USER_ID` bigint(20) NOT NULL,
  PRIMARY KEY (`BELONG_STORE_ID`),
  KEY `FK_T_AGENT_REF_T_AGENT1` (`AGENT_ID`) USING BTREE,
  CONSTRAINT `t_agent_store_ibfk_1` FOREIGN KEY (`AGENT_ID`) REFERENCES `t_agent` (`AGENT_ID`)
) ENGINE=InnoDB DEFAULT CHARSET=utf8;

-- ----------------------------
-- Records of t_agent_store
-- ----------------------------

-- ----------------------------
-- Table structure for t_agent_wage
-- ----------------------------
DROP TABLE IF EXISTS `t_agent_wage`;
CREATE TABLE `t_agent_wage` (
  `AGENT_WAGE_CAL_ID` bigint(20) NOT NULL AUTO_INCREMENT,
  `TRADEINFO_ID` varchar(50) DEFAULT NULL,
  `BUSS_NO` varchar(50) DEFAULT NULL,
  `AGENT_ID` bigint(20) DEFAULT NULL,
  `TRADE_TYPE` varchar(5) DEFAULT NULL,
  `OCCUPATION_COM_CODE` varchar(50) DEFAULT NULL,
  `OCCUPATION_COM_NAME` varchar(50) DEFAULT NULL,
  `PRODUCT_CODE` varchar(10) DEFAULT NULL,
  `PRODUCT_NAME` varchar(100) DEFAULT NULL,
  `COM_ID` bigint(20) DEFAULT NULL,
  `STORE_ID` bigint(20) DEFAULT NULL,
  `CUSTOMER_ID` bigint(20) DEFAULT NULL,
  `TRADE_MONEY` decimal(20,6) DEFAULT NULL,
  `WAGE_VALUE` decimal(20,6) DEFAULT NULL,
  `WAGE_STATE` varchar(2) DEFAULT NULL,
  `PAY_STATE` varchar(2) DEFAULT NULL,
  `TRADE_DATE` date DEFAULT NULL,
  `CAL_YEAR` varchar(4) DEFAULT NULL,
  `CAL_MONTH` varchar(2) DEFAULT NULL,
  `RC_STATE` varchar(1) NOT NULL,
  `CREATE_DATE` datetime NOT NULL,
  `MODIFY_DATE` datetime NOT NULL,
  `OPER_COM_ID` bigint(20) NOT NULL,
  `CREATE_USER_ID` bigint(20) NOT NULL,
  `MODIFY_USER_ID` bigint(20) NOT NULL,
  `STANDARD_PREM` decimal(20,6) DEFAULT NULL,
  `STANDARD_ASSET` decimal(20,6) DEFAULT NULL,
  `SETTLE_STATUS` varchar(4) DEFAULT NULL,
  `DEPARTMENT_ID` bigint(20) DEFAULT NULL,
  `BONUS_RATE` decimal(20,6) DEFAULT NULL,
  `SCALE_RATE` decimal(20,6) DEFAULT NULL,
  `WAGE_COUNT` varchar(4) DEFAULT NULL,
  `AGENT_WAGE_INFO_ID` bigint(20) NOT NULL,
  `SETTLE_DATE` date DEFAULT NULL,
  `FORWARD_DATE` date DEFAULT NULL,
  PRIMARY KEY (`AGENT_WAGE_CAL_ID`),
  KEY `FK_AGENT_WAGE_INFO_ID` (`AGENT_WAGE_INFO_ID`) USING BTREE,
  CONSTRAINT `t_agent_wage_ibfk_1` FOREIGN KEY (`AGENT_WAGE_INFO_ID`) REFERENCES `t_agent_wage_info` (`AGENT_WAGE_INFO_ID`)
) ENGINE=InnoDB AUTO_INCREMENT=2 DEFAULT CHARSET=utf8;

-- ----------------------------
-- Records of t_agent_wage
-- ----------------------------
INSERT INTO `t_agent_wage` VALUES ('1', '3159', '3159', '231', '1', '12', '', 'CF0669', '贵州思州润峰建设有限责任公司2017年第二期定向融资计划06F', '12', null, null, '50000.000000', '989.000000', '01', null, '2017-07-20', '2017', '06', 'E', '2017-09-11 10:27:12', '2017-09-11 10:27:15', '1', '1', '1', '48000.000000', '48000.000000', '01', '20', '0.900000', null, '1', '7', null, null);

-- ----------------------------
-- Table structure for t_agent_wage_assess_log
-- ----------------------------
DROP TABLE IF EXISTS `t_agent_wage_assess_log`;
CREATE TABLE `t_agent_wage_assess_log` (
  `LOG_ID` bigint(20) NOT NULL AUTO_INCREMENT,
  `BUSINESS_NO` bigint(20) NOT NULL,
  `CAL_TYPE` varchar(50) NOT NULL,
  `TRADE_INFO_ID` varchar(5) NOT NULL,
  `ERROR_MSG` varchar(500) DEFAULT NULL,
  `CAL_YEAR` varchar(4) DEFAULT NULL,
  `CAL_MONTH` varchar(4) DEFAULT NULL,
  `RC_STATE` varchar(1) NOT NULL,
  `CREATE_DATE` datetime NOT NULL,
  `MODIFY_DATE` datetime NOT NULL,
  `OPER_COM_ID` bigint(20) NOT NULL,
  `CREATE_USER_ID` bigint(20) NOT NULL,
  `MODIFY_USER_ID` bigint(20) NOT NULL,
  PRIMARY KEY (`LOG_ID`)
) ENGINE=InnoDB DEFAULT CHARSET=utf8;

-- ----------------------------
-- Records of t_agent_wage_assess_log
-- ----------------------------

-- ----------------------------
-- Table structure for t_agent_wage_info
-- ----------------------------
DROP TABLE IF EXISTS `t_agent_wage_info`;
CREATE TABLE `t_agent_wage_info` (
  `AGENT_WAGE_INFO_ID` bigint(20) NOT NULL AUTO_INCREMENT,
  `CAL_YEAR` varchar(4) DEFAULT NULL,
  `CAL_MONTH` varchar(2) DEFAULT NULL,
  `STATE` varchar(2) DEFAULT NULL,
  `RC_STATE` varchar(1) NOT NULL,
  `CREATE_DATE` datetime NOT NULL,
  `MODIFY_DATE` datetime NOT NULL,
  `OPER_COM_ID` bigint(20) NOT NULL,
  `CREATE_USER_ID` bigint(20) NOT NULL,
  `MODIFY_USER_ID` bigint(20) NOT NULL,
  `SETTLE_DATE` date DEFAULT NULL,
  `FORWARD_DATE` date DEFAULT NULL,
  `WAGE_SUM_MONEY` decimal(20,6) DEFAULT NULL,
  `WAGE_COUNT` varchar(4) DEFAULT NULL,
  PRIMARY KEY (`AGENT_WAGE_INFO_ID`)
) ENGINE=InnoDB AUTO_INCREMENT=8 DEFAULT CHARSET=utf8;

-- ----------------------------
-- Records of t_agent_wage_info
-- ----------------------------
INSERT INTO `t_agent_wage_info` VALUES ('7', '2017', '06', '1', 'E', '2017-09-11 10:03:39', '2017-09-11 10:03:39', '1', '1', '1', '2017-09-11', null, null, null);

-- ----------------------------
-- Table structure for t_agent_work_info
-- ----------------------------
DROP TABLE IF EXISTS `t_agent_work_info`;
CREATE TABLE `t_agent_work_info` (
  `AGENT_WORK_INFO_ID` bigint(20) NOT NULL AUTO_INCREMENT,
  `AGENT_ID` bigint(20) DEFAULT NULL,
  `OCCUPATION` varchar(2) DEFAULT NULL,
  `SUB_OCCUPATION` varchar(2) DEFAULT NULL,
  `DUTIES` varchar(2) DEFAULT NULL,
  `RANK` varchar(2) DEFAULT NULL,
  `START_DATE` date DEFAULT NULL,
  `END_DATE` date DEFAULT NULL,
  `RC_STATE` varchar(1) NOT NULL,
  `CREATE_DATE` datetime NOT NULL,
  `MODIFY_DATE` datetime NOT NULL,
  `OPER_COM_ID` bigint(20) NOT NULL,
  `CREATE_USER_ID` bigint(20) NOT NULL,
  `MODIFY_USER_ID` bigint(20) NOT NULL,
  `ORG_COMPANY_NAME` varchar(50) DEFAULT NULL,
  `POST` varchar(50) DEFAULT NULL,
  PRIMARY KEY (`AGENT_WORK_INFO_ID`)
) ENGINE=InnoDB AUTO_INCREMENT=389 DEFAULT CHARSET=utf8;

-- ----------------------------
-- Records of t_agent_work_info
-- ----------------------------
INSERT INTO `t_agent_work_info` VALUES ('387', '231', '01', '03', '02', '09', '2017-07-13', null, 'E', '2017-09-09 17:40:16', '2017-09-09 17:40:16', '1', '1', '1', null, null);
INSERT INTO `t_agent_work_info` VALUES ('388', '232', '01', '05', '02', '09', '2017-06-22', null, 'E', '2017-09-10 09:59:44', '2017-09-10 09:59:44', '1', '1', '1', null, null);

-- ----------------------------
-- Table structure for t_basic_law
-- ----------------------------
DROP TABLE IF EXISTS `t_basic_law`;
CREATE TABLE `t_basic_law` (
  `BASIC_LAW_ID` bigint(20) NOT NULL AUTO_INCREMENT,
  `VERSION_CODE` varchar(50) DEFAULT NULL,
  `VERSION_NAME` varchar(100) DEFAULT NULL,
  `EXEC_STATE` varchar(5) DEFAULT NULL,
  `EXEC_STARTDATE` date DEFAULT NULL,
  `EXEC_ENDDATE` date DEFAULT NULL,
  `RC_STATE` varchar(1) NOT NULL,
  `CREATE_DATE` datetime NOT NULL,
  `MODIFY_DATE` datetime NOT NULL,
  `OPER_COM_ID` bigint(20) NOT NULL,
  `CREATE_USER_ID` bigint(20) NOT NULL,
  `MODIFY_USER_ID` bigint(20) NOT NULL,
  PRIMARY KEY (`BASIC_LAW_ID`)
) ENGINE=InnoDB AUTO_INCREMENT=2 DEFAULT CHARSET=utf8;

-- ----------------------------
-- Records of t_basic_law
-- ----------------------------
INSERT INTO `t_basic_law` VALUES ('1', 'JBF001', '基本法1.01版本', '1', '2015-06-10', null, 'E', '2017-09-11 09:50:23', '2017-09-11 09:50:23', '1', '1', '1');

-- ----------------------------
-- Table structure for t_basic_law_assess
-- ----------------------------
DROP TABLE IF EXISTS `t_basic_law_assess`;
CREATE TABLE `t_basic_law_assess` (
  `BASIC_LAW_ASSESS_ID` bigint(20) NOT NULL AUTO_INCREMENT,
  `BASIC_LAW_ID` bigint(20) DEFAULT NULL,
  `PRODUCT_ID` bigint(20) DEFAULT NULL,
  `PARAM` varchar(30) DEFAULT NULL,
  `PARAM_UPPER` decimal(16,2) DEFAULT NULL,
  `PARAM_LOWER` decimal(16,2) DEFAULT NULL,
  `PARAM_UNIT` varchar(5) DEFAULT NULL,
  `DURATION_RATE` decimal(12,2) DEFAULT NULL,
  `EXEC_START_DATE` date DEFAULT NULL,
  `EXEC_END_DATE` date DEFAULT NULL,
  `EXEC_STATE` varchar(5) DEFAULT NULL,
  `RC_STATE` varchar(1) NOT NULL,
  `CREATE_DATE` datetime NOT NULL,
  `MODIFY_DATE` datetime NOT NULL,
  `OPER_COM_ID` bigint(20) NOT NULL,
  `CREATE_USER_ID` bigint(20) NOT NULL,
  `MODIFY_USER_ID` bigint(20) NOT NULL,
  PRIMARY KEY (`BASIC_LAW_ASSESS_ID`),
  KEY `FK_T_BASIC_REF_T_BASIC_1` (`BASIC_LAW_ID`) USING BTREE,
  CONSTRAINT `t_basic_law_assess_ibfk_1` FOREIGN KEY (`BASIC_LAW_ID`) REFERENCES `t_basic_law` (`BASIC_LAW_ID`)
) ENGINE=InnoDB AUTO_INCREMENT=2 DEFAULT CHARSET=utf8;

-- ----------------------------
-- Records of t_basic_law_assess
-- ----------------------------
INSERT INTO `t_basic_law_assess` VALUES ('1', '1', '1514', 'duration', null, '0.00', 'Y', '1.00', '2016-08-09', null, '1', 'E', '2017-09-11 09:51:51', '2017-09-11 09:51:51', '1', '1', '1');

-- ----------------------------
-- Table structure for t_basic_law_ins
-- ----------------------------
DROP TABLE IF EXISTS `t_basic_law_ins`;
CREATE TABLE `t_basic_law_ins` (
  `BASIC_LAW_INS_ID` bigint(20) NOT NULL AUTO_INCREMENT,
  `BASIC_LAW_ID` bigint(20) DEFAULT NULL,
  `PRODUCT_ID` bigint(20) DEFAULT NULL,
  `PREMIUM_UPPER` decimal(16,2) DEFAULT NULL,
  `PREMIUM_LOWER` decimal(16,2) DEFAULT NULL,
  `POLICY_YEAR` bigint(5) DEFAULT NULL,
  `BONUS_RATE` decimal(20,6) DEFAULT NULL,
  `EXEC_START_DATE` date DEFAULT NULL,
  `EXEC_END_DATE` date DEFAULT NULL,
  `EXEC_STATE` varchar(5) DEFAULT NULL,
  `RC_STATE` varchar(1) NOT NULL,
  `CREATE_DATE` datetime NOT NULL,
  `MODIFY_DATE` datetime NOT NULL,
  `OPER_COM_ID` bigint(20) NOT NULL,
  `CREATE_USER_ID` bigint(20) NOT NULL,
  `MODIFY_USER_ID` bigint(20) NOT NULL,
  PRIMARY KEY (`BASIC_LAW_INS_ID`),
  KEY `FK_T_BASIC_REF_T_BASIC_2` (`BASIC_LAW_ID`) USING BTREE,
  CONSTRAINT `t_basic_law_ins_ibfk_1` FOREIGN KEY (`BASIC_LAW_ID`) REFERENCES `t_basic_law` (`BASIC_LAW_ID`)
) ENGINE=InnoDB DEFAULT CHARSET=utf8;

-- ----------------------------
-- Records of t_basic_law_ins
-- ----------------------------

-- ----------------------------
-- Table structure for t_basic_law_wealth
-- ----------------------------
DROP TABLE IF EXISTS `t_basic_law_wealth`;
CREATE TABLE `t_basic_law_wealth` (
  `BASIC_LAW_WEALTH_ID` bigint(20) NOT NULL AUTO_INCREMENT,
  `BASIC_LAW_ID` bigint(20) DEFAULT NULL,
  `PRODUCT_ID` bigint(20) DEFAULT NULL,
  `EXEC_STATE` varchar(5) DEFAULT NULL,
  `SUBSCRIPTION_FEE_UPPER` decimal(12,2) DEFAULT NULL,
  `SUBSCRIPTION_FEE_LOWER` decimal(12,2) DEFAULT NULL,
  `BONUS_RATE` decimal(16,6) DEFAULT NULL,
  `EXEC_START_DATE` date DEFAULT NULL,
  `EXEC_END_DATE` date DEFAULT NULL,
  `RC_STATE` varchar(1) NOT NULL,
  `CREATE_DATE` datetime NOT NULL,
  `MODIFY_DATE` datetime NOT NULL,
  `OPER_COM_ID` bigint(20) NOT NULL,
  `CREATE_USER_ID` bigint(20) NOT NULL,
  `MODIFY_USER_ID` bigint(20) NOT NULL,
  PRIMARY KEY (`BASIC_LAW_WEALTH_ID`),
  KEY `FK_T_BASIC_REF_T_BASIC_3` (`BASIC_LAW_ID`) USING BTREE,
  CONSTRAINT `t_basic_law_wealth_ibfk_1` FOREIGN KEY (`BASIC_LAW_ID`) REFERENCES `t_basic_law` (`BASIC_LAW_ID`)
) ENGINE=InnoDB AUTO_INCREMENT=2 DEFAULT CHARSET=utf8;

-- ----------------------------
-- Records of t_basic_law_wealth
-- ----------------------------
INSERT INTO `t_basic_law_wealth` VALUES ('1', '1', '1514', '1', null, '50000.00', '0.800000', '2016-09-16', null, 'E', '2017-09-11 09:51:51', '2017-09-11 09:51:51', '1', '1', '1');

-- ----------------------------
-- Table structure for t_basic_law_yb
-- ----------------------------
DROP TABLE IF EXISTS `t_basic_law_yb`;
CREATE TABLE `t_basic_law_yb` (
  `BASIC_LAW_YB_BONUS_RATE_ID` bigint(20) NOT NULL AUTO_INCREMENT,
  `BASIC_LAW_ID` bigint(20) DEFAULT NULL,
  `PRODUCT_ID` bigint(20) DEFAULT NULL,
  `PAYMENT_PERIOD` bigint(12) DEFAULT NULL,
  `PAYMENT_UNIT` varchar(5) DEFAULT NULL,
  `POLICY_YEAR` bigint(5) DEFAULT NULL,
  `BONUS_RATE` decimal(12,2) DEFAULT NULL,
  `EXEC_START_DATE` date DEFAULT NULL,
  `EXEC_END_DATE` date DEFAULT NULL,
  `EXEC_STATE` varchar(5) DEFAULT NULL,
  `RC_STATE` varchar(1) NOT NULL,
  `CREATE_DATE` datetime NOT NULL,
  `MODIFY_DATE` datetime NOT NULL,
  `OPER_COM_ID` bigint(20) NOT NULL,
  `CREATE_USER_ID` bigint(20) NOT NULL,
  `MODIFY_USER_ID` bigint(20) NOT NULL,
  PRIMARY KEY (`BASIC_LAW_YB_BONUS_RATE_ID`),
  KEY `FK_T_BASIC_REF_T_BASIC_4` (`BASIC_LAW_ID`) USING BTREE,
  CONSTRAINT `t_basic_law_yb_ibfk_1` FOREIGN KEY (`BASIC_LAW_ID`) REFERENCES `t_basic_law` (`BASIC_LAW_ID`)
) ENGINE=InnoDB DEFAULT CHARSET=utf8;

-- ----------------------------
-- Records of t_basic_law_yb
-- ----------------------------

-- ----------------------------
-- Table structure for t_cal_mode
-- ----------------------------
DROP TABLE IF EXISTS `t_cal_mode`;
CREATE TABLE `t_cal_mode` (
  `CAL_ID` int(20) NOT NULL AUTO_INCREMENT,
  `CAL_CODE` varchar(20) NOT NULL,
  `CAL_TYPE` varchar(4) NOT NULL,
  `CAL_NAME` varchar(120) DEFAULT NULL,
  `CAL_SQL` varchar(4000) DEFAULT NULL,
  `REMARK` varchar(500) DEFAULT NULL,
  PRIMARY KEY (`CAL_ID`)
) ENGINE=InnoDB DEFAULT CHARSET=utf8;

-- ----------------------------
-- Records of t_cal_mode
-- ----------------------------

-- ----------------------------
-- Table structure for t_company_news_info
-- ----------------------------
DROP TABLE IF EXISTS `t_company_news_info`;
CREATE TABLE `t_company_news_info` (
  `COMPANY_NEWS_INFO_ID` bigint(20) NOT NULL AUTO_INCREMENT,
  `TITLE` varchar(300) NOT NULL,
  `CONTENT` text,
  `RESOURCE` varchar(300) DEFAULT NULL,
  `RC_STATE` varchar(1) DEFAULT NULL,
  `CREATE_DATE` datetime NOT NULL,
  `MODIFY_DATE` datetime NOT NULL,
  `OPER_COM_ID` bigint(20) NOT NULL,
  `CREATE_USER_ID` bigint(20) NOT NULL,
  `MODIFY_USER_ID` bigint(20) NOT NULL,
  PRIMARY KEY (`COMPANY_NEWS_INFO_ID`)
) ENGINE=InnoDB DEFAULT CHARSET=utf8;

-- ----------------------------
-- Records of t_company_news_info
-- ----------------------------

-- ----------------------------
-- Table structure for t_company_policy_info
-- ----------------------------
DROP TABLE IF EXISTS `t_company_policy_info`;
CREATE TABLE `t_company_policy_info` (
  `COMPANY_POLICY_INFO_ID` bigint(20) NOT NULL AUTO_INCREMENT,
  `TITLE` varchar(300) NOT NULL,
  `CONTENT` text,
  `RESOURCE` varchar(300) DEFAULT NULL,
  `RC_STATE` varchar(1) DEFAULT NULL,
  `CREATE_DATE` datetime NOT NULL,
  `MODIFY_DATE` datetime NOT NULL,
  `OPER_COM_ID` bigint(20) NOT NULL,
  `CREATE_USER_ID` bigint(20) NOT NULL,
  `MODIFY_USER_ID` bigint(20) NOT NULL,
  PRIMARY KEY (`COMPANY_POLICY_INFO_ID`)
) ENGINE=InnoDB DEFAULT CHARSET=utf8;

-- ----------------------------
-- Records of t_company_policy_info
-- ----------------------------

-- ----------------------------
-- Table structure for t_company_roster_info
-- ----------------------------
DROP TABLE IF EXISTS `t_company_roster_info`;
CREATE TABLE `t_company_roster_info` (
  `COMPANY_ROSTER_INFO_ID` bigint(20) NOT NULL AUTO_INCREMENT,
  `CHN_NAME` varchar(50) NOT NULL,
  `MOBILE` varchar(50) DEFAULT NULL,
  `TELEPHONE` varchar(50) DEFAULT NULL,
  `EMAIL` varchar(50) DEFAULT NULL,
  `FAX` varchar(50) DEFAULT NULL COMMENT '传真',
  `FILIALE` varchar(50) DEFAULT NULL,
  `DEPARTMENT` varchar(50) NOT NULL COMMENT '部门',
  `POST` varchar(50) DEFAULT NULL COMMENT '岗位',
  `RC_STATE` varchar(1) DEFAULT NULL,
  `CREATE_DATE` datetime NOT NULL,
  `MODIFY_DATE` datetime NOT NULL,
  `OPER_COM_ID` bigint(20) NOT NULL,
  `CREATE_USER_ID` bigint(20) NOT NULL,
  `MODIFY_USER_ID` bigint(20) NOT NULL,
  PRIMARY KEY (`COMPANY_ROSTER_INFO_ID`)
) ENGINE=InnoDB DEFAULT CHARSET=utf8;

-- ----------------------------
-- Records of t_company_roster_info
-- ----------------------------

-- ----------------------------
-- Table structure for t_com_belong_trace
-- ----------------------------
DROP TABLE IF EXISTS `t_com_belong_trace`;
CREATE TABLE `t_com_belong_trace` (
  `BLCOM_ID` bigint(20) NOT NULL AUTO_INCREMENT,
  `COM_ID` bigint(20) DEFAULT NULL,
  `BELONG_COM_ID` bigint(20) DEFAULT NULL,
  `START_DATE` date DEFAULT NULL,
  `END_DATE` date DEFAULT NULL,
  `RC_STATE` varchar(1) NOT NULL,
  `CREATE_DATE` datetime NOT NULL,
  `MODIFY_DATE` datetime NOT NULL,
  `OPER_COM_ID` bigint(20) NOT NULL,
  `CREATE_USER_ID` bigint(20) NOT NULL,
  `MODIFY_USER_ID` bigint(20) NOT NULL,
  PRIMARY KEY (`BLCOM_ID`)
) ENGINE=InnoDB DEFAULT CHARSET=utf8;

-- ----------------------------
-- Records of t_com_belong_trace
-- ----------------------------

-- ----------------------------
-- Table structure for t_cust_acc_info
-- ----------------------------
DROP TABLE IF EXISTS `t_cust_acc_info`;
CREATE TABLE `t_cust_acc_info` (
  `CUST_ACC_INFO_ID` bigint(20) NOT NULL AUTO_INCREMENT,
  `CUST_BASE_INFO_ID` bigint(20) DEFAULT NULL,
  `BANK_CODE` varchar(100) DEFAULT NULL,
  `BANK_ACC_NO` varchar(40) DEFAULT NULL,
  `ACC_NAME` varchar(60) DEFAULT NULL,
  `AGENT_ID` bigint(20) DEFAULT NULL,
  `RC_STATE` varchar(1) NOT NULL,
  `CREATE_DATE` datetime NOT NULL,
  `MODIFY_DATE` datetime NOT NULL,
  `OPER_COM_ID` bigint(20) NOT NULL,
  `CREATE_USER_ID` bigint(20) NOT NULL,
  `MODIFY_USER_ID` bigint(20) NOT NULL,
  `BRANCH_BANK_NAME` varchar(80) DEFAULT NULL,
  PRIMARY KEY (`CUST_ACC_INFO_ID`),
  KEY `FK_T_CUST_A_REF_T_CUST_1` (`CUST_BASE_INFO_ID`) USING BTREE,
  CONSTRAINT `t_cust_acc_info_ibfk_1` FOREIGN KEY (`CUST_BASE_INFO_ID`) REFERENCES `t_cust_base_info` (`CUST_BASE_INFO_ID`)
) ENGINE=InnoDB AUTO_INCREMENT=1711 DEFAULT CHARSET=utf8;

-- ----------------------------
-- Records of t_cust_acc_info
-- ----------------------------
INSERT INTO `t_cust_acc_info` VALUES ('1706', '1325', '100027', '6227002432010448898', '王诺', '231', 'E', '2017-09-09 17:53:05', '2017-09-09 17:53:05', '12', '154', '154', '东城区分行');
INSERT INTO `t_cust_acc_info` VALUES ('1707', '1326', '100003', '3321009822762233499', '李文', '231', 'E', '2017-09-10 09:46:07', '2017-09-10 09:46:07', '12', '154', '154', '上城区分行');
INSERT INTO `t_cust_acc_info` VALUES ('1708', '1327', '100001', '33219872077762213', '张清', '232', 'E', '2017-09-10 10:10:04', '2017-09-10 10:10:04', '12', '156', '156', '卢湾区分行');
INSERT INTO `t_cust_acc_info` VALUES ('1709', '1328', '100007', '6223554332888233', '王倩倩', '232', 'D', '2017-09-10 10:54:23', '2017-09-10 10:54:51', '12', '156', '156', '路南区分行');
INSERT INTO `t_cust_acc_info` VALUES ('1710', '1328', '100007', '6223554332888233', '王倩倩', '232', 'E', '2017-09-10 10:54:50', '2017-09-10 10:54:50', '12', '156', '156', '路南区分行');

-- ----------------------------
-- Table structure for t_cust_address_info
-- ----------------------------
DROP TABLE IF EXISTS `t_cust_address_info`;
CREATE TABLE `t_cust_address_info` (
  `CUST_ADDRESS_INFO_ID` bigint(20) NOT NULL AUTO_INCREMENT,
  `CUST_BASE_INFO_ID` bigint(20) DEFAULT NULL,
  `ADDRESS_TYPE` varchar(2) DEFAULT NULL,
  `PROVINCE` varchar(20) DEFAULT NULL,
  `CITY` varchar(20) DEFAULT NULL,
  `COUNTRY` varchar(40) DEFAULT NULL,
  `STREET` varchar(100) DEFAULT NULL,
  `ZIP_CODE` varchar(6) DEFAULT NULL,
  `PHONE` varchar(20) DEFAULT NULL,
  `MOBILE` varchar(20) DEFAULT NULL,
  `EMAIL` varchar(50) DEFAULT NULL,
  `QQ` varchar(20) DEFAULT NULL,
  `WECHAT` varchar(50) DEFAULT NULL,
  `AGENT_ID` bigint(20) DEFAULT NULL,
  `RC_STATE` varchar(1) NOT NULL,
  `CREATE_DATE` datetime NOT NULL,
  `MODIFY_DATE` datetime NOT NULL,
  `OPER_COM_ID` bigint(20) NOT NULL,
  `CREATE_USER_ID` bigint(20) NOT NULL,
  `MODIFY_USER_ID` bigint(20) NOT NULL,
  PRIMARY KEY (`CUST_ADDRESS_INFO_ID`)
) ENGINE=InnoDB AUTO_INCREMENT=1492 DEFAULT CHARSET=utf8;

-- ----------------------------
-- Records of t_cust_address_info
-- ----------------------------
INSERT INTO `t_cust_address_info` VALUES ('1487', '1325', '02', '110000', '110100', '110101', '东城区一路', '', null, null, null, null, null, '231', 'E', '2017-09-09 17:53:05', '2017-09-09 17:53:05', '12', '154', '154');
INSERT INTO `t_cust_address_info` VALUES ('1488', '1326', '02', '330000', '330100', '330102', '留下街道', '', null, null, null, null, null, '231', 'E', '2017-09-10 09:46:07', '2017-09-10 09:46:07', '12', '154', '154');
INSERT INTO `t_cust_address_info` VALUES ('1489', '1327', '01', '310000', '310100', '310103', '西藏南路', '', null, null, null, null, null, '232', 'E', '2017-09-10 10:10:04', '2017-09-10 10:10:04', '12', '156', '156');
INSERT INTO `t_cust_address_info` VALUES ('1490', '1328', '01', '130000', '130200', '130202', '路南街道', '', null, null, null, null, null, '232', 'D', '2017-09-10 10:54:23', '2017-09-10 10:54:50', '12', '156', '156');
INSERT INTO `t_cust_address_info` VALUES ('1491', '1328', '01', '130000', '130200', '130202', '路南街道', '', null, null, null, null, null, '232', 'E', '2017-09-10 10:54:50', '2017-09-10 10:54:50', '12', '156', '156');

-- ----------------------------
-- Table structure for t_cust_asset_info
-- ----------------------------
DROP TABLE IF EXISTS `t_cust_asset_info`;
CREATE TABLE `t_cust_asset_info` (
  `CUST_ASSET_INFO_ID` bigint(20) NOT NULL AUTO_INCREMENT,
  `CUST_BASE_INFO_ID` bigint(20) DEFAULT NULL,
  `ASSET_CODE` varchar(2) DEFAULT NULL,
  `PERCENT` decimal(12,2) DEFAULT NULL,
  `AGENT_ID` bigint(20) DEFAULT NULL,
  `RC_STATE` varchar(1) NOT NULL,
  `CREATE_DATE` datetime NOT NULL,
  `MODIFY_DATE` datetime NOT NULL,
  `OPER_COM_ID` bigint(20) NOT NULL,
  `CREATE_USER_ID` bigint(20) NOT NULL,
  `MODIFY_USER_ID` bigint(20) NOT NULL,
  PRIMARY KEY (`CUST_ASSET_INFO_ID`),
  KEY `FK_T_CUST_A_REF_T_CUST_3` (`CUST_BASE_INFO_ID`) USING BTREE,
  CONSTRAINT `t_cust_asset_info_ibfk_1` FOREIGN KEY (`CUST_BASE_INFO_ID`) REFERENCES `t_cust_base_info` (`CUST_BASE_INFO_ID`)
) ENGINE=InnoDB DEFAULT CHARSET=utf8;

-- ----------------------------
-- Records of t_cust_asset_info
-- ----------------------------

-- ----------------------------
-- Table structure for t_cust_base_info
-- ----------------------------
DROP TABLE IF EXISTS `t_cust_base_info`;
CREATE TABLE `t_cust_base_info` (
  `CUST_BASE_INFO_ID` bigint(20) NOT NULL AUTO_INCREMENT,
  `CUSTOMER_NO` varchar(20) DEFAULT NULL,
  `CHN_NAME` varchar(50) NOT NULL,
  `LAST_NAME` varchar(50) DEFAULT NULL,
  `FIRST_NAME` varchar(50) DEFAULT NULL,
  `SEX` varchar(2) DEFAULT NULL,
  `BIRTHDAY` date DEFAULT NULL,
  `ID_TYPE` varchar(2) DEFAULT NULL,
  `ID_NO` varchar(20) DEFAULT NULL,
  `AGE` bigint(3) DEFAULT NULL,
  `NATIVE_PLACE` varchar(10) DEFAULT NULL,
  `DRIVING_LICENSE` varchar(2) DEFAULT NULL,
  `RC_STATE` varchar(1) DEFAULT NULL,
  `CREATE_DATE` datetime DEFAULT NULL,
  `MODIFY_DATE` datetime DEFAULT NULL,
  `OPER_COM_ID` bigint(20) DEFAULT NULL,
  `CREATE_USER_ID` bigint(20) DEFAULT NULL,
  `MODIFY_USER_ID` bigint(20) DEFAULT NULL,
  `AGENT_ID` bigint(20) DEFAULT NULL,
  `ID_VALIDITY_DATE` date DEFAULT NULL,
  `CUST_LEVEL` varchar(2) DEFAULT NULL,
  `CUST_OBTAIN_WAY` varchar(5) DEFAULT NULL,
  `PRE_CUST_CONVERT_CUST_TIME` datetime DEFAULT NULL,
  `INVEST_CUSTOMER_TYPE` varchar(5) DEFAULT NULL,
  `INVEST_AUDIT_STATE` varchar(5) DEFAULT NULL,
  PRIMARY KEY (`CUST_BASE_INFO_ID`)
) ENGINE=InnoDB AUTO_INCREMENT=1329 DEFAULT CHARSET=utf8;

-- ----------------------------
-- Records of t_cust_base_info
-- ----------------------------
INSERT INTO `t_cust_base_info` VALUES ('1325', '100001', '王诺', 'wang', 'nuo', 'M', '1988-09-14', '0', '99108877333231', '28', '156', null, 'E', '2017-09-09 17:47:52', '2018-02-01 15:43:38', '12', '154', '1', '231', '3000-12-31', '01', null, '2018-02-01 15:43:38', '01', null);
INSERT INTO `t_cust_base_info` VALUES ('1326', '100002', '李文', 'li', 'wen', 'M', '1988-08-29', '0', '112349876633333', '29', '156', null, 'E', '2017-09-10 09:27:43', '2017-09-10 09:52:56', '12', '154', '151', '231', '3000-12-31', '01', null, '2017-09-10 09:52:56', '02', null);
INSERT INTO `t_cust_base_info` VALUES ('1327', '100003', '张清', 'zhang', 'qing', 'F', '1990-07-25', '0', '1234567', '27', '156', null, 'E', '2017-09-10 10:13:05', '2017-09-10 10:13:05', '12', '151', '151', '232', '3000-12-31', '01', null, '2017-09-10 10:13:05', '01', null);
INSERT INTO `t_cust_base_info` VALUES ('1328', '100004', '王倩倩', 'wang', 'qianqian', 'F', '1987-06-16', '0', '42318873999872', '30', '156', null, 'E', '2017-09-10 10:53:42', '2017-09-10 11:00:07', '12', '156', '151', '232', '3000-12-31', '01', null, '2017-09-10 11:00:07', '02', null);

-- ----------------------------
-- Table structure for t_cust_belong_info
-- ----------------------------
DROP TABLE IF EXISTS `t_cust_belong_info`;
CREATE TABLE `t_cust_belong_info` (
  `CUST_BELONG_INFO_ID` bigint(20) NOT NULL AUTO_INCREMENT,
  `CUST_BASE_INFO_ID` bigint(20) DEFAULT NULL,
  `AGENT_ID` int(20) DEFAULT NULL,
  `CURRENT_AGENT` varchar(20) DEFAULT NULL COMMENT '当前财富顾问',
  `CURRENT_STORE` varchar(100) DEFAULT NULL COMMENT '当前门店',
  `CURRENT_COM` varchar(100) DEFAULT NULL COMMENT '当前分公司',
  `AGO_AGNET` varchar(20) DEFAULT NULL COMMENT '上任财富顾问',
  `BELONG_DATE` date DEFAULT NULL COMMENT '归属起日',
  `CUST_TYPE` varchar(10) DEFAULT NULL COMMENT '客户类型',
  `AFTER_BELONG_SIGNS` bigint(20) DEFAULT NULL COMMENT '调整后签单数',
  `RC_STATE` varchar(1) DEFAULT NULL,
  `CREATE_DATE` datetime DEFAULT NULL,
  `MODIFY_DATE` datetime DEFAULT NULL,
  `OPER_COM_ID` bigint(20) DEFAULT NULL,
  `CREATE_USER_ID` bigint(20) DEFAULT NULL,
  `MODIFY_USER_ID` bigint(20) DEFAULT NULL,
  PRIMARY KEY (`CUST_BELONG_INFO_ID`),
  KEY `t_cust_belong_info_ibfk_1` (`CUST_BASE_INFO_ID`) USING BTREE,
  CONSTRAINT `t_cust_belong_info_ibfk_1` FOREIGN KEY (`CUST_BASE_INFO_ID`) REFERENCES `t_cust_base_info` (`CUST_BASE_INFO_ID`)
) ENGINE=InnoDB DEFAULT CHARSET=utf8;

-- ----------------------------
-- Records of t_cust_belong_info
-- ----------------------------

-- ----------------------------
-- Table structure for t_cust_belong_operation
-- ----------------------------
DROP TABLE IF EXISTS `t_cust_belong_operation`;
CREATE TABLE `t_cust_belong_operation` (
  `cust_operation_id` bigint(20) NOT NULL AUTO_INCREMENT,
  `cust_base_info_id` bigint(20) DEFAULT NULL,
  `agent_id` bigint(20) DEFAULT NULL,
  `user_id` bigint(20) DEFAULT NULL COMMENT '操作用户流水号',
  `adjust_date` datetime DEFAULT NULL,
  `belong_start_date` date DEFAULT NULL,
  `belong_end_date` date DEFAULT NULL,
  `adjust_cause` varchar(255) DEFAULT NULL,
  `RC_STATE` varchar(1) NOT NULL,
  `CREATE_DATE` datetime NOT NULL,
  `MODIFY_DATE` datetime NOT NULL,
  `OPER_COM_ID` bigint(20) NOT NULL,
  `CREATE_USER_ID` bigint(20) NOT NULL,
  `MODIFY_USER_ID` bigint(20) NOT NULL,
  PRIMARY KEY (`cust_operation_id`),
  KEY `t_cust_belong_operation_ibfk_1` (`cust_base_info_id`) USING BTREE,
  CONSTRAINT `t_cust_belong_operation_ibfk_1` FOREIGN KEY (`cust_base_info_id`) REFERENCES `t_cust_base_info` (`CUST_BASE_INFO_ID`)
) ENGINE=InnoDB DEFAULT CHARSET=utf8;

-- ----------------------------
-- Records of t_cust_belong_operation
-- ----------------------------

-- ----------------------------
-- Table structure for t_cust_car_info
-- ----------------------------
DROP TABLE IF EXISTS `t_cust_car_info`;
CREATE TABLE `t_cust_car_info` (
  `CUST_CAR_INFO_ID` bigint(20) NOT NULL AUTO_INCREMENT,
  `CUST_BASE_INFO_ID` bigint(20) DEFAULT NULL,
  `CAR_CODE` varchar(10) NOT NULL,
  `CAR_TYPE` varchar(10) DEFAULT NULL,
  `CAR_BRAND` varchar(10) DEFAULT NULL,
  `ENGINE_NO` varchar(50) DEFAULT NULL,
  `CAR_FRAME_NO` varchar(50) DEFAULT NULL,
  `LICENSE_PLATE_NO` varchar(10) NOT NULL,
  `RE_PRICE` decimal(12,2) NOT NULL,
  `AGENT_ID` bigint(20) DEFAULT NULL,
  `RC_STATE` varchar(1) DEFAULT NULL,
  `CREATE_DATE` datetime DEFAULT NULL,
  `MODIFY_DATE` datetime DEFAULT NULL,
  `OPER_COM_ID` bigint(20) DEFAULT NULL,
  `CREATE_USER_ID` bigint(20) DEFAULT NULL,
  `MODIFY_USER_ID` bigint(20) DEFAULT NULL,
  PRIMARY KEY (`CUST_CAR_INFO_ID`),
  KEY `FK_T_CUST_C_REF_T_CUST_1` (`CUST_BASE_INFO_ID`) USING BTREE,
  CONSTRAINT `t_cust_car_info_ibfk_1` FOREIGN KEY (`CUST_BASE_INFO_ID`) REFERENCES `t_cust_base_info` (`CUST_BASE_INFO_ID`)
) ENGINE=InnoDB DEFAULT CHARSET=utf8;

-- ----------------------------
-- Records of t_cust_car_info
-- ----------------------------

-- ----------------------------
-- Table structure for t_cust_contact_info
-- ----------------------------
DROP TABLE IF EXISTS `t_cust_contact_info`;
CREATE TABLE `t_cust_contact_info` (
  `CUST_CONTACT_INFO_ID` bigint(20) NOT NULL AUTO_INCREMENT,
  `CUST_BASE_INFO_ID` bigint(20) DEFAULT NULL,
  `PHONE` varchar(20) DEFAULT NULL,
  `MOBILE` varchar(20) DEFAULT NULL,
  `EMAIL` varchar(50) DEFAULT NULL,
  `QQ` varchar(20) DEFAULT NULL,
  `WECHAT` varchar(50) DEFAULT NULL,
  `AGENT_ID` bigint(20) DEFAULT NULL,
  `RC_STATE` varchar(1) NOT NULL,
  `CREATE_DATE` datetime NOT NULL,
  `MODIFY_DATE` datetime NOT NULL,
  `OPER_COM_ID` bigint(20) NOT NULL,
  `CREATE_USER_ID` bigint(20) NOT NULL,
  `MODIFY_USER_ID` bigint(20) NOT NULL,
  PRIMARY KEY (`CUST_CONTACT_INFO_ID`),
  KEY `FK_T_CUST_C_REF_T_CUST_2` (`CUST_BASE_INFO_ID`) USING BTREE,
  CONSTRAINT `t_cust_contact_info_ibfk_1` FOREIGN KEY (`CUST_BASE_INFO_ID`) REFERENCES `t_cust_base_info` (`CUST_BASE_INFO_ID`)
) ENGINE=InnoDB AUTO_INCREMENT=1329 DEFAULT CHARSET=utf8;

-- ----------------------------
-- Records of t_cust_contact_info
-- ----------------------------
INSERT INTO `t_cust_contact_info` VALUES ('1325', '1325', null, '18238070122', '18238070122@163.com', null, null, '231', 'E', '2017-09-09 17:47:52', '2017-09-09 17:48:02', '12', '154', '154');
INSERT INTO `t_cust_contact_info` VALUES ('1326', '1326', null, '18238070122', '18238070122@163.com', null, null, '231', 'E', '2017-09-10 09:27:43', '2017-09-10 09:27:43', '12', '154', '154');
INSERT INTO `t_cust_contact_info` VALUES ('1327', '1327', null, '18238070123', '1823807012@163.com', null, null, '232', 'E', '2017-09-10 10:09:57', '2017-09-10 10:09:57', '12', '156', '156');
INSERT INTO `t_cust_contact_info` VALUES ('1328', '1328', null, '18238070112', '18238070112@163.com', null, null, '232', 'E', '2017-09-10 10:53:42', '2017-09-10 10:53:42', '12', '156', '156');

-- ----------------------------
-- Table structure for t_cust_family_info
-- ----------------------------
DROP TABLE IF EXISTS `t_cust_family_info`;
CREATE TABLE `t_cust_family_info` (
  `CUST_FAMILY_INFO_ID` bigint(20) NOT NULL AUTO_INCREMENT,
  `CUST_BASE_INFO_ID` bigint(20) DEFAULT NULL,
  `MEMBER_NAME` varchar(20) DEFAULT NULL,
  `RELATION_TO_CUST` varchar(2) DEFAULT NULL,
  `AGE` bigint(3) DEFAULT NULL,
  `OCCUPATION_CODE` varchar(20) DEFAULT NULL,
  `ANNUAL_INCOME` decimal(12,2) DEFAULT NULL,
  `MOBILE` varchar(20) DEFAULT NULL,
  `EMAIL` varchar(20) DEFAULT NULL,
  `QQ` varchar(20) DEFAULT NULL,
  `WECHAT` varchar(50) DEFAULT NULL,
  `AGENT_ID` bigint(20) DEFAULT NULL,
  `RC_STATE` varchar(1) NOT NULL,
  `CREATE_DATE` datetime NOT NULL,
  `MODIFY_DATE` datetime NOT NULL,
  `OPER_COM_ID` bigint(20) NOT NULL,
  `CREATE_USER_ID` bigint(20) NOT NULL,
  `MODIFY_USER_ID` bigint(20) NOT NULL,
  PRIMARY KEY (`CUST_FAMILY_INFO_ID`),
  KEY `FK_T_CUST_F_REF_T_CUST_1` (`CUST_BASE_INFO_ID`) USING BTREE,
  CONSTRAINT `t_cust_family_info_ibfk_1` FOREIGN KEY (`CUST_BASE_INFO_ID`) REFERENCES `t_cust_base_info` (`CUST_BASE_INFO_ID`)
) ENGINE=InnoDB DEFAULT CHARSET=utf8;

-- ----------------------------
-- Records of t_cust_family_info
-- ----------------------------

-- ----------------------------
-- Table structure for t_cust_history_investment
-- ----------------------------
DROP TABLE IF EXISTS `t_cust_history_investment`;
CREATE TABLE `t_cust_history_investment` (
  `CUST_HISTORY_INVESTMENT_ID` bigint(20) NOT NULL AUTO_INCREMENT,
  `CUST_BASE_INFO_ID` bigint(20) DEFAULT NULL,
  `INVESTMENT_TYPE` varchar(2) DEFAULT NULL,
  `PRODUCT_NAME` varchar(100) DEFAULT NULL,
  `AGENCY_NAME` varchar(100) DEFAULT NULL,
  `PRODUCT_PURCHASE_COM` varchar(100) DEFAULT NULL,
  `INVESTMENT_MONEY` decimal(20,2) DEFAULT NULL,
  `PRODUCT_DURATION` varchar(20) DEFAULT NULL,
  `END_DATE` date DEFAULT NULL,
  `REMARK` varchar(500) DEFAULT NULL,
  `INPUT_DATE` datetime DEFAULT NULL,
  `RC_STATE` varchar(1) NOT NULL,
  `CREATE_DATE` datetime NOT NULL,
  `MODIFY_DATE` datetime NOT NULL,
  `OPER_COM_ID` bigint(20) NOT NULL,
  `CREATE_USER_ID` bigint(20) NOT NULL,
  `MODIFY_USER_ID` bigint(20) NOT NULL,
  `AGENT_ID` bigint(20) DEFAULT NULL,
  PRIMARY KEY (`CUST_HISTORY_INVESTMENT_ID`),
  KEY `FK_T_CUST_H_REFERENCE_T_CUST_B` (`CUST_BASE_INFO_ID`) USING BTREE,
  CONSTRAINT `t_cust_history_investment_ibfk_1` FOREIGN KEY (`CUST_BASE_INFO_ID`) REFERENCES `t_cust_base_info` (`CUST_BASE_INFO_ID`)
) ENGINE=InnoDB DEFAULT CHARSET=utf8;

-- ----------------------------
-- Records of t_cust_history_investment
-- ----------------------------

-- ----------------------------
-- Table structure for t_cust_hobby_info
-- ----------------------------
DROP TABLE IF EXISTS `t_cust_hobby_info`;
CREATE TABLE `t_cust_hobby_info` (
  `CUST_HOBBY_INFO_ID` bigint(20) NOT NULL AUTO_INCREMENT,
  `CUST_BASE_INFO_ID` bigint(20) DEFAULT NULL,
  `HOBBY_CODE` varchar(2) NOT NULL,
  `AGENT_ID` bigint(20) DEFAULT NULL,
  `RC_STATE` varchar(1) DEFAULT NULL,
  `CREATE_DATE` datetime DEFAULT NULL,
  `MODIFY_DATE` datetime DEFAULT NULL,
  `OPER_COM_ID` bigint(20) DEFAULT NULL,
  `CREATE_USER_ID` bigint(20) DEFAULT NULL,
  `MODIFY_USER_ID` bigint(20) DEFAULT NULL,
  PRIMARY KEY (`CUST_HOBBY_INFO_ID`),
  KEY `FK_T_CUST_H_REF_T_CUST_1` (`CUST_BASE_INFO_ID`) USING BTREE,
  CONSTRAINT `t_cust_hobby_info_ibfk_1` FOREIGN KEY (`CUST_BASE_INFO_ID`) REFERENCES `t_cust_base_info` (`CUST_BASE_INFO_ID`)
) ENGINE=InnoDB DEFAULT CHARSET=utf8;

-- ----------------------------
-- Records of t_cust_hobby_info
-- ----------------------------

-- ----------------------------
-- Table structure for t_cust_house_info
-- ----------------------------
DROP TABLE IF EXISTS `t_cust_house_info`;
CREATE TABLE `t_cust_house_info` (
  `CUST_HOUSE_INFO_ID` bigint(20) NOT NULL AUTO_INCREMENT,
  `CUST_BASE_INFO_ID` bigint(20) DEFAULT NULL,
  `HOUSE_PROPERTY_CODE` varchar(40) DEFAULT NULL,
  `HOUSE_PROPERTY_STATE` varchar(2) DEFAULT NULL,
  `HOUSE_PROPERTY_VALUE` decimal(16,2) DEFAULT NULL,
  `AGENT_ID` bigint(20) DEFAULT NULL,
  `RC_STATE` varchar(1) NOT NULL,
  `CREATE_DATE` datetime NOT NULL,
  `MODIFY_DATE` datetime NOT NULL,
  `OPER_COM_ID` bigint(20) NOT NULL,
  `CREATE_USER_ID` bigint(20) NOT NULL,
  `MODIFY_USER_ID` bigint(20) NOT NULL,
  PRIMARY KEY (`CUST_HOUSE_INFO_ID`),
  KEY `FK_T_CUST_H_REF_T_CUST_2` (`CUST_BASE_INFO_ID`) USING BTREE,
  CONSTRAINT `t_cust_house_info_ibfk_1` FOREIGN KEY (`CUST_BASE_INFO_ID`) REFERENCES `t_cust_base_info` (`CUST_BASE_INFO_ID`)
) ENGINE=InnoDB DEFAULT CHARSET=utf8;

-- ----------------------------
-- Records of t_cust_house_info
-- ----------------------------

-- ----------------------------
-- Table structure for t_cust_income_info
-- ----------------------------
DROP TABLE IF EXISTS `t_cust_income_info`;
CREATE TABLE `t_cust_income_info` (
  `CUST_INCOME_INFO_ID` bigint(20) NOT NULL AUTO_INCREMENT,
  `CUST_BASE_INFO_ID` bigint(20) DEFAULT NULL,
  `INCOME_CODE` varchar(2) DEFAULT NULL,
  `PERCENT` decimal(12,2) DEFAULT NULL,
  `AGENT_ID` bigint(20) DEFAULT NULL,
  `RC_STATE` varchar(1) NOT NULL,
  `CREATE_DATE` datetime NOT NULL,
  `MODIFY_DATE` datetime NOT NULL,
  `OPER_COM_ID` bigint(20) NOT NULL,
  `CREATE_USER_ID` bigint(20) NOT NULL,
  `MODIFY_USER_ID` bigint(20) NOT NULL,
  PRIMARY KEY (`CUST_INCOME_INFO_ID`),
  KEY `FK_T_CUST_I_REF_T_CUST_1` (`CUST_BASE_INFO_ID`) USING BTREE,
  CONSTRAINT `t_cust_income_info_ibfk_1` FOREIGN KEY (`CUST_BASE_INFO_ID`) REFERENCES `t_cust_base_info` (`CUST_BASE_INFO_ID`)
) ENGINE=InnoDB DEFAULT CHARSET=utf8;

-- ----------------------------
-- Records of t_cust_income_info
-- ----------------------------

-- ----------------------------
-- Table structure for t_cust_investment_suggest
-- ----------------------------
DROP TABLE IF EXISTS `t_cust_investment_suggest`;
CREATE TABLE `t_cust_investment_suggest` (
  `CUST_INVEST_SUGGEST_ID` bigint(20) NOT NULL AUTO_INCREMENT,
  `CUST_BASE_INFO_ID` bigint(20) DEFAULT NULL,
  `VISIT_DATE` datetime DEFAULT NULL,
  `INVEST_PROJECT` varchar(20) DEFAULT NULL,
  `INVEST_SUGGEST` varchar(500) DEFAULT NULL,
  `RC_STATE` varchar(1) NOT NULL,
  `CREATE_DATE` datetime NOT NULL,
  `MODIFY_DATE` datetime NOT NULL,
  `OPER_COM_ID` bigint(20) NOT NULL,
  `CREATE_USER_ID` bigint(20) NOT NULL,
  `MODIFY_USER_ID` bigint(20) NOT NULL,
  `HISTORY_INVEST_PROJECT` varchar(20) DEFAULT NULL,
  `AGENT_ID` bigint(20) DEFAULT NULL,
  PRIMARY KEY (`CUST_INVEST_SUGGEST_ID`),
  KEY `FK_T_CUST_I_REFERENCE_T_CUST_B` (`CUST_BASE_INFO_ID`) USING BTREE,
  CONSTRAINT `t_cust_investment_suggest_ibfk_1` FOREIGN KEY (`CUST_BASE_INFO_ID`) REFERENCES `t_cust_base_info` (`CUST_BASE_INFO_ID`)
) ENGINE=InnoDB DEFAULT CHARSET=utf8;

-- ----------------------------
-- Records of t_cust_investment_suggest
-- ----------------------------

-- ----------------------------
-- Table structure for t_cust_invest_info
-- ----------------------------
DROP TABLE IF EXISTS `t_cust_invest_info`;
CREATE TABLE `t_cust_invest_info` (
  `CUST_INVEST_INFO_ID` bigint(20) NOT NULL AUTO_INCREMENT,
  `CUST_BASE_INFO_ID` bigint(20) DEFAULT NULL,
  `INVEST_CODE` varchar(2) DEFAULT NULL,
  `AGENT_ID` bigint(20) DEFAULT NULL,
  `RC_STATE` varchar(1) NOT NULL,
  `CREATE_DATE` datetime NOT NULL,
  `MODIFY_DATE` datetime NOT NULL,
  `OPER_COM_ID` bigint(20) NOT NULL,
  `CREATE_USER_ID` bigint(20) NOT NULL,
  `MODIFY_USER_ID` bigint(20) NOT NULL,
  PRIMARY KEY (`CUST_INVEST_INFO_ID`),
  KEY `FK_T_CUST_I_REF_T_CUST_2` (`CUST_BASE_INFO_ID`) USING BTREE,
  CONSTRAINT `t_cust_invest_info_ibfk_1` FOREIGN KEY (`CUST_BASE_INFO_ID`) REFERENCES `t_cust_base_info` (`CUST_BASE_INFO_ID`)
) ENGINE=InnoDB DEFAULT CHARSET=utf8;

-- ----------------------------
-- Records of t_cust_invest_info
-- ----------------------------

-- ----------------------------
-- Table structure for t_cust_operation
-- ----------------------------
DROP TABLE IF EXISTS `t_cust_operation`;
CREATE TABLE `t_cust_operation` (
  `CUST_OPERATION_ID` bigint(20) NOT NULL AUTO_INCREMENT,
  `CUST_BASE_INFO_ID` bigint(20) NOT NULL,
  `USER_ID` bigint(20) NOT NULL,
  `OPERATIONAL_NODE` varchar(2) NOT NULL,
  `CONCLUSION` varchar(2) DEFAULT NULL,
  `REMARK` varchar(500) DEFAULT NULL,
  `RC_STATE` varchar(1) NOT NULL,
  `CREATE_DATE` datetime NOT NULL,
  `MODIFY_DATE` datetime NOT NULL,
  `OPER_COM_ID` bigint(20) NOT NULL,
  `CREATE_USER_ID` bigint(20) NOT NULL,
  `MODIFY_USER_ID` bigint(20) NOT NULL,
  PRIMARY KEY (`CUST_OPERATION_ID`)
) ENGINE=InnoDB DEFAULT CHARSET=utf8;

-- ----------------------------
-- Records of t_cust_operation
-- ----------------------------

-- ----------------------------
-- Table structure for t_cust_operation_trace
-- ----------------------------
DROP TABLE IF EXISTS `t_cust_operation_trace`;
CREATE TABLE `t_cust_operation_trace` (
  `CUST_OPERATION_TRACE_ID` bigint(20) NOT NULL AUTO_INCREMENT,
  `CUST_OPERATION_ID` bigint(20) NOT NULL,
  `CUST_BASE_INFO_ID` bigint(20) NOT NULL,
  `USER_ID` bigint(20) NOT NULL,
  `OPERATIONAL_NODE` varchar(2) NOT NULL,
  `CONCLUSION` varchar(2) DEFAULT NULL,
  `REMARK` varchar(500) DEFAULT NULL,
  `BACK_TIME` datetime DEFAULT NULL,
  `RC_STATE` varchar(1) NOT NULL,
  `CREATE_DATE` datetime NOT NULL,
  `MODIFY_DATE` datetime NOT NULL,
  `OPER_COM_ID` bigint(20) NOT NULL,
  `CREATE_USER_ID` bigint(20) NOT NULL,
  `MODIFY_USER_ID` bigint(20) NOT NULL,
  PRIMARY KEY (`CUST_OPERATION_TRACE_ID`)
) ENGINE=InnoDB DEFAULT CHARSET=utf8;

-- ----------------------------
-- Records of t_cust_operation_trace
-- ----------------------------

-- ----------------------------
-- Table structure for t_cust_oth_info
-- ----------------------------
DROP TABLE IF EXISTS `t_cust_oth_info`;
CREATE TABLE `t_cust_oth_info` (
  `CUST_OTH_INFO_ID` bigint(20) NOT NULL AUTO_INCREMENT,
  `CUST_BASE_INFO_ID` bigint(20) DEFAULT NULL,
  `BUILDING_NAME` varchar(100) DEFAULT NULL,
  `LIFE_STAGE` varchar(5) DEFAULT NULL,
  `CUST_TYPE` varchar(5) DEFAULT NULL,
  `MARRIAGE` varchar(5) DEFAULT NULL,
  `DEGREE` varchar(6) DEFAULT NULL,
  `HEIGHT` decimal(5,2) DEFAULT NULL,
  `WEIGHT` decimal(5,2) DEFAULT NULL,
  `WORK_TYPE` varchar(40) DEFAULT NULL,
  `OCCUPATION_CODE` varchar(10) DEFAULT NULL,
  `POSITION` varchar(6) DEFAULT NULL,
  `COMPANY_NAME` varchar(200) DEFAULT NULL,
  `ANNUAL_INCOME` decimal(12,2) DEFAULT NULL,
  `INVEST_MONEY` decimal(12,2) DEFAULT NULL,
  `VENTURE_CAPITAL` varchar(200) DEFAULT NULL,
  `INVEST_SCALE` decimal(12,2) DEFAULT NULL,
  `INVEST_EXP` varchar(1000) DEFAULT NULL,
  `REMARK` varchar(1000) DEFAULT NULL,
  `AGENT_ID` bigint(20) DEFAULT NULL,
  `RC_STATE` varchar(1) DEFAULT NULL,
  `CREATE_DATE` datetime DEFAULT NULL,
  `MODIFY_DATE` datetime DEFAULT NULL,
  `OPER_COM_ID` bigint(20) DEFAULT NULL,
  `CREATE_USER_ID` bigint(20) DEFAULT NULL,
  `MODIFY_USER_ID` bigint(20) DEFAULT NULL,
  `CUST_ASSET_ESTIMATE` varchar(2) DEFAULT NULL,
  `CUST_QUALITY` varchar(2) DEFAULT NULL,
  `IS_GOLDEN_STATEOPEN` varchar(4) DEFAULT NULL,
  PRIMARY KEY (`CUST_OTH_INFO_ID`),
  KEY `FK_T_CUST_O_REF_T_CUST_1` (`CUST_BASE_INFO_ID`) USING BTREE,
  CONSTRAINT `t_cust_oth_info_ibfk_1` FOREIGN KEY (`CUST_BASE_INFO_ID`) REFERENCES `t_cust_base_info` (`CUST_BASE_INFO_ID`)
) ENGINE=InnoDB AUTO_INCREMENT=1329 DEFAULT CHARSET=utf8;

-- ----------------------------
-- Records of t_cust_oth_info
-- ----------------------------
INSERT INTO `t_cust_oth_info` VALUES ('1325', '1325', null, null, '04', null, null, null, null, null, null, null, null, null, null, null, null, null, null, '231', 'E', '2017-09-09 17:47:53', '2017-09-09 17:48:02', '12', '154', '154', null, null, null);
INSERT INTO `t_cust_oth_info` VALUES ('1326', '1326', null, null, '01', null, null, null, null, null, null, null, null, null, null, null, null, null, null, '231', 'E', '2017-09-10 09:27:43', '2017-09-10 09:27:43', '12', '154', '154', null, null, null);
INSERT INTO `t_cust_oth_info` VALUES ('1327', '1327', null, null, '01', null, null, null, null, null, null, null, null, null, null, null, null, null, null, '232', 'E', '2017-09-10 10:09:57', '2017-09-10 10:09:57', '12', '156', '156', null, null, '01');
INSERT INTO `t_cust_oth_info` VALUES ('1328', '1328', null, null, '04', null, null, null, null, null, null, null, null, null, null, null, null, null, null, '232', 'E', '2017-09-10 10:53:42', '2017-09-10 10:53:42', '12', '156', '156', null, null, null);

-- ----------------------------
-- Table structure for t_cust_questionnaire_info
-- ----------------------------
DROP TABLE IF EXISTS `t_cust_questionnaire_info`;
CREATE TABLE `t_cust_questionnaire_info` (
  `CUST_QUESTIONNAIRE_ID` bigint(20) NOT NULL AUTO_INCREMENT,
  `CUST_BASE_INFO_ID` bigint(20) NOT NULL,
  `QUESTIONNAIRE_ID` bigint(20) DEFAULT NULL,
  `ANSWER_RESULTS` varchar(2000) DEFAULT NULL,
  `SCORE` int(4) DEFAULT NULL,
  `SUBMIT_DATE` date DEFAULT NULL,
  `AGENT_ID` bigint(20) DEFAULT NULL,
  `CUST_RISK_LEVEL` varchar(2) DEFAULT NULL,
  `CUST_QUESTIONNAIRE_STATE` varchar(2) DEFAULT NULL,
  `RC_STATE` varchar(1) NOT NULL,
  `CREATE_DATE` datetime NOT NULL,
  `MODIFY_DATE` datetime NOT NULL,
  `OPER_COM_ID` bigint(20) NOT NULL,
  `CREATE_USER_ID` bigint(20) NOT NULL,
  `MODIFY_USER_ID` bigint(20) NOT NULL,
  PRIMARY KEY (`CUST_QUESTIONNAIRE_ID`)
) ENGINE=InnoDB AUTO_INCREMENT=6 DEFAULT CHARSET=utf8;

-- ----------------------------
-- Records of t_cust_questionnaire_info
-- ----------------------------
INSERT INTO `t_cust_questionnaire_info` VALUES ('1', '1325', '4', '[{\"questionCode\":\"QA0004_001\",\"answerCode\":\"B\",\"answerScore\":4},{\"questionCode\":\"QA0004_002\",\"answerCode\":\"B\",\"answerScore\":4},{\"questionCode\":\"QA0004_003\",\"answerCode\":\"E\",\"answerScore\":10},{\"questionCode\":\"QA0004_004\",\"answerCode\":\"A\",\"answerScore\":2},{\"questionCode\":\"QA0004_005\",\"answerCode\":\"B\",\"answerScore\":4},{\"questionCode\":\"QA0004_006\",\"answerCode\":\"B\",\"answerScore\":4},{\"questionCode\":\"QA0004_007\",\"answerCode\":\"B\",\"answerScore\":4},{\"questionCode\":\"QA0004_008\",\"answerCode\":\"A\",\"answerScore\":2},{\"questionCode\":\"QA0004_009\",\"answerCode\":\"B\",\"answerScore\":4},{\"questionCode\":\"QA0004_010\",\"answerCode\":\"B\",\"answerScore\":4},{\"questionCode\":\"QA0004_011\",\"answerCode\":\"B\",\"answerScore\":4},{\"questionCode\":\"QA0004_012\",\"answerCode\":\"B\",\"answerScore\":4},{\"questionCode\":\"QA0004_013\",\"answerCode\":\"B\",\"answerScore\":4},{\"questionCode\":\"QA0004_014\",\"answerCode\":\"B\",\"answerScore\":4},{\"questionCode\":\"QA0004_015\",\"answerCode\":\"B\",\"answerScore\":4}]', '62', '2017-09-07', '231', '03', '01', 'E', '2017-09-10 09:19:00', '2017-09-10 09:19:00', '12', '154', '154');
INSERT INTO `t_cust_questionnaire_info` VALUES ('2', '1326', '4', '[{\"questionCode\":\"QA0004_001\",\"answerCode\":\"D\",\"answerScore\":8},{\"questionCode\":\"QA0004_002\",\"answerCode\":\"C\",\"answerScore\":6},{\"questionCode\":\"QA0004_003\",\"answerCode\":\"E\",\"answerScore\":10},{\"questionCode\":\"QA0004_004\",\"answerCode\":\"D\",\"answerScore\":8},{\"questionCode\":\"QA0004_005\",\"answerCode\":\"C\",\"answerScore\":6},{\"questionCode\":\"QA0004_006\",\"answerCode\":\"C\",\"answerScore\":6},{\"questionCode\":\"QA0004_007\",\"answerCode\":\"C\",\"answerScore\":6},{\"questionCode\":\"QA0004_008\",\"answerCode\":\"C\",\"answerScore\":6},{\"questionCode\":\"QA0004_009\",\"answerCode\":\"B\",\"answerScore\":4},{\"questionCode\":\"QA0004_010\",\"answerCode\":\"C\",\"answerScore\":6},{\"questionCode\":\"QA0004_011\",\"answerCode\":\"B\",\"answerScore\":4},{\"questionCode\":\"QA0004_012\",\"answerCode\":\"C\",\"answerScore\":6},{\"questionCode\":\"QA0004_013\",\"answerCode\":\"C\",\"answerScore\":6},{\"questionCode\":\"QA0004_014\",\"answerCode\":\"C\",\"answerScore\":6},{\"questionCode\":\"QA0004_015\",\"answerCode\":\"C\",\"answerScore\":6}]', '94', '2017-09-05', '231', '04', '01', 'E', '2017-09-10 09:50:37', '2017-09-10 09:50:37', '12', '154', '154');
INSERT INTO `t_cust_questionnaire_info` VALUES ('3', '1327', '4', '[{\"questionCode\":\"QA0004_001\",\"answerCode\":\"B\",\"answerScore\":4},{\"questionCode\":\"QA0004_002\",\"answerCode\":\"B\",\"answerScore\":4},{\"questionCode\":\"QA0004_003\",\"answerCode\":\"B\",\"answerScore\":4},{\"questionCode\":\"QA0004_004\",\"answerCode\":\"A\",\"answerScore\":2},{\"questionCode\":\"QA0004_005\",\"answerCode\":\"A\",\"answerScore\":2},{\"questionCode\":\"QA0004_006\",\"answerCode\":\"B\",\"answerScore\":4},{\"questionCode\":\"QA0004_007\",\"answerCode\":\"B\",\"answerScore\":4},{\"questionCode\":\"QA0004_008\",\"answerCode\":\"B\",\"answerScore\":4},{\"questionCode\":\"QA0004_009\",\"answerCode\":\"B\",\"answerScore\":4},{\"questionCode\":\"QA0004_010\",\"answerCode\":\"A\",\"answerScore\":2},{\"questionCode\":\"QA0004_011\",\"answerCode\":\"A\",\"answerScore\":2},{\"questionCode\":\"QA0004_012\",\"answerCode\":\"B\",\"answerScore\":4},{\"questionCode\":\"QA0004_013\",\"answerCode\":\"C\",\"answerScore\":6},{\"questionCode\":\"QA0004_014\",\"answerCode\":\"B\",\"answerScore\":4},{\"questionCode\":\"QA0004_015\",\"answerCode\":\"B\",\"answerScore\":4}]', '54', '2017-09-04', '232', '02', '01', 'E', '2017-09-10 10:11:42', '2017-09-10 10:11:42', '12', '156', '156');
INSERT INTO `t_cust_questionnaire_info` VALUES ('4', '1327', '4', '[{\"questionCode\":\"QA0004_001\",\"answerCode\":\"B\",\"answerScore\":4},{\"questionCode\":\"QA0004_002\",\"answerCode\":\"C\",\"answerScore\":6},{\"questionCode\":\"QA0004_003\",\"answerCode\":\"E\",\"answerScore\":10},{\"questionCode\":\"QA0004_004\",\"answerCode\":\"B\",\"answerScore\":4},{\"questionCode\":\"QA0004_005\",\"answerCode\":\"B\",\"answerScore\":4},{\"questionCode\":\"QA0004_006\",\"answerCode\":\"B\",\"answerScore\":4},{\"questionCode\":\"QA0004_007\",\"answerCode\":\"B\",\"answerScore\":4},{\"questionCode\":\"QA0004_008\",\"answerCode\":\"B\",\"answerScore\":4},{\"questionCode\":\"QA0004_009\",\"answerCode\":\"B\",\"answerScore\":4},{\"questionCode\":\"QA0004_010\",\"answerCode\":\"C\",\"answerScore\":6},{\"questionCode\":\"QA0004_011\",\"answerCode\":\"B\",\"answerScore\":4},{\"questionCode\":\"QA0004_012\",\"answerCode\":\"B\",\"answerScore\":4},{\"questionCode\":\"QA0004_013\",\"answerCode\":\"C\",\"answerScore\":6},{\"questionCode\":\"QA0004_014\",\"answerCode\":\"B\",\"answerScore\":4},{\"questionCode\":\"QA0004_015\",\"answerCode\":\"B\",\"answerScore\":4}]', '72', '2017-08-14', '232', '03', '01', 'E', '2017-09-10 10:56:24', '2017-09-10 10:56:24', '12', '156', '156');
INSERT INTO `t_cust_questionnaire_info` VALUES ('5', '1328', '4', '[{\"questionCode\":\"QA0004_001\",\"answerCode\":\"B\",\"answerScore\":4},{\"questionCode\":\"QA0004_002\",\"answerCode\":\"C\",\"answerScore\":6},{\"questionCode\":\"QA0004_003\",\"answerCode\":\"E\",\"answerScore\":10},{\"questionCode\":\"QA0004_004\",\"answerCode\":\"B\",\"answerScore\":4},{\"questionCode\":\"QA0004_005\",\"answerCode\":\"B\",\"answerScore\":4},{\"questionCode\":\"QA0004_006\",\"answerCode\":\"B\",\"answerScore\":4},{\"questionCode\":\"QA0004_007\",\"answerCode\":\"B\",\"answerScore\":4},{\"questionCode\":\"QA0004_008\",\"answerCode\":\"B\",\"answerScore\":4},{\"questionCode\":\"QA0004_009\",\"answerCode\":\"B\",\"answerScore\":4},{\"questionCode\":\"QA0004_010\",\"answerCode\":\"B\",\"answerScore\":4},{\"questionCode\":\"QA0004_011\",\"answerCode\":\"B\",\"answerScore\":4},{\"questionCode\":\"QA0004_012\",\"answerCode\":\"B\",\"answerScore\":4},{\"questionCode\":\"QA0004_013\",\"answerCode\":\"C\",\"answerScore\":6},{\"questionCode\":\"QA0004_014\",\"answerCode\":\"C\",\"answerScore\":6},{\"questionCode\":\"QA0004_015\",\"answerCode\":\"B\",\"answerScore\":4}]', '72', '2017-09-04', '232', '03', '01', 'E', '2017-09-10 10:58:07', '2017-09-10 10:58:07', '12', '156', '156');

-- ----------------------------
-- Table structure for t_cust_visit_info
-- ----------------------------
DROP TABLE IF EXISTS `t_cust_visit_info`;
CREATE TABLE `t_cust_visit_info` (
  `CUST_VISITOR_INFO_ID` bigint(20) NOT NULL AUTO_INCREMENT,
  `CUST_BASE_INFO_ID` bigint(20) DEFAULT NULL,
  `CUST_VISIT_TIME` timestamp NULL DEFAULT NULL,
  `CUST_VISIT_TYPE` varchar(2) DEFAULT NULL,
  `CUST_VISIT_ACTION` varchar(30) DEFAULT NULL,
  `CUST_VISIT_CONTENT` varchar(1000) DEFAULT NULL,
  `RC_STATE` varchar(1) NOT NULL,
  `CREATE_DATE` datetime NOT NULL,
  `MODIFY_DATE` datetime NOT NULL,
  `OPER_COM_ID` bigint(20) NOT NULL,
  `CREATE_USER_ID` bigint(20) NOT NULL,
  `MODIFY_USER_ID` bigint(20) NOT NULL,
  `NEXT_VISIT_TIME` timestamp NULL DEFAULT NULL,
  `AGENT_ID` bigint(20) DEFAULT NULL,
  PRIMARY KEY (`CUST_VISITOR_INFO_ID`),
  KEY `FK_T_CUST_BASE_INFO` (`CUST_BASE_INFO_ID`) USING BTREE,
  CONSTRAINT `t_cust_visit_info_ibfk_1` FOREIGN KEY (`CUST_BASE_INFO_ID`) REFERENCES `t_cust_base_info` (`CUST_BASE_INFO_ID`)
) ENGINE=InnoDB AUTO_INCREMENT=2 DEFAULT CHARSET=utf8;

-- ----------------------------
-- Records of t_cust_visit_info
-- ----------------------------
INSERT INTO `t_cust_visit_info` VALUES ('1', '1328', '2017-08-28 09:42:13', '03', '01,', '介绍公司', 'E', '2017-09-11 09:42:30', '2017-09-11 09:42:30', '12', '156', '156', '2017-09-11 09:42:13', '232');

-- ----------------------------
-- Table structure for t_def_address
-- ----------------------------
DROP TABLE IF EXISTS `t_def_address`;
CREATE TABLE `t_def_address` (
  `PLACE_TYPE` varchar(2) NOT NULL,
  `PLACE_CODE` varchar(20) NOT NULL,
  `PLACE_NAME` varchar(100) DEFAULT NULL,
  `UP_PLACE_CODE` varchar(20) DEFAULT NULL,
  PRIMARY KEY (`PLACE_TYPE`,`PLACE_CODE`)
) ENGINE=InnoDB DEFAULT CHARSET=utf8;

-- ----------------------------
-- Records of t_def_address
-- ----------------------------
INSERT INTO `t_def_address` VALUES ('01', '110000', '北京市', null);
INSERT INTO `t_def_address` VALUES ('01', '120000', '天津市', null);
INSERT INTO `t_def_address` VALUES ('01', '130000', '河北省', null);
INSERT INTO `t_def_address` VALUES ('01', '140000', '山西省', null);
INSERT INTO `t_def_address` VALUES ('01', '150000', '内蒙古自治区', null);
INSERT INTO `t_def_address` VALUES ('01', '210000', '辽宁省', null);
INSERT INTO `t_def_address` VALUES ('01', '220000', '吉林省', null);
INSERT INTO `t_def_address` VALUES ('01', '230000', '黑龙江省', null);
INSERT INTO `t_def_address` VALUES ('01', '310000', '上海市', null);
INSERT INTO `t_def_address` VALUES ('01', '320000', '江苏省', null);
INSERT INTO `t_def_address` VALUES ('01', '330000', '浙江省', null);
INSERT INTO `t_def_address` VALUES ('01', '340000', '安徽省', null);
INSERT INTO `t_def_address` VALUES ('01', '350000', '福建省', null);
INSERT INTO `t_def_address` VALUES ('01', '360000', '江西省', null);
INSERT INTO `t_def_address` VALUES ('01', '370000', '山东省', null);
INSERT INTO `t_def_address` VALUES ('01', '410000', '河南省', null);
INSERT INTO `t_def_address` VALUES ('01', '420000', '湖北省', null);
INSERT INTO `t_def_address` VALUES ('01', '430000', '湖南省', null);
INSERT INTO `t_def_address` VALUES ('01', '440000', '广东省', null);
INSERT INTO `t_def_address` VALUES ('01', '450000', '广西壮族自治区', null);
INSERT INTO `t_def_address` VALUES ('01', '460000', '海南省', null);
INSERT INTO `t_def_address` VALUES ('01', '500000', '重庆市', null);
INSERT INTO `t_def_address` VALUES ('01', '510000', '四川省', null);
INSERT INTO `t_def_address` VALUES ('01', '520000', '贵州省', null);
INSERT INTO `t_def_address` VALUES ('01', '530000', '云南省', null);
INSERT INTO `t_def_address` VALUES ('01', '540000', '西藏自治区', null);
INSERT INTO `t_def_address` VALUES ('01', '610000', '陕西省', null);
INSERT INTO `t_def_address` VALUES ('01', '620000', '甘肃省', null);
INSERT INTO `t_def_address` VALUES ('01', '630000', '青海省', null);
INSERT INTO `t_def_address` VALUES ('01', '640000', '宁夏回族自治区', null);
INSERT INTO `t_def_address` VALUES ('01', '650000', '新疆维吾尔自治区', null);
INSERT INTO `t_def_address` VALUES ('01', '710000', '台湾省', null);
INSERT INTO `t_def_address` VALUES ('01', '810000', '香港特别行政区', null);
INSERT INTO `t_def_address` VALUES ('01', '820000', '澳门特别行政区', null);
INSERT INTO `t_def_address` VALUES ('02', '110100', '市辖区', '110000');
INSERT INTO `t_def_address` VALUES ('02', '110200', '市县', '110000');
INSERT INTO `t_def_address` VALUES ('02', '120100', '市辖区', '120000');
INSERT INTO `t_def_address` VALUES ('02', '120200', '市县', '120000');
INSERT INTO `t_def_address` VALUES ('02', '130100', '石家庄市', '130000');
INSERT INTO `t_def_address` VALUES ('02', '130200', '唐山市', '130000');
INSERT INTO `t_def_address` VALUES ('02', '130300', '秦皇岛市', '130000');
INSERT INTO `t_def_address` VALUES ('02', '130400', '邯郸市', '130000');
INSERT INTO `t_def_address` VALUES ('02', '130500', '邢台市', '130000');
INSERT INTO `t_def_address` VALUES ('02', '130600', '保定市', '130000');
INSERT INTO `t_def_address` VALUES ('02', '130700', '张家口市', '130000');
INSERT INTO `t_def_address` VALUES ('02', '130800', '承德市', '130000');
INSERT INTO `t_def_address` VALUES ('02', '130900', '沧州市', '130000');
INSERT INTO `t_def_address` VALUES ('02', '131000', '廊坊市', '130000');
INSERT INTO `t_def_address` VALUES ('02', '131100', '衡水市', '130000');
INSERT INTO `t_def_address` VALUES ('02', '140100', '太原市', '140000');
INSERT INTO `t_def_address` VALUES ('02', '140200', '大同市', '140000');
INSERT INTO `t_def_address` VALUES ('02', '140300', '阳泉市', '140000');
INSERT INTO `t_def_address` VALUES ('02', '140400', '长治市', '140000');
INSERT INTO `t_def_address` VALUES ('02', '140500', '晋城市', '140000');
INSERT INTO `t_def_address` VALUES ('02', '140600', '朔州市', '140000');
INSERT INTO `t_def_address` VALUES ('02', '140700', '晋中市', '140000');
INSERT INTO `t_def_address` VALUES ('02', '140800', '运城市', '140000');
INSERT INTO `t_def_address` VALUES ('02', '140900', '忻州市', '140000');
INSERT INTO `t_def_address` VALUES ('02', '141000', '临汾市', '140000');
INSERT INTO `t_def_address` VALUES ('02', '141100', '吕梁市', '140000');
INSERT INTO `t_def_address` VALUES ('02', '150100', '呼和浩特市', '150000');
INSERT INTO `t_def_address` VALUES ('02', '150200', '包头市', '150000');
INSERT INTO `t_def_address` VALUES ('02', '150300', '乌海市', '150000');
INSERT INTO `t_def_address` VALUES ('02', '150400', '赤峰市', '150000');
INSERT INTO `t_def_address` VALUES ('02', '150500', '通辽市', '150000');
INSERT INTO `t_def_address` VALUES ('02', '150600', '鄂尔多斯市', '150000');
INSERT INTO `t_def_address` VALUES ('02', '150700', '呼伦贝尔市', '150000');
INSERT INTO `t_def_address` VALUES ('02', '150800', '巴彦淖尔市', '150000');
INSERT INTO `t_def_address` VALUES ('02', '150900', '乌兰察布市', '150000');
INSERT INTO `t_def_address` VALUES ('02', '152200', '丰镇市兴安盟', '150000');
INSERT INTO `t_def_address` VALUES ('02', '152500', '丰镇市锡林郭勒盟', '150000');
INSERT INTO `t_def_address` VALUES ('02', '152900', '丰镇市阿拉善盟', '150000');
INSERT INTO `t_def_address` VALUES ('02', '210100', '沈阳市', '210000');
INSERT INTO `t_def_address` VALUES ('02', '210200', '大连市', '210000');
INSERT INTO `t_def_address` VALUES ('02', '210300', '鞍山市', '210000');
INSERT INTO `t_def_address` VALUES ('02', '210400', '抚顺市', '210000');
INSERT INTO `t_def_address` VALUES ('02', '210500', '本溪市', '210000');
INSERT INTO `t_def_address` VALUES ('02', '210600', '丹东市', '210000');
INSERT INTO `t_def_address` VALUES ('02', '210700', '锦州市', '210000');
INSERT INTO `t_def_address` VALUES ('02', '210800', '营口市', '210000');
INSERT INTO `t_def_address` VALUES ('02', '210900', '阜新市', '210000');
INSERT INTO `t_def_address` VALUES ('02', '211000', '辽阳市', '210000');
INSERT INTO `t_def_address` VALUES ('02', '211100', '盘锦市', '210000');
INSERT INTO `t_def_address` VALUES ('02', '211200', '铁岭市', '210000');
INSERT INTO `t_def_address` VALUES ('02', '211300', '朝阳市', '210000');
INSERT INTO `t_def_address` VALUES ('02', '211400', '葫芦岛市', '210000');
INSERT INTO `t_def_address` VALUES ('02', '220100', '长春市', '220000');
INSERT INTO `t_def_address` VALUES ('02', '220200', '吉林市', '220000');
INSERT INTO `t_def_address` VALUES ('02', '220300', '四平市', '220000');
INSERT INTO `t_def_address` VALUES ('02', '220400', '辽源市', '220000');
INSERT INTO `t_def_address` VALUES ('02', '220500', '通化市', '220000');
INSERT INTO `t_def_address` VALUES ('02', '220600', '白山市', '220000');
INSERT INTO `t_def_address` VALUES ('02', '220700', '松原市', '220000');
INSERT INTO `t_def_address` VALUES ('02', '220800', '白城市', '220000');
INSERT INTO `t_def_address` VALUES ('02', '222400', '延边朝鲜族自治州', '220000');
INSERT INTO `t_def_address` VALUES ('02', '230100', '哈尔滨市', '230000');
INSERT INTO `t_def_address` VALUES ('02', '230200', '齐齐哈尔市', '230000');
INSERT INTO `t_def_address` VALUES ('02', '230300', '鸡西市', '230000');
INSERT INTO `t_def_address` VALUES ('02', '230400', '鹤岗市', '230000');
INSERT INTO `t_def_address` VALUES ('02', '230500', '双鸭山市', '230000');
INSERT INTO `t_def_address` VALUES ('02', '230600', '大庆市', '230000');
INSERT INTO `t_def_address` VALUES ('02', '230700', '伊春市', '230000');
INSERT INTO `t_def_address` VALUES ('02', '230800', '佳木斯市', '230000');
INSERT INTO `t_def_address` VALUES ('02', '230900', '七台河市', '230000');
INSERT INTO `t_def_address` VALUES ('02', '231000', '牡丹江市', '230000');
INSERT INTO `t_def_address` VALUES ('02', '231100', '黑河市', '230000');
INSERT INTO `t_def_address` VALUES ('02', '231200', '绥化市', '230000');
INSERT INTO `t_def_address` VALUES ('02', '232700', '大兴安岭地区', '230000');
INSERT INTO `t_def_address` VALUES ('02', '310100', '市辖区', '310000');
INSERT INTO `t_def_address` VALUES ('02', '310200', '市县', '310000');
INSERT INTO `t_def_address` VALUES ('02', '320100', '南京市', '320000');
INSERT INTO `t_def_address` VALUES ('02', '320200', '无锡市', '320000');
INSERT INTO `t_def_address` VALUES ('02', '320300', '徐州市', '320000');
INSERT INTO `t_def_address` VALUES ('02', '320400', '常州市', '320000');
INSERT INTO `t_def_address` VALUES ('02', '320500', '苏州市', '320000');
INSERT INTO `t_def_address` VALUES ('02', '320600', '南通市', '320000');
INSERT INTO `t_def_address` VALUES ('02', '320700', '连云港市', '320000');
INSERT INTO `t_def_address` VALUES ('02', '320800', '淮安市', '320000');
INSERT INTO `t_def_address` VALUES ('02', '320900', '盐城市', '320000');
INSERT INTO `t_def_address` VALUES ('02', '321000', '扬州市', '320000');
INSERT INTO `t_def_address` VALUES ('02', '321100', '镇江市', '320000');
INSERT INTO `t_def_address` VALUES ('02', '321200', '泰州市', '320000');
INSERT INTO `t_def_address` VALUES ('02', '321300', '宿迁市', '320000');
INSERT INTO `t_def_address` VALUES ('02', '330100', '杭州市', '330000');
INSERT INTO `t_def_address` VALUES ('02', '330200', '宁波市', '330000');
INSERT INTO `t_def_address` VALUES ('02', '330300', '温州市', '330000');
INSERT INTO `t_def_address` VALUES ('02', '330400', '嘉兴市', '330000');
INSERT INTO `t_def_address` VALUES ('02', '330500', '湖州市', '330000');
INSERT INTO `t_def_address` VALUES ('02', '330600', '绍兴市', '330000');
INSERT INTO `t_def_address` VALUES ('02', '330700', '金华市', '330000');
INSERT INTO `t_def_address` VALUES ('02', '330800', '衢州市', '330000');
INSERT INTO `t_def_address` VALUES ('02', '330900', '舟山市', '330000');
INSERT INTO `t_def_address` VALUES ('02', '331000', '台州市', '330000');
INSERT INTO `t_def_address` VALUES ('02', '331100', '丽水市', '330000');
INSERT INTO `t_def_address` VALUES ('02', '340100', '合肥市', '340000');
INSERT INTO `t_def_address` VALUES ('02', '340200', '芜湖市', '340000');
INSERT INTO `t_def_address` VALUES ('02', '340300', '蚌埠市', '340000');
INSERT INTO `t_def_address` VALUES ('02', '340400', '淮南市', '340000');
INSERT INTO `t_def_address` VALUES ('02', '340500', '马鞍山市', '340000');
INSERT INTO `t_def_address` VALUES ('02', '340600', '淮北市', '340000');
INSERT INTO `t_def_address` VALUES ('02', '340700', '铜陵市', '340000');
INSERT INTO `t_def_address` VALUES ('02', '340800', '安庆市', '340000');
INSERT INTO `t_def_address` VALUES ('02', '341000', '黄山市', '340000');
INSERT INTO `t_def_address` VALUES ('02', '341100', '滁州市', '340000');
INSERT INTO `t_def_address` VALUES ('02', '341200', '阜阳市', '340000');
INSERT INTO `t_def_address` VALUES ('02', '341300', '宿州市', '340000');
INSERT INTO `t_def_address` VALUES ('02', '341400', '巢湖市', '340000');
INSERT INTO `t_def_address` VALUES ('02', '341500', '六安市', '340000');
INSERT INTO `t_def_address` VALUES ('02', '341600', '亳州市', '340000');
INSERT INTO `t_def_address` VALUES ('02', '341700', '池州市', '340000');
INSERT INTO `t_def_address` VALUES ('02', '341800', '宣城市', '340000');
INSERT INTO `t_def_address` VALUES ('02', '341900', '池州市', '340000');
INSERT INTO `t_def_address` VALUES ('02', '350100', '福州市', '350000');
INSERT INTO `t_def_address` VALUES ('02', '350200', '厦门市', '350000');
INSERT INTO `t_def_address` VALUES ('02', '350300', '莆田市', '350000');
INSERT INTO `t_def_address` VALUES ('02', '350400', '三明市', '350000');
INSERT INTO `t_def_address` VALUES ('02', '350500', '泉州市', '350000');
INSERT INTO `t_def_address` VALUES ('02', '350600', '漳州市', '350000');
INSERT INTO `t_def_address` VALUES ('02', '350700', '南平市', '350000');
INSERT INTO `t_def_address` VALUES ('02', '350800', '龙岩市', '350000');
INSERT INTO `t_def_address` VALUES ('02', '350900', '宁德市', '350000');
INSERT INTO `t_def_address` VALUES ('02', '360100', '南昌市', '360000');
INSERT INTO `t_def_address` VALUES ('02', '360200', '景德镇市', '360000');
INSERT INTO `t_def_address` VALUES ('02', '360300', '萍乡市', '360000');
INSERT INTO `t_def_address` VALUES ('02', '360400', '九江市', '360000');
INSERT INTO `t_def_address` VALUES ('02', '360500', '新余市', '360000');
INSERT INTO `t_def_address` VALUES ('02', '360600', '鹰潭市', '360000');
INSERT INTO `t_def_address` VALUES ('02', '360700', '赣州市', '360000');
INSERT INTO `t_def_address` VALUES ('02', '360800', '吉安市', '360000');
INSERT INTO `t_def_address` VALUES ('02', '360900', '宜春市', '360000');
INSERT INTO `t_def_address` VALUES ('02', '361000', '抚州市', '360000');
INSERT INTO `t_def_address` VALUES ('02', '361100', '上饶市', '360000');
INSERT INTO `t_def_address` VALUES ('02', '370100', '济南市', '370000');
INSERT INTO `t_def_address` VALUES ('02', '370200', '青岛市', '370000');
INSERT INTO `t_def_address` VALUES ('02', '370300', '淄博市', '370000');
INSERT INTO `t_def_address` VALUES ('02', '370400', '枣庄市', '370000');
INSERT INTO `t_def_address` VALUES ('02', '370500', '东营市', '370000');
INSERT INTO `t_def_address` VALUES ('02', '370600', '烟台市', '370000');
INSERT INTO `t_def_address` VALUES ('02', '370700', '潍坊市', '370000');
INSERT INTO `t_def_address` VALUES ('02', '370800', '济宁市', '370000');
INSERT INTO `t_def_address` VALUES ('02', '370900', '泰安市', '370000');
INSERT INTO `t_def_address` VALUES ('02', '371000', '威海市', '370000');
INSERT INTO `t_def_address` VALUES ('02', '371100', '日照市', '370000');
INSERT INTO `t_def_address` VALUES ('02', '371200', '莱芜市', '370000');
INSERT INTO `t_def_address` VALUES ('02', '371300', '临沂市', '370000');
INSERT INTO `t_def_address` VALUES ('02', '371400', '德州市', '370000');
INSERT INTO `t_def_address` VALUES ('02', '371500', '聊城市', '370000');
INSERT INTO `t_def_address` VALUES ('02', '371600', '滨州市', '370000');
INSERT INTO `t_def_address` VALUES ('02', '371700', '菏泽市', '370000');
INSERT INTO `t_def_address` VALUES ('02', '410100', '郑州市', '410000');
INSERT INTO `t_def_address` VALUES ('02', '410200', '开封市', '410000');
INSERT INTO `t_def_address` VALUES ('02', '410300', '洛阳市', '410000');
INSERT INTO `t_def_address` VALUES ('02', '410400', '平顶山市', '410000');
INSERT INTO `t_def_address` VALUES ('02', '410500', '安阳市', '410000');
INSERT INTO `t_def_address` VALUES ('02', '410600', '鹤壁市', '410000');
INSERT INTO `t_def_address` VALUES ('02', '410700', '新乡市', '410000');
INSERT INTO `t_def_address` VALUES ('02', '410800', '焦作市', '410000');
INSERT INTO `t_def_address` VALUES ('02', '410900', '濮阳市', '410000');
INSERT INTO `t_def_address` VALUES ('02', '411000', '许昌市', '410000');
INSERT INTO `t_def_address` VALUES ('02', '411100', '漯河市', '410000');
INSERT INTO `t_def_address` VALUES ('02', '411200', '三门峡市', '410000');
INSERT INTO `t_def_address` VALUES ('02', '411300', '南阳市', '410000');
INSERT INTO `t_def_address` VALUES ('02', '411400', '商丘市', '410000');
INSERT INTO `t_def_address` VALUES ('02', '411500', '信阳市', '410000');
INSERT INTO `t_def_address` VALUES ('02', '411600', '周口市', '410000');
INSERT INTO `t_def_address` VALUES ('02', '411700', '驻马店市', '410000');
INSERT INTO `t_def_address` VALUES ('02', '420100', '武汉市', '420000');
INSERT INTO `t_def_address` VALUES ('02', '420200', '黄石市', '420000');
INSERT INTO `t_def_address` VALUES ('02', '420300', '十堰市', '420000');
INSERT INTO `t_def_address` VALUES ('02', '420500', '宜昌市', '420000');
INSERT INTO `t_def_address` VALUES ('02', '420600', '襄樊市', '420000');
INSERT INTO `t_def_address` VALUES ('02', '420700', '鄂州市', '420000');
INSERT INTO `t_def_address` VALUES ('02', '420800', '荆门市', '420000');
INSERT INTO `t_def_address` VALUES ('02', '420900', '孝感市', '420000');
INSERT INTO `t_def_address` VALUES ('02', '421000', '荆州市', '420000');
INSERT INTO `t_def_address` VALUES ('02', '421100', '黄冈市', '420000');
INSERT INTO `t_def_address` VALUES ('02', '421200', '咸宁市', '420000');
INSERT INTO `t_def_address` VALUES ('02', '421300', '随州市', '420000');
INSERT INTO `t_def_address` VALUES ('02', '422800', '恩施土家族苗族自治州', '420000');
INSERT INTO `t_def_address` VALUES ('02', '429000', '直辖行政单位', '420000');
INSERT INTO `t_def_address` VALUES ('02', '430100', '长沙市', '430000');
INSERT INTO `t_def_address` VALUES ('02', '430200', '株洲市', '430000');
INSERT INTO `t_def_address` VALUES ('02', '430300', '湘潭市', '430000');
INSERT INTO `t_def_address` VALUES ('02', '430400', '衡阳市', '430000');
INSERT INTO `t_def_address` VALUES ('02', '430500', '邵阳市', '430000');
INSERT INTO `t_def_address` VALUES ('02', '430600', '岳阳市', '430000');
INSERT INTO `t_def_address` VALUES ('02', '430700', '常德市', '430000');
INSERT INTO `t_def_address` VALUES ('02', '430800', '张家界市', '430000');
INSERT INTO `t_def_address` VALUES ('02', '430900', '益阳市', '430000');
INSERT INTO `t_def_address` VALUES ('02', '431000', '郴州市', '430000');
INSERT INTO `t_def_address` VALUES ('02', '431100', '永州市', '430000');
INSERT INTO `t_def_address` VALUES ('02', '431200', '怀化市', '430000');
INSERT INTO `t_def_address` VALUES ('02', '431300', '娄底市', '430000');
INSERT INTO `t_def_address` VALUES ('02', '433100', '湘西土家族苗族自治州', '430000');
INSERT INTO `t_def_address` VALUES ('02', '440100', '广州市', '440000');
INSERT INTO `t_def_address` VALUES ('02', '440200', '韶关市', '440000');
INSERT INTO `t_def_address` VALUES ('02', '440300', '深圳市', '440000');
INSERT INTO `t_def_address` VALUES ('02', '440400', '珠海市', '440000');
INSERT INTO `t_def_address` VALUES ('02', '440500', '汕头市', '440000');
INSERT INTO `t_def_address` VALUES ('02', '440600', '佛山市', '440000');
INSERT INTO `t_def_address` VALUES ('02', '440700', '江门市', '440000');
INSERT INTO `t_def_address` VALUES ('02', '440800', '湛江市', '440000');
INSERT INTO `t_def_address` VALUES ('02', '440900', '茂名市', '440000');
INSERT INTO `t_def_address` VALUES ('02', '441200', '肇庆市', '440000');
INSERT INTO `t_def_address` VALUES ('02', '441300', '惠州市', '440000');
INSERT INTO `t_def_address` VALUES ('02', '441400', '梅州市', '440000');
INSERT INTO `t_def_address` VALUES ('02', '441500', '汕尾市', '440000');
INSERT INTO `t_def_address` VALUES ('02', '441600', '河源市', '440000');
INSERT INTO `t_def_address` VALUES ('02', '441700', '阳江市', '440000');
INSERT INTO `t_def_address` VALUES ('02', '441800', '清远市', '440000');
INSERT INTO `t_def_address` VALUES ('02', '441900', '东莞市', '440000');
INSERT INTO `t_def_address` VALUES ('02', '442000', '中山市', '440000');
INSERT INTO `t_def_address` VALUES ('02', '445100', '潮州市', '440000');
INSERT INTO `t_def_address` VALUES ('02', '445200', '揭阳市', '440000');
INSERT INTO `t_def_address` VALUES ('02', '445300', '云浮市', '440000');
INSERT INTO `t_def_address` VALUES ('02', '450100', '南宁市', '450000');
INSERT INTO `t_def_address` VALUES ('02', '450200', '柳州市', '450000');
INSERT INTO `t_def_address` VALUES ('02', '450300', '桂林市', '450000');
INSERT INTO `t_def_address` VALUES ('02', '450400', '梧州市', '450000');
INSERT INTO `t_def_address` VALUES ('02', '450500', '北海市', '450000');
INSERT INTO `t_def_address` VALUES ('02', '450600', '防城港市', '450000');
INSERT INTO `t_def_address` VALUES ('02', '450700', '钦州市', '450000');
INSERT INTO `t_def_address` VALUES ('02', '450800', '贵港市', '450000');
INSERT INTO `t_def_address` VALUES ('02', '450900', '玉林市', '450000');
INSERT INTO `t_def_address` VALUES ('02', '451000', '百色市', '450000');
INSERT INTO `t_def_address` VALUES ('02', '451100', '贺州市', '450000');
INSERT INTO `t_def_address` VALUES ('02', '451200', '河池市', '450000');
INSERT INTO `t_def_address` VALUES ('02', '451300', '来宾市', '450000');
INSERT INTO `t_def_address` VALUES ('02', '451400', '崇左市', '450000');
INSERT INTO `t_def_address` VALUES ('02', '460100', '海口市', '460000');
INSERT INTO `t_def_address` VALUES ('02', '460200', '三亚市', '460000');
INSERT INTO `t_def_address` VALUES ('02', '469000', '直辖县级行政单位', '460000');
INSERT INTO `t_def_address` VALUES ('02', '500100', '市辖区', '500000');
INSERT INTO `t_def_address` VALUES ('02', '500200', '市县', '500000');
INSERT INTO `t_def_address` VALUES ('02', '500300', '重庆市市', '500000');
INSERT INTO `t_def_address` VALUES ('02', '510100', '成都市', '510000');
INSERT INTO `t_def_address` VALUES ('02', '510300', '自贡市', '510000');
INSERT INTO `t_def_address` VALUES ('02', '510400', '攀枝花市', '510000');
INSERT INTO `t_def_address` VALUES ('02', '510500', '泸州市', '510000');
INSERT INTO `t_def_address` VALUES ('02', '510600', '德阳市', '510000');
INSERT INTO `t_def_address` VALUES ('02', '510700', '绵阳市', '510000');
INSERT INTO `t_def_address` VALUES ('02', '510800', '广元市', '510000');
INSERT INTO `t_def_address` VALUES ('02', '510900', '遂宁市', '510000');
INSERT INTO `t_def_address` VALUES ('02', '511000', '内江市', '510000');
INSERT INTO `t_def_address` VALUES ('02', '511100', '乐山市', '510000');
INSERT INTO `t_def_address` VALUES ('02', '511300', '南充市', '510000');
INSERT INTO `t_def_address` VALUES ('02', '511400', '眉山市', '510000');
INSERT INTO `t_def_address` VALUES ('02', '511500', '宜宾市', '510000');
INSERT INTO `t_def_address` VALUES ('02', '511600', '广安市', '510000');
INSERT INTO `t_def_address` VALUES ('02', '511700', '达州市', '510000');
INSERT INTO `t_def_address` VALUES ('02', '511800', '万源市雅安市', '510000');
INSERT INTO `t_def_address` VALUES ('02', '511900', '巴中市', '510000');
INSERT INTO `t_def_address` VALUES ('02', '512000', '资阳市', '510000');
INSERT INTO `t_def_address` VALUES ('02', '513200', '阿坝藏族羌族自治州', '510000');
INSERT INTO `t_def_address` VALUES ('02', '513300', '甘孜藏族自治州', '510000');
INSERT INTO `t_def_address` VALUES ('02', '513400', '凉山彝族自治州', '510000');
INSERT INTO `t_def_address` VALUES ('02', '520100', '贵阳市', '520000');
INSERT INTO `t_def_address` VALUES ('02', '520200', '六盘水市', '520000');
INSERT INTO `t_def_address` VALUES ('02', '520300', '遵义市', '520000');
INSERT INTO `t_def_address` VALUES ('02', '520400', '安顺市', '520000');
INSERT INTO `t_def_address` VALUES ('02', '522200', '铜仁地区', '520000');
INSERT INTO `t_def_address` VALUES ('02', '522300', '黔西南布依族苗族自治州', '520000');
INSERT INTO `t_def_address` VALUES ('02', '522400', '毕节地区', '520000');
INSERT INTO `t_def_address` VALUES ('02', '522600', '南苗族侗族自治州', '520000');
INSERT INTO `t_def_address` VALUES ('02', '522700', '黔南布依族苗族自治州', '520000');
INSERT INTO `t_def_address` VALUES ('02', '530100', '昆明市', '530000');
INSERT INTO `t_def_address` VALUES ('02', '530300', '曲靖市', '530000');
INSERT INTO `t_def_address` VALUES ('02', '530400', '玉溪市', '530000');
INSERT INTO `t_def_address` VALUES ('02', '530500', '保山市', '530000');
INSERT INTO `t_def_address` VALUES ('02', '530600', '昭通市', '530000');
INSERT INTO `t_def_address` VALUES ('02', '530700', '丽江市', '530000');
INSERT INTO `t_def_address` VALUES ('02', '530800', '思茅市', '530000');
INSERT INTO `t_def_address` VALUES ('02', '530900', '临沧市', '530000');
INSERT INTO `t_def_address` VALUES ('02', '532300', '楚雄彝族自治州', '530000');
INSERT INTO `t_def_address` VALUES ('02', '532500', '红河哈尼族彝族自治州', '530000');
INSERT INTO `t_def_address` VALUES ('02', '532600', '文山壮族苗族自治州', '530000');
INSERT INTO `t_def_address` VALUES ('02', '532800', '西双版纳傣族自治州', '530000');
INSERT INTO `t_def_address` VALUES ('02', '532900', '大理白族自治州', '530000');
INSERT INTO `t_def_address` VALUES ('02', '533100', '德宏傣族景颇族自治州', '530000');
INSERT INTO `t_def_address` VALUES ('02', '533300', '怒江傈僳族自治州', '530000');
INSERT INTO `t_def_address` VALUES ('02', '533400', '迪庆藏族自治州', '530000');
INSERT INTO `t_def_address` VALUES ('02', '540100', '拉萨市', '540000');
INSERT INTO `t_def_address` VALUES ('02', '542100', '昌都地区', '540000');
INSERT INTO `t_def_address` VALUES ('02', '542200', '山南地区', '540000');
INSERT INTO `t_def_address` VALUES ('02', '542300', '日喀则地区', '540000');
INSERT INTO `t_def_address` VALUES ('02', '542400', '那曲地区', '540000');
INSERT INTO `t_def_address` VALUES ('02', '542500', '阿里地区', '540000');
INSERT INTO `t_def_address` VALUES ('02', '542600', '林芝地区', '540000');
INSERT INTO `t_def_address` VALUES ('02', '610100', '西安市西安市', '610000');
INSERT INTO `t_def_address` VALUES ('02', '610200', '铜川市', '610000');
INSERT INTO `t_def_address` VALUES ('02', '610300', '宝鸡市', '610000');
INSERT INTO `t_def_address` VALUES ('02', '610400', '咸阳市', '610000');
INSERT INTO `t_def_address` VALUES ('02', '610500', '渭南市', '610000');
INSERT INTO `t_def_address` VALUES ('02', '610600', '延安市', '610000');
INSERT INTO `t_def_address` VALUES ('02', '610700', '汉中市', '610000');
INSERT INTO `t_def_address` VALUES ('02', '610800', '榆林市', '610000');
INSERT INTO `t_def_address` VALUES ('02', '610900', '安康市', '610000');
INSERT INTO `t_def_address` VALUES ('02', '611000', '商洛市', '610000');
INSERT INTO `t_def_address` VALUES ('02', '620100', '兰州市', '620000');
INSERT INTO `t_def_address` VALUES ('02', '620200', '嘉峪关市', '620000');
INSERT INTO `t_def_address` VALUES ('02', '620300', '金昌市', '620000');
INSERT INTO `t_def_address` VALUES ('02', '620400', '白银市', '620000');
INSERT INTO `t_def_address` VALUES ('02', '620500', '天水市', '620000');
INSERT INTO `t_def_address` VALUES ('02', '620600', '武威市', '620000');
INSERT INTO `t_def_address` VALUES ('02', '620700', '张掖市', '620000');
INSERT INTO `t_def_address` VALUES ('02', '620800', '平凉市', '620000');
INSERT INTO `t_def_address` VALUES ('02', '620900', '酒泉市', '620000');
INSERT INTO `t_def_address` VALUES ('02', '621000', '庆阳市', '620000');
INSERT INTO `t_def_address` VALUES ('02', '621100', '定西市', '620000');
INSERT INTO `t_def_address` VALUES ('02', '621200', '陇南市', '620000');
INSERT INTO `t_def_address` VALUES ('02', '622900', '临夏回族自治州', '620000');
INSERT INTO `t_def_address` VALUES ('02', '623000', '甘南藏族自治州', '620000');
INSERT INTO `t_def_address` VALUES ('02', '630100', '西宁市', '630000');
INSERT INTO `t_def_address` VALUES ('02', '632100', '海东地区', '630000');
INSERT INTO `t_def_address` VALUES ('02', '632200', '海北藏族自治州', '630000');
INSERT INTO `t_def_address` VALUES ('02', '632300', '黄南藏族自治州', '630000');
INSERT INTO `t_def_address` VALUES ('02', '632500', '海南藏族自治州', '630000');
INSERT INTO `t_def_address` VALUES ('02', '632600', '果洛藏族自治州', '630000');
INSERT INTO `t_def_address` VALUES ('02', '632700', '玉树藏族自治州', '630000');
INSERT INTO `t_def_address` VALUES ('02', '632800', '海西蒙古族藏族自治州', '630000');
INSERT INTO `t_def_address` VALUES ('02', '640100', '银川市', '640000');
INSERT INTO `t_def_address` VALUES ('02', '640200', '石嘴山市', '640000');
INSERT INTO `t_def_address` VALUES ('02', '640300', '吴忠市', '640000');
INSERT INTO `t_def_address` VALUES ('02', '640400', '固原市', '640000');
INSERT INTO `t_def_address` VALUES ('02', '640500', '中卫市', '640000');
INSERT INTO `t_def_address` VALUES ('02', '650100', '乌鲁木齐市', '650000');
INSERT INTO `t_def_address` VALUES ('02', '650200', '克拉玛依市', '650000');
INSERT INTO `t_def_address` VALUES ('02', '652100', '吐鲁番地区', '650000');
INSERT INTO `t_def_address` VALUES ('02', '652200', '哈密地区', '650000');
INSERT INTO `t_def_address` VALUES ('02', '652300', '昌吉回族自治州', '650000');
INSERT INTO `t_def_address` VALUES ('02', '652700', '博尔塔拉蒙古自治州', '650000');
INSERT INTO `t_def_address` VALUES ('02', '652800', '巴音郭楞蒙古自治州', '650000');
INSERT INTO `t_def_address` VALUES ('02', '652900', '阿克苏地区', '650000');
INSERT INTO `t_def_address` VALUES ('02', '653000', '克孜勒苏柯尔克孜自治州', '650000');
INSERT INTO `t_def_address` VALUES ('02', '653100', '喀什地区', '650000');
INSERT INTO `t_def_address` VALUES ('02', '653200', '和田地区', '650000');
INSERT INTO `t_def_address` VALUES ('02', '654000', '伊犁哈萨克自治州', '650000');
INSERT INTO `t_def_address` VALUES ('02', '654200', '塔城地区', '650000');
INSERT INTO `t_def_address` VALUES ('02', '654300', '阿勒泰地区', '650000');
INSERT INTO `t_def_address` VALUES ('02', '659000', '省直辖行政单位', '650000');
INSERT INTO `t_def_address` VALUES ('02', '710100', '台北市', '710000');
INSERT INTO `t_def_address` VALUES ('02', '710200', '高雄市', '710000');
INSERT INTO `t_def_address` VALUES ('02', '710300', '基隆市', '710000');
INSERT INTO `t_def_address` VALUES ('02', '710400', '台中市', '710000');
INSERT INTO `t_def_address` VALUES ('02', '710500', '台南市', '710000');
INSERT INTO `t_def_address` VALUES ('02', '710600', '新竹市', '710000');
INSERT INTO `t_def_address` VALUES ('02', '710700', '嘉义市', '710000');
INSERT INTO `t_def_address` VALUES ('02', '710800', '台北县(板桥市)　', '710000');
INSERT INTO `t_def_address` VALUES ('02', '710900', '宜兰县(宜兰市)', '710000');
INSERT INTO `t_def_address` VALUES ('02', '711000', '新竹县(竹北市)', '710000');
INSERT INTO `t_def_address` VALUES ('02', '711100', '桃园县(桃园市)', '710000');
INSERT INTO `t_def_address` VALUES ('02', '711200', '苗栗县(苗栗市)', '710000');
INSERT INTO `t_def_address` VALUES ('02', '711300', '台中县(丰原市) ', '710000');
INSERT INTO `t_def_address` VALUES ('02', '711400', '彰化县(彰化市)', '710000');
INSERT INTO `t_def_address` VALUES ('02', '711500', '南投县(南投市)', '710000');
INSERT INTO `t_def_address` VALUES ('02', '711600', '嘉义县(太保市)', '710000');
INSERT INTO `t_def_address` VALUES ('02', '711700', '云林县(斗六市)', '710000');
INSERT INTO `t_def_address` VALUES ('02', '711800', '台南县(新营市)', '710000');
INSERT INTO `t_def_address` VALUES ('02', '711900', '高雄县(凤山市)', '710000');
INSERT INTO `t_def_address` VALUES ('02', '712000', '屏东县(屏东市)', '710000');
INSERT INTO `t_def_address` VALUES ('02', '712100', '台东县(台东市)　', '710000');
INSERT INTO `t_def_address` VALUES ('02', '712200', '花莲县(花莲市)', '710000');
INSERT INTO `t_def_address` VALUES ('02', '712300', '澎湖县(马公市)', '710000');
INSERT INTO `t_def_address` VALUES ('02', '810100', '市辖区', '810000');
INSERT INTO `t_def_address` VALUES ('03', '110101', '东城区', '110100');
INSERT INTO `t_def_address` VALUES ('03', '110102', '西城区', '110100');
INSERT INTO `t_def_address` VALUES ('03', '110103', '崇文区', '110100');
INSERT INTO `t_def_address` VALUES ('03', '110104', '宣武区', '110100');
INSERT INTO `t_def_address` VALUES ('03', '110105', '朝阳区', '110100');
INSERT INTO `t_def_address` VALUES ('03', '110106', '丰台区', '110100');
INSERT INTO `t_def_address` VALUES ('03', '110107', '石景山区', '110100');
INSERT INTO `t_def_address` VALUES ('03', '110108', '海淀区', '110100');
INSERT INTO `t_def_address` VALUES ('03', '110109', '门头沟区', '110100');
INSERT INTO `t_def_address` VALUES ('03', '110111', '房山区', '110100');
INSERT INTO `t_def_address` VALUES ('03', '110112', '通州区', '110100');
INSERT INTO `t_def_address` VALUES ('03', '110113', '顺义区', '110100');
INSERT INTO `t_def_address` VALUES ('03', '110114', '昌平区', '110100');
INSERT INTO `t_def_address` VALUES ('03', '110115', '大兴区', '110100');
INSERT INTO `t_def_address` VALUES ('03', '110116', '怀柔区', '110100');
INSERT INTO `t_def_address` VALUES ('03', '110117', '平谷区', '110100');
INSERT INTO `t_def_address` VALUES ('03', '110228', '密云县', '110200');
INSERT INTO `t_def_address` VALUES ('03', '110229', '延庆县', '110200');
INSERT INTO `t_def_address` VALUES ('03', '120101', '和平区', '120100');
INSERT INTO `t_def_address` VALUES ('03', '120102', '河东区', '120100');
INSERT INTO `t_def_address` VALUES ('03', '120103', '河西区', '120100');
INSERT INTO `t_def_address` VALUES ('03', '120104', '南开区', '120100');
INSERT INTO `t_def_address` VALUES ('03', '120105', '河北区', '120100');
INSERT INTO `t_def_address` VALUES ('03', '120106', '红桥区', '120100');
INSERT INTO `t_def_address` VALUES ('03', '120107', '塘沽区', '120100');
INSERT INTO `t_def_address` VALUES ('03', '120108', '汉沽区', '120100');
INSERT INTO `t_def_address` VALUES ('03', '120109', '大港区', '120100');
INSERT INTO `t_def_address` VALUES ('03', '120110', '东丽区', '120100');
INSERT INTO `t_def_address` VALUES ('03', '120111', '西青区', '120100');
INSERT INTO `t_def_address` VALUES ('03', '120112', '津南区', '120100');
INSERT INTO `t_def_address` VALUES ('03', '120113', '北辰区', '120100');
INSERT INTO `t_def_address` VALUES ('03', '120114', '武清区', '120100');
INSERT INTO `t_def_address` VALUES ('03', '120115', '宝坻区', '120100');
INSERT INTO `t_def_address` VALUES ('03', '120221', '宁河县', '120200');
INSERT INTO `t_def_address` VALUES ('03', '120223', '静海县', '120200');
INSERT INTO `t_def_address` VALUES ('03', '120225', '蓟县', '120200');
INSERT INTO `t_def_address` VALUES ('03', '130101', '市辖区', '130100');
INSERT INTO `t_def_address` VALUES ('03', '130102', '长安区', '130100');
INSERT INTO `t_def_address` VALUES ('03', '130103', '桥东区', '130100');
INSERT INTO `t_def_address` VALUES ('03', '130104', '桥西区', '130100');
INSERT INTO `t_def_address` VALUES ('03', '130105', '新华区', '130100');
INSERT INTO `t_def_address` VALUES ('03', '130107', '井陉矿区', '130100');
INSERT INTO `t_def_address` VALUES ('03', '130108', '裕华区', '130100');
INSERT INTO `t_def_address` VALUES ('03', '130121', '井陉县', '130100');
INSERT INTO `t_def_address` VALUES ('03', '130123', '正定县', '130100');
INSERT INTO `t_def_address` VALUES ('03', '130124', '栾城县', '130100');
INSERT INTO `t_def_address` VALUES ('03', '130125', '行唐县', '130100');
INSERT INTO `t_def_address` VALUES ('03', '130126', '灵寿县', '130100');
INSERT INTO `t_def_address` VALUES ('03', '130127', '高邑县', '130100');
INSERT INTO `t_def_address` VALUES ('03', '130128', '深泽县', '130100');
INSERT INTO `t_def_address` VALUES ('03', '130129', '赞皇县', '130100');
INSERT INTO `t_def_address` VALUES ('03', '130130', '无极县', '130100');
INSERT INTO `t_def_address` VALUES ('03', '130131', '平山县', '130100');
INSERT INTO `t_def_address` VALUES ('03', '130132', '元氏县', '130100');
INSERT INTO `t_def_address` VALUES ('03', '130133', '赵县', '130100');
INSERT INTO `t_def_address` VALUES ('03', '130181', '辛集市', '130100');
INSERT INTO `t_def_address` VALUES ('03', '130182', '藁城市', '130100');
INSERT INTO `t_def_address` VALUES ('03', '130183', '晋州市', '130100');
INSERT INTO `t_def_address` VALUES ('03', '130184', '新乐市', '130100');
INSERT INTO `t_def_address` VALUES ('03', '130185', '鹿泉市', '130100');
INSERT INTO `t_def_address` VALUES ('03', '130201', '市辖区', '130200');
INSERT INTO `t_def_address` VALUES ('03', '130202', '路南区', '130200');
INSERT INTO `t_def_address` VALUES ('03', '130203', '路北区', '130200');
INSERT INTO `t_def_address` VALUES ('03', '130204', '古冶区', '130200');
INSERT INTO `t_def_address` VALUES ('03', '130205', '开平区', '130200');
INSERT INTO `t_def_address` VALUES ('03', '130207', '丰南区', '130200');
INSERT INTO `t_def_address` VALUES ('03', '130208', '丰润区', '130200');
INSERT INTO `t_def_address` VALUES ('03', '130223', '滦县', '130200');
INSERT INTO `t_def_address` VALUES ('03', '130224', '滦南县', '130200');
INSERT INTO `t_def_address` VALUES ('03', '130225', '乐亭县', '130200');
INSERT INTO `t_def_address` VALUES ('03', '130227', '迁西县', '130200');
INSERT INTO `t_def_address` VALUES ('03', '130229', '玉田县', '130200');
INSERT INTO `t_def_address` VALUES ('03', '130230', '唐海县', '130200');
INSERT INTO `t_def_address` VALUES ('03', '130281', '遵化市', '130200');
INSERT INTO `t_def_address` VALUES ('03', '130283', '迁安市', '130200');
INSERT INTO `t_def_address` VALUES ('03', '130301', '市辖区', '130300');
INSERT INTO `t_def_address` VALUES ('03', '130302', '海港区', '130300');
INSERT INTO `t_def_address` VALUES ('03', '130303', '山海关区', '130300');
INSERT INTO `t_def_address` VALUES ('03', '130304', '北戴河区', '130300');
INSERT INTO `t_def_address` VALUES ('03', '130321', '青龙满族自治县', '130300');
INSERT INTO `t_def_address` VALUES ('03', '130322', '昌黎县', '130300');
INSERT INTO `t_def_address` VALUES ('03', '130323', '抚宁县', '130300');
INSERT INTO `t_def_address` VALUES ('03', '130324', '卢龙县', '130300');
INSERT INTO `t_def_address` VALUES ('03', '130401', '市辖区', '130400');
INSERT INTO `t_def_address` VALUES ('03', '130402', '邯山区', '130400');
INSERT INTO `t_def_address` VALUES ('03', '130403', '丛台区', '130400');
INSERT INTO `t_def_address` VALUES ('03', '130404', '复兴区', '130400');
INSERT INTO `t_def_address` VALUES ('03', '130406', '峰峰矿区', '130400');
INSERT INTO `t_def_address` VALUES ('03', '130421', '邯郸县', '130400');
INSERT INTO `t_def_address` VALUES ('03', '130423', '临漳县', '130400');
INSERT INTO `t_def_address` VALUES ('03', '130424', '成安县', '130400');
INSERT INTO `t_def_address` VALUES ('03', '130425', '大名县', '130400');
INSERT INTO `t_def_address` VALUES ('03', '130426', '涉县', '130400');
INSERT INTO `t_def_address` VALUES ('03', '130427', '磁县', '130400');
INSERT INTO `t_def_address` VALUES ('03', '130428', '肥乡县', '130400');
INSERT INTO `t_def_address` VALUES ('03', '130429', '永年县', '130400');
INSERT INTO `t_def_address` VALUES ('03', '130430', '邱县', '130400');
INSERT INTO `t_def_address` VALUES ('03', '130431', '鸡泽县', '130400');
INSERT INTO `t_def_address` VALUES ('03', '130432', '广平县', '130400');
INSERT INTO `t_def_address` VALUES ('03', '130433', '馆陶县', '130400');
INSERT INTO `t_def_address` VALUES ('03', '130434', '魏县', '130400');
INSERT INTO `t_def_address` VALUES ('03', '130435', '曲周县', '130400');
INSERT INTO `t_def_address` VALUES ('03', '130481', '武安市', '130400');
INSERT INTO `t_def_address` VALUES ('03', '130501', '市辖区', '130500');
INSERT INTO `t_def_address` VALUES ('03', '130502', '桥东区', '130500');
INSERT INTO `t_def_address` VALUES ('03', '130503', '桥西区', '130500');
INSERT INTO `t_def_address` VALUES ('03', '130521', '邢台县', '130500');
INSERT INTO `t_def_address` VALUES ('03', '130522', '临城县', '130500');
INSERT INTO `t_def_address` VALUES ('03', '130523', '内丘县', '130500');
INSERT INTO `t_def_address` VALUES ('03', '130524', '柏乡县', '130500');
INSERT INTO `t_def_address` VALUES ('03', '130525', '隆尧县', '130500');
INSERT INTO `t_def_address` VALUES ('03', '130526', '任县', '130500');
INSERT INTO `t_def_address` VALUES ('03', '130527', '南和县', '130500');
INSERT INTO `t_def_address` VALUES ('03', '130528', '宁晋县', '130500');
INSERT INTO `t_def_address` VALUES ('03', '130529', '巨鹿县', '130500');
INSERT INTO `t_def_address` VALUES ('03', '130530', '新河县', '130500');
INSERT INTO `t_def_address` VALUES ('03', '130531', '广宗县', '130500');
INSERT INTO `t_def_address` VALUES ('03', '130532', '平乡县', '130500');
INSERT INTO `t_def_address` VALUES ('03', '130533', '威县', '130500');
INSERT INTO `t_def_address` VALUES ('03', '130534', '清河县', '130500');
INSERT INTO `t_def_address` VALUES ('03', '130535', '临西县', '130500');
INSERT INTO `t_def_address` VALUES ('03', '130581', '南宫市', '130500');
INSERT INTO `t_def_address` VALUES ('03', '130582', '沙河市', '130500');
INSERT INTO `t_def_address` VALUES ('03', '130601', '市辖区', '130600');
INSERT INTO `t_def_address` VALUES ('03', '130602', '新市区', '130600');
INSERT INTO `t_def_address` VALUES ('03', '130603', '北市区', '130600');
INSERT INTO `t_def_address` VALUES ('03', '130604', '南市区', '130600');
INSERT INTO `t_def_address` VALUES ('03', '130621', '满城县', '130600');
INSERT INTO `t_def_address` VALUES ('03', '130622', '清苑县', '130600');
INSERT INTO `t_def_address` VALUES ('03', '130623', '涞水县', '130600');
INSERT INTO `t_def_address` VALUES ('03', '130624', '阜平县', '130600');
INSERT INTO `t_def_address` VALUES ('03', '130625', '徐水县', '130600');
INSERT INTO `t_def_address` VALUES ('03', '130626', '定兴县', '130600');
INSERT INTO `t_def_address` VALUES ('03', '130627', '唐县', '130600');
INSERT INTO `t_def_address` VALUES ('03', '130628', '高阳县', '130600');
INSERT INTO `t_def_address` VALUES ('03', '130629', '容城县', '130600');
INSERT INTO `t_def_address` VALUES ('03', '130630', '涞源县', '130600');
INSERT INTO `t_def_address` VALUES ('03', '130631', '望都县', '130600');
INSERT INTO `t_def_address` VALUES ('03', '130632', '安新县', '130600');
INSERT INTO `t_def_address` VALUES ('03', '130633', '易县', '130600');
INSERT INTO `t_def_address` VALUES ('03', '130634', '曲阳县', '130600');
INSERT INTO `t_def_address` VALUES ('03', '130635', '蠡县', '130600');
INSERT INTO `t_def_address` VALUES ('03', '130636', '顺平县', '130600');
INSERT INTO `t_def_address` VALUES ('03', '130637', '博野县', '130600');
INSERT INTO `t_def_address` VALUES ('03', '130638', '雄县', '130600');
INSERT INTO `t_def_address` VALUES ('03', '130681', '涿州市', '130600');
INSERT INTO `t_def_address` VALUES ('03', '130682', '定州市', '130600');
INSERT INTO `t_def_address` VALUES ('03', '130683', '安国市', '130600');
INSERT INTO `t_def_address` VALUES ('03', '130684', '高碑店市', '130600');
INSERT INTO `t_def_address` VALUES ('03', '130701', '市辖区', '130700');
INSERT INTO `t_def_address` VALUES ('03', '130702', '桥东区', '130700');
INSERT INTO `t_def_address` VALUES ('03', '130703', '桥西区', '130700');
INSERT INTO `t_def_address` VALUES ('03', '130705', '宣化区', '130700');
INSERT INTO `t_def_address` VALUES ('03', '130706', '下花园区', '130700');
INSERT INTO `t_def_address` VALUES ('03', '130721', '宣化县', '130700');
INSERT INTO `t_def_address` VALUES ('03', '130722', '张北县', '130700');
INSERT INTO `t_def_address` VALUES ('03', '130723', '康保县', '130700');
INSERT INTO `t_def_address` VALUES ('03', '130724', '沽源县', '130700');
INSERT INTO `t_def_address` VALUES ('03', '130725', '尚义县', '130700');
INSERT INTO `t_def_address` VALUES ('03', '130726', '蔚县', '130700');
INSERT INTO `t_def_address` VALUES ('03', '130727', '阳原县', '130700');
INSERT INTO `t_def_address` VALUES ('03', '130728', '怀安县', '130700');
INSERT INTO `t_def_address` VALUES ('03', '130729', '万全县', '130700');
INSERT INTO `t_def_address` VALUES ('03', '130730', '怀来县', '130700');
INSERT INTO `t_def_address` VALUES ('03', '130731', '涿鹿县', '130700');
INSERT INTO `t_def_address` VALUES ('03', '130732', '赤城县', '130700');
INSERT INTO `t_def_address` VALUES ('03', '130733', '崇礼县', '130700');
INSERT INTO `t_def_address` VALUES ('03', '130801', '市辖区', '130800');
INSERT INTO `t_def_address` VALUES ('03', '130802', '双桥区', '130800');
INSERT INTO `t_def_address` VALUES ('03', '130803', '双滦区', '130800');
INSERT INTO `t_def_address` VALUES ('03', '130804', '鹰手营子矿区', '130800');
INSERT INTO `t_def_address` VALUES ('03', '130821', '县', '130800');
INSERT INTO `t_def_address` VALUES ('03', '130822', '兴隆县', '130800');
INSERT INTO `t_def_address` VALUES ('03', '130823', '平泉县', '130800');
INSERT INTO `t_def_address` VALUES ('03', '130824', '滦平县', '130800');
INSERT INTO `t_def_address` VALUES ('03', '130825', '隆化县', '130800');
INSERT INTO `t_def_address` VALUES ('03', '130826', '丰宁满族自治县', '130800');
INSERT INTO `t_def_address` VALUES ('03', '130827', '宽城满族自治县', '130800');
INSERT INTO `t_def_address` VALUES ('03', '130828', '围场满族蒙古族自治县', '130800');
INSERT INTO `t_def_address` VALUES ('03', '130901', '市辖区', '130900');
INSERT INTO `t_def_address` VALUES ('03', '130902', '新华区', '130900');
INSERT INTO `t_def_address` VALUES ('03', '130903', '运河区', '130900');
INSERT INTO `t_def_address` VALUES ('03', '130921', '沧县', '130900');
INSERT INTO `t_def_address` VALUES ('03', '130922', '青县', '130900');
INSERT INTO `t_def_address` VALUES ('03', '130923', '东光县', '130900');
INSERT INTO `t_def_address` VALUES ('03', '130924', '海兴县', '130900');
INSERT INTO `t_def_address` VALUES ('03', '130925', '盐山县', '130900');
INSERT INTO `t_def_address` VALUES ('03', '130926', '肃宁县', '130900');
INSERT INTO `t_def_address` VALUES ('03', '130927', '南皮县', '130900');
INSERT INTO `t_def_address` VALUES ('03', '130928', '吴桥县', '130900');
INSERT INTO `t_def_address` VALUES ('03', '130929', '献县', '130900');
INSERT INTO `t_def_address` VALUES ('03', '130930', '孟村回族自治县', '130900');
INSERT INTO `t_def_address` VALUES ('03', '130981', '泊头市', '130900');
INSERT INTO `t_def_address` VALUES ('03', '130982', '任丘市', '130900');
INSERT INTO `t_def_address` VALUES ('03', '130983', '黄骅市', '130900');
INSERT INTO `t_def_address` VALUES ('03', '130984', '河间市', '130900');
INSERT INTO `t_def_address` VALUES ('03', '131001', '市辖区', '131000');
INSERT INTO `t_def_address` VALUES ('03', '131002', '安次区', '131000');
INSERT INTO `t_def_address` VALUES ('03', '131003', '廊坊市广阳区', '131000');
INSERT INTO `t_def_address` VALUES ('03', '131022', '固安县', '131000');
INSERT INTO `t_def_address` VALUES ('03', '131023', '永清县', '131000');
INSERT INTO `t_def_address` VALUES ('03', '131024', '香河县', '131000');
INSERT INTO `t_def_address` VALUES ('03', '131025', '大城县', '131000');
INSERT INTO `t_def_address` VALUES ('03', '131026', '文安县', '131000');
INSERT INTO `t_def_address` VALUES ('03', '131028', '大厂回族自治县', '131000');
INSERT INTO `t_def_address` VALUES ('03', '131081', '霸州市', '131000');
INSERT INTO `t_def_address` VALUES ('03', '131082', '三河市', '131000');
INSERT INTO `t_def_address` VALUES ('03', '131101', '市辖区', '131100');
INSERT INTO `t_def_address` VALUES ('03', '131102', '桃城区', '131100');
INSERT INTO `t_def_address` VALUES ('03', '131121', '枣强县', '131100');
INSERT INTO `t_def_address` VALUES ('03', '131122', '武邑县', '131100');
INSERT INTO `t_def_address` VALUES ('03', '131123', '武强县', '131100');
INSERT INTO `t_def_address` VALUES ('03', '131124', '饶阳县', '131100');
INSERT INTO `t_def_address` VALUES ('03', '131125', '安平县', '131100');
INSERT INTO `t_def_address` VALUES ('03', '131126', '故城县', '131100');
INSERT INTO `t_def_address` VALUES ('03', '131127', '景县', '131100');
INSERT INTO `t_def_address` VALUES ('03', '131128', '阜城县', '131100');
INSERT INTO `t_def_address` VALUES ('03', '131181', '冀州市', '131100');
INSERT INTO `t_def_address` VALUES ('03', '131182', '深州市', '131100');
INSERT INTO `t_def_address` VALUES ('03', '140101', '市辖区', '140100');
INSERT INTO `t_def_address` VALUES ('03', '140105', '小店区', '140100');
INSERT INTO `t_def_address` VALUES ('03', '140106', '迎泽区', '140100');
INSERT INTO `t_def_address` VALUES ('03', '140107', '杏花岭区', '140100');
INSERT INTO `t_def_address` VALUES ('03', '140108', '尖草坪区', '140100');
INSERT INTO `t_def_address` VALUES ('03', '140109', '万柏林区', '140100');
INSERT INTO `t_def_address` VALUES ('03', '140110', '晋源区', '140100');
INSERT INTO `t_def_address` VALUES ('03', '140121', '清徐县', '140100');
INSERT INTO `t_def_address` VALUES ('03', '140122', '阳曲县', '140100');
INSERT INTO `t_def_address` VALUES ('03', '140123', '娄烦县', '140100');
INSERT INTO `t_def_address` VALUES ('03', '140181', '古交市', '140100');
INSERT INTO `t_def_address` VALUES ('03', '140201', '市辖区', '140200');
INSERT INTO `t_def_address` VALUES ('03', '140202', '城区', '140200');
INSERT INTO `t_def_address` VALUES ('03', '140203', '矿区', '140200');
INSERT INTO `t_def_address` VALUES ('03', '140211', '南郊区', '140200');
INSERT INTO `t_def_address` VALUES ('03', '140212', '新荣区', '140200');
INSERT INTO `t_def_address` VALUES ('03', '140221', '阳高县', '140200');
INSERT INTO `t_def_address` VALUES ('03', '140222', '天镇县', '140200');
INSERT INTO `t_def_address` VALUES ('03', '140223', '广灵县', '140200');
INSERT INTO `t_def_address` VALUES ('03', '140224', '灵丘县', '140200');
INSERT INTO `t_def_address` VALUES ('03', '140225', '浑源县', '140200');
INSERT INTO `t_def_address` VALUES ('03', '140226', '左云县', '140200');
INSERT INTO `t_def_address` VALUES ('03', '140227', '大同县', '140200');
INSERT INTO `t_def_address` VALUES ('03', '140301', '市辖区', '140300');
INSERT INTO `t_def_address` VALUES ('03', '140302', '城区', '140300');
INSERT INTO `t_def_address` VALUES ('03', '140303', '矿区', '140300');
INSERT INTO `t_def_address` VALUES ('03', '140311', '郊区', '140300');
INSERT INTO `t_def_address` VALUES ('03', '140321', '平定县', '140300');
INSERT INTO `t_def_address` VALUES ('03', '140322', '盂县', '140300');
INSERT INTO `t_def_address` VALUES ('03', '140401', '市辖区', '140400');
INSERT INTO `t_def_address` VALUES ('03', '140402', '城区', '140400');
INSERT INTO `t_def_address` VALUES ('03', '140411', '郊区', '140400');
INSERT INTO `t_def_address` VALUES ('03', '140421', '县', '140400');
INSERT INTO `t_def_address` VALUES ('03', '140423', '襄垣县', '140400');
INSERT INTO `t_def_address` VALUES ('03', '140424', '屯留县', '140400');
INSERT INTO `t_def_address` VALUES ('03', '140425', '平顺县', '140400');
INSERT INTO `t_def_address` VALUES ('03', '140426', '黎城县', '140400');
INSERT INTO `t_def_address` VALUES ('03', '140427', '壶关县', '140400');
INSERT INTO `t_def_address` VALUES ('03', '140428', '长子县', '140400');
INSERT INTO `t_def_address` VALUES ('03', '140429', '武乡县', '140400');
INSERT INTO `t_def_address` VALUES ('03', '140430', '沁县', '140400');
INSERT INTO `t_def_address` VALUES ('03', '140431', '泌源县', '140400');
INSERT INTO `t_def_address` VALUES ('03', '140481', '潞城市', '140400');
INSERT INTO `t_def_address` VALUES ('03', '140501', '市辖区', '140500');
INSERT INTO `t_def_address` VALUES ('03', '140502', '城区', '140500');
INSERT INTO `t_def_address` VALUES ('03', '140521', '沁水县', '140500');
INSERT INTO `t_def_address` VALUES ('03', '140522', '阳城县', '140500');
INSERT INTO `t_def_address` VALUES ('03', '140524', '陵川县', '140500');
INSERT INTO `t_def_address` VALUES ('03', '140525', '泽州县', '140500');
INSERT INTO `t_def_address` VALUES ('03', '140581', '高平市', '140500');
INSERT INTO `t_def_address` VALUES ('03', '140601', '市辖区', '140600');
INSERT INTO `t_def_address` VALUES ('03', '140602', '朔城区', '140600');
INSERT INTO `t_def_address` VALUES ('03', '140603', '平鲁区', '140600');
INSERT INTO `t_def_address` VALUES ('03', '140621', '山阴县', '140600');
INSERT INTO `t_def_address` VALUES ('03', '140622', '应县', '140600');
INSERT INTO `t_def_address` VALUES ('03', '140623', '右玉县', '140600');
INSERT INTO `t_def_address` VALUES ('03', '140624', '怀仁县', '140600');
INSERT INTO `t_def_address` VALUES ('03', '140701', '市辖区', '140700');
INSERT INTO `t_def_address` VALUES ('03', '140702', '榆次区', '140700');
INSERT INTO `t_def_address` VALUES ('03', '140721', '榆社县', '140700');
INSERT INTO `t_def_address` VALUES ('03', '140722', '左权县', '140700');
INSERT INTO `t_def_address` VALUES ('03', '140723', '和顺县', '140700');
INSERT INTO `t_def_address` VALUES ('03', '140724', '昔阳县', '140700');
INSERT INTO `t_def_address` VALUES ('03', '140725', '寿阳县', '140700');
INSERT INTO `t_def_address` VALUES ('03', '140726', '太谷县', '140700');
INSERT INTO `t_def_address` VALUES ('03', '140727', '祁县', '140700');
INSERT INTO `t_def_address` VALUES ('03', '140728', '平遥县', '140700');
INSERT INTO `t_def_address` VALUES ('03', '140729', '灵石县', '140700');
INSERT INTO `t_def_address` VALUES ('03', '140781', '介休市', '140700');
INSERT INTO `t_def_address` VALUES ('03', '140801', '市辖区', '140800');
INSERT INTO `t_def_address` VALUES ('03', '140802', '盐湖区', '140800');
INSERT INTO `t_def_address` VALUES ('03', '140821', '临猗县', '140800');
INSERT INTO `t_def_address` VALUES ('03', '140822', '万荣县', '140800');
INSERT INTO `t_def_address` VALUES ('03', '140823', '闻喜县', '140800');
INSERT INTO `t_def_address` VALUES ('03', '140824', '稷山县', '140800');
INSERT INTO `t_def_address` VALUES ('03', '140825', '新绛县', '140800');
INSERT INTO `t_def_address` VALUES ('03', '140826', '绛县', '140800');
INSERT INTO `t_def_address` VALUES ('03', '140827', '垣曲县', '140800');
INSERT INTO `t_def_address` VALUES ('03', '140828', '夏县', '140800');
INSERT INTO `t_def_address` VALUES ('03', '140829', '平陆县', '140800');
INSERT INTO `t_def_address` VALUES ('03', '140830', '芮城县', '140800');
INSERT INTO `t_def_address` VALUES ('03', '140881', '永济市', '140800');
INSERT INTO `t_def_address` VALUES ('03', '140882', '河津市', '140800');
INSERT INTO `t_def_address` VALUES ('03', '140901', '市辖区', '140900');
INSERT INTO `t_def_address` VALUES ('03', '140902', '忻府区', '140900');
INSERT INTO `t_def_address` VALUES ('03', '140921', '定襄县', '140900');
INSERT INTO `t_def_address` VALUES ('03', '140922', '五台县', '140900');
INSERT INTO `t_def_address` VALUES ('03', '140923', '代县', '140900');
INSERT INTO `t_def_address` VALUES ('03', '140924', '繁峙县', '140900');
INSERT INTO `t_def_address` VALUES ('03', '140925', '宁武县', '140900');
INSERT INTO `t_def_address` VALUES ('03', '140926', '静乐县', '140900');
INSERT INTO `t_def_address` VALUES ('03', '140927', '神池县', '140900');
INSERT INTO `t_def_address` VALUES ('03', '140928', '五寨县', '140900');
INSERT INTO `t_def_address` VALUES ('03', '140929', '岢岚县', '140900');
INSERT INTO `t_def_address` VALUES ('03', '140930', '河曲县', '140900');
INSERT INTO `t_def_address` VALUES ('03', '140931', '保德县', '140900');
INSERT INTO `t_def_address` VALUES ('03', '140932', '偏关县', '140900');
INSERT INTO `t_def_address` VALUES ('03', '140981', '原平市', '140900');
INSERT INTO `t_def_address` VALUES ('03', '141001', '市辖区', '141000');
INSERT INTO `t_def_address` VALUES ('03', '141002', '尧都区', '141000');
INSERT INTO `t_def_address` VALUES ('03', '141021', '曲沃县', '141000');
INSERT INTO `t_def_address` VALUES ('03', '141022', '翼城县', '141000');
INSERT INTO `t_def_address` VALUES ('03', '141023', '襄汾县', '141000');
INSERT INTO `t_def_address` VALUES ('03', '141024', '洪洞县', '141000');
INSERT INTO `t_def_address` VALUES ('03', '141025', '古县', '141000');
INSERT INTO `t_def_address` VALUES ('03', '141026', '安泽县', '141000');
INSERT INTO `t_def_address` VALUES ('03', '141027', '浮山县', '141000');
INSERT INTO `t_def_address` VALUES ('03', '141028', '吉县', '141000');
INSERT INTO `t_def_address` VALUES ('03', '141029', '乡宁县', '141000');
INSERT INTO `t_def_address` VALUES ('03', '141030', '大宁县', '141000');
INSERT INTO `t_def_address` VALUES ('03', '141031', '隰县', '141000');
INSERT INTO `t_def_address` VALUES ('03', '141032', '永和县', '141000');
INSERT INTO `t_def_address` VALUES ('03', '141033', '蒲县', '141000');
INSERT INTO `t_def_address` VALUES ('03', '141034', '汾西县', '141000');
INSERT INTO `t_def_address` VALUES ('03', '141081', '侯马市', '141000');
INSERT INTO `t_def_address` VALUES ('03', '141082', '霍州市', '141000');
INSERT INTO `t_def_address` VALUES ('03', '141101', '市辖区', '141100');
INSERT INTO `t_def_address` VALUES ('03', '141102', '离石区', '141100');
INSERT INTO `t_def_address` VALUES ('03', '141121', '文水县', '141100');
INSERT INTO `t_def_address` VALUES ('03', '141122', '交城县', '141100');
INSERT INTO `t_def_address` VALUES ('03', '141123', '兴县', '141100');
INSERT INTO `t_def_address` VALUES ('03', '141124', '临县', '141100');
INSERT INTO `t_def_address` VALUES ('03', '141125', '柳林县', '141100');
INSERT INTO `t_def_address` VALUES ('03', '141126', '石楼县', '141100');
INSERT INTO `t_def_address` VALUES ('03', '141127', '岚县', '141100');
INSERT INTO `t_def_address` VALUES ('03', '141128', '方山县', '141100');
INSERT INTO `t_def_address` VALUES ('03', '141129', '中阳县', '141100');
INSERT INTO `t_def_address` VALUES ('03', '141130', '交口县', '141100');
INSERT INTO `t_def_address` VALUES ('03', '141181', '孝义市', '141100');
INSERT INTO `t_def_address` VALUES ('03', '141182', '汾阳市', '141100');
INSERT INTO `t_def_address` VALUES ('03', '150101', '市辖区', '150100');
INSERT INTO `t_def_address` VALUES ('03', '150102', '新城区', '150100');
INSERT INTO `t_def_address` VALUES ('03', '150103', '回民区', '150100');
INSERT INTO `t_def_address` VALUES ('03', '150104', '玉泉区', '150100');
INSERT INTO `t_def_address` VALUES ('03', '150105', '赛罕区', '150100');
INSERT INTO `t_def_address` VALUES ('03', '150121', '土默特左旗', '150100');
INSERT INTO `t_def_address` VALUES ('03', '150122', '托克托县', '150100');
INSERT INTO `t_def_address` VALUES ('03', '150123', '和林格尔县', '150100');
INSERT INTO `t_def_address` VALUES ('03', '150124', '清水河县', '150100');
INSERT INTO `t_def_address` VALUES ('03', '150125', '武川县', '150100');
INSERT INTO `t_def_address` VALUES ('03', '150201', '市辖区', '150200');
INSERT INTO `t_def_address` VALUES ('03', '150202', '东河区', '150200');
INSERT INTO `t_def_address` VALUES ('03', '150203', '昆都仑区', '150200');
INSERT INTO `t_def_address` VALUES ('03', '150204', '青山区', '150200');
INSERT INTO `t_def_address` VALUES ('03', '150205', '石拐区', '150200');
INSERT INTO `t_def_address` VALUES ('03', '150206', '白云矿区', '150200');
INSERT INTO `t_def_address` VALUES ('03', '150207', '内蒙包九原区', '150200');
INSERT INTO `t_def_address` VALUES ('03', '150221', '土默特右旗', '150200');
INSERT INTO `t_def_address` VALUES ('03', '150222', '固阳县', '150200');
INSERT INTO `t_def_address` VALUES ('03', '150223', '达尔罕茂明安联合旗', '150200');
INSERT INTO `t_def_address` VALUES ('03', '150301', '市辖区', '150300');
INSERT INTO `t_def_address` VALUES ('03', '150302', '海勃湾区', '150300');
INSERT INTO `t_def_address` VALUES ('03', '150303', '海南区', '150300');
INSERT INTO `t_def_address` VALUES ('03', '150304', '乌达区', '150300');
INSERT INTO `t_def_address` VALUES ('03', '150401', '市辖区', '150400');
INSERT INTO `t_def_address` VALUES ('03', '150402', '红山区', '150400');
INSERT INTO `t_def_address` VALUES ('03', '150403', '元宝山区', '150400');
INSERT INTO `t_def_address` VALUES ('03', '150404', '松山区', '150400');
INSERT INTO `t_def_address` VALUES ('03', '150421', '阿鲁科尔沁旗', '150400');
INSERT INTO `t_def_address` VALUES ('03', '150422', '巴林左旗', '150400');
INSERT INTO `t_def_address` VALUES ('03', '150423', '巴林右旗', '150400');
INSERT INTO `t_def_address` VALUES ('03', '150424', '林西县', '150400');
INSERT INTO `t_def_address` VALUES ('03', '150425', '克什克腾旗', '150400');
INSERT INTO `t_def_address` VALUES ('03', '150426', '翁牛特旗', '150400');
INSERT INTO `t_def_address` VALUES ('03', '150428', '喀喇沁旗', '150400');
INSERT INTO `t_def_address` VALUES ('03', '150429', '宁城县', '150400');
INSERT INTO `t_def_address` VALUES ('03', '150430', '敖汉旗', '150400');
INSERT INTO `t_def_address` VALUES ('03', '150501', '市辖区', '150500');
INSERT INTO `t_def_address` VALUES ('03', '150502', '科尔沁区', '150500');
INSERT INTO `t_def_address` VALUES ('03', '150521', '科尔沁左翼中旗', '150500');
INSERT INTO `t_def_address` VALUES ('03', '150522', '科尔沁左翼后旗', '150500');
INSERT INTO `t_def_address` VALUES ('03', '150523', '开鲁县', '150500');
INSERT INTO `t_def_address` VALUES ('03', '150524', '库伦旗', '150500');
INSERT INTO `t_def_address` VALUES ('03', '150525', '奈曼旗', '150500');
INSERT INTO `t_def_address` VALUES ('03', '150526', '扎鲁特旗', '150500');
INSERT INTO `t_def_address` VALUES ('03', '150581', '霍林郭勒市', '150500');
INSERT INTO `t_def_address` VALUES ('03', '150602', '东胜区', '150600');
INSERT INTO `t_def_address` VALUES ('03', '150621', '达拉特旗', '150600');
INSERT INTO `t_def_address` VALUES ('03', '150622', '准格尔旗', '150600');
INSERT INTO `t_def_address` VALUES ('03', '150623', '鄂托克前旗', '150600');
INSERT INTO `t_def_address` VALUES ('03', '150624', '鄂托克旗', '150600');
INSERT INTO `t_def_address` VALUES ('03', '150625', '杭锦旗', '150600');
INSERT INTO `t_def_address` VALUES ('03', '150626', '乌审旗', '150600');
INSERT INTO `t_def_address` VALUES ('03', '150627', '伊金霍洛旗', '150600');
INSERT INTO `t_def_address` VALUES ('03', '150701', '市辖区', '150700');
INSERT INTO `t_def_address` VALUES ('03', '150702', '海拉尔区', '150700');
INSERT INTO `t_def_address` VALUES ('03', '150721', '阿荣旗', '150700');
INSERT INTO `t_def_address` VALUES ('03', '150722', '莫力达瓦达斡尔族自治旗', '150700');
INSERT INTO `t_def_address` VALUES ('03', '150723', '鄂伦春自治旗', '150700');
INSERT INTO `t_def_address` VALUES ('03', '150724', '鄂温克族自治旗', '150700');
INSERT INTO `t_def_address` VALUES ('03', '150725', '陈巴尔虎旗', '150700');
INSERT INTO `t_def_address` VALUES ('03', '150726', '新巴尔虎左旗', '150700');
INSERT INTO `t_def_address` VALUES ('03', '150727', '新巴尔虎右旗', '150700');
INSERT INTO `t_def_address` VALUES ('03', '150781', '满洲里市', '150700');
INSERT INTO `t_def_address` VALUES ('03', '150782', '牙克石市', '150700');
INSERT INTO `t_def_address` VALUES ('03', '150783', '扎兰屯市', '150700');
INSERT INTO `t_def_address` VALUES ('03', '150784', '额尔古纳市', '150700');
INSERT INTO `t_def_address` VALUES ('03', '150785', '根河市', '150700');
INSERT INTO `t_def_address` VALUES ('03', '150801', '市辖区', '150800');
INSERT INTO `t_def_address` VALUES ('03', '150802', '临河区', '150800');
INSERT INTO `t_def_address` VALUES ('03', '150821', '五原县', '150800');
INSERT INTO `t_def_address` VALUES ('03', '150822', '磴口县', '150800');
INSERT INTO `t_def_address` VALUES ('03', '150823', '乌拉特前旗', '150800');
INSERT INTO `t_def_address` VALUES ('03', '150824', '乌拉特中旗', '150800');
INSERT INTO `t_def_address` VALUES ('03', '150825', '乌拉特后旗', '150800');
INSERT INTO `t_def_address` VALUES ('03', '150826', '杭锦后旗', '150800');
INSERT INTO `t_def_address` VALUES ('03', '150901', '市辖区', '150900');
INSERT INTO `t_def_address` VALUES ('03', '150902', '集宁区', '150900');
INSERT INTO `t_def_address` VALUES ('03', '150921', '卓资县', '150900');
INSERT INTO `t_def_address` VALUES ('03', '150922', '化德县', '150900');
INSERT INTO `t_def_address` VALUES ('03', '150923', '商都县', '150900');
INSERT INTO `t_def_address` VALUES ('03', '150924', '兴和县', '150900');
INSERT INTO `t_def_address` VALUES ('03', '150925', '凉城县', '150900');
INSERT INTO `t_def_address` VALUES ('03', '150926', '察哈尔右翼前旗', '150900');
INSERT INTO `t_def_address` VALUES ('03', '150927', '察哈尔右翼中旗', '150900');
INSERT INTO `t_def_address` VALUES ('03', '150928', '察哈尔右翼后旗', '150900');
INSERT INTO `t_def_address` VALUES ('03', '150929', '四子王旗', '150900');
INSERT INTO `t_def_address` VALUES ('03', '150981', '丰镇市', '150900');
INSERT INTO `t_def_address` VALUES ('03', '152201', '乌兰浩特市', '152200');
INSERT INTO `t_def_address` VALUES ('03', '152202', '丰镇市阿尔山市', '152200');
INSERT INTO `t_def_address` VALUES ('03', '152221', '科尔沁右翼前旗', '152200');
INSERT INTO `t_def_address` VALUES ('03', '152222', '科尔沁右翼中旗', '152200');
INSERT INTO `t_def_address` VALUES ('03', '152223', '扎赉特旗', '152200');
INSERT INTO `t_def_address` VALUES ('03', '152224', '突泉县', '152200');
INSERT INTO `t_def_address` VALUES ('03', '152501', '二连浩特市', '152500');
INSERT INTO `t_def_address` VALUES ('03', '152502', '锡林浩特市', '152500');
INSERT INTO `t_def_address` VALUES ('03', '152522', '阿巴嘎旗', '152500');
INSERT INTO `t_def_address` VALUES ('03', '152523', '苏尼特左旗', '152500');
INSERT INTO `t_def_address` VALUES ('03', '152524', '苏尼特右旗', '152500');
INSERT INTO `t_def_address` VALUES ('03', '152525', '东乌珠穆沁旗', '152500');
INSERT INTO `t_def_address` VALUES ('03', '152526', '西乌珠穆沁旗', '152500');
INSERT INTO `t_def_address` VALUES ('03', '152527', '太仆寺旗', '152500');
INSERT INTO `t_def_address` VALUES ('03', '152528', '镶黄旗', '152500');
INSERT INTO `t_def_address` VALUES ('03', '152529', '正镶白旗', '152500');
INSERT INTO `t_def_address` VALUES ('03', '152530', '正蓝旗', '152500');
INSERT INTO `t_def_address` VALUES ('03', '152531', '多伦县', '152500');
INSERT INTO `t_def_address` VALUES ('03', '152921', '阿拉善左旗', '152900');
INSERT INTO `t_def_address` VALUES ('03', '152922', '阿拉善右旗', '152900');
INSERT INTO `t_def_address` VALUES ('03', '152923', '额济纳旗', '152900');
INSERT INTO `t_def_address` VALUES ('03', '210101', '沈阳市辖区', '210100');
INSERT INTO `t_def_address` VALUES ('03', '210102', '沈阳和平区', '210100');
INSERT INTO `t_def_address` VALUES ('03', '210103', '沈阳沈河区', '210100');
INSERT INTO `t_def_address` VALUES ('03', '210104', '沈阳大东区', '210100');
INSERT INTO `t_def_address` VALUES ('03', '210105', '沈阳皇姑区', '210100');
INSERT INTO `t_def_address` VALUES ('03', '210106', '沈阳铁西区', '210100');
INSERT INTO `t_def_address` VALUES ('03', '210111', '沈阳苏家屯区', '210100');
INSERT INTO `t_def_address` VALUES ('03', '210112', '沈阳东陵区', '210100');
INSERT INTO `t_def_address` VALUES ('03', '210113', '沈阳新城子区', '210100');
INSERT INTO `t_def_address` VALUES ('03', '210114', '沈阳于洪区', '210100');
INSERT INTO `t_def_address` VALUES ('03', '210122', '沈阳辽中县', '210100');
INSERT INTO `t_def_address` VALUES ('03', '210123', '沈阳康平县', '210100');
INSERT INTO `t_def_address` VALUES ('03', '210124', '沈阳法库县', '210100');
INSERT INTO `t_def_address` VALUES ('03', '210181', '沈阳新民市', '210100');
INSERT INTO `t_def_address` VALUES ('03', '210201', '市辖区', '210200');
INSERT INTO `t_def_address` VALUES ('03', '210202', '中山区', '210200');
INSERT INTO `t_def_address` VALUES ('03', '210203', '西岗区', '210200');
INSERT INTO `t_def_address` VALUES ('03', '210204', '沙河口区', '210200');
INSERT INTO `t_def_address` VALUES ('03', '210211', '甘井子区', '210200');
INSERT INTO `t_def_address` VALUES ('03', '210212', '旅顺口区', '210200');
INSERT INTO `t_def_address` VALUES ('03', '210213', '金州区', '210200');
INSERT INTO `t_def_address` VALUES ('03', '210224', '长海县', '210200');
INSERT INTO `t_def_address` VALUES ('03', '210281', '瓦房店市', '210200');
INSERT INTO `t_def_address` VALUES ('03', '210282', '普兰店市', '210200');
INSERT INTO `t_def_address` VALUES ('03', '210283', '庄河市', '210200');
INSERT INTO `t_def_address` VALUES ('03', '210301', '市辖市', '210300');
INSERT INTO `t_def_address` VALUES ('03', '210302', '铁东区', '210300');
INSERT INTO `t_def_address` VALUES ('03', '210303', '铁西区', '210300');
INSERT INTO `t_def_address` VALUES ('03', '210304', '立山区', '210300');
INSERT INTO `t_def_address` VALUES ('03', '210311', '千山区', '210300');
INSERT INTO `t_def_address` VALUES ('03', '210321', '台安县', '210300');
INSERT INTO `t_def_address` VALUES ('03', '210323', '岫岩满族自治县', '210300');
INSERT INTO `t_def_address` VALUES ('03', '210381', '海城市', '210300');
INSERT INTO `t_def_address` VALUES ('03', '210401', '市辖区', '210400');
INSERT INTO `t_def_address` VALUES ('03', '210402', '新抚区', '210400');
INSERT INTO `t_def_address` VALUES ('03', '210403', '东洲区', '210400');
INSERT INTO `t_def_address` VALUES ('03', '210404', '望花区', '210400');
INSERT INTO `t_def_address` VALUES ('03', '210411', '顺城区', '210400');
INSERT INTO `t_def_address` VALUES ('03', '210421', '辽宁抚顺县', '210400');
INSERT INTO `t_def_address` VALUES ('03', '210422', '新宾满族自治县', '210400');
INSERT INTO `t_def_address` VALUES ('03', '210423', '清原满族自治县', '210400');
INSERT INTO `t_def_address` VALUES ('03', '210501', '市辖区', '210500');
INSERT INTO `t_def_address` VALUES ('03', '210502', '平山区', '210500');
INSERT INTO `t_def_address` VALUES ('03', '210503', '溪湖区', '210500');
INSERT INTO `t_def_address` VALUES ('03', '210504', '明山区', '210500');
INSERT INTO `t_def_address` VALUES ('03', '210505', '南芬区', '210500');
INSERT INTO `t_def_address` VALUES ('03', '210521', '满族自治县', '210500');
INSERT INTO `t_def_address` VALUES ('03', '210522', '桓仁满族自治县', '210500');
INSERT INTO `t_def_address` VALUES ('03', '210601', '市辖区', '210600');
INSERT INTO `t_def_address` VALUES ('03', '210602', '元宝区', '210600');
INSERT INTO `t_def_address` VALUES ('03', '210603', '振兴区', '210600');
INSERT INTO `t_def_address` VALUES ('03', '210604', '振安区', '210600');
INSERT INTO `t_def_address` VALUES ('03', '210624', '宽甸满族自治县', '210600');
INSERT INTO `t_def_address` VALUES ('03', '210681', '东港市', '210600');
INSERT INTO `t_def_address` VALUES ('03', '210682', '凤城市', '210600');
INSERT INTO `t_def_address` VALUES ('03', '210701', '市辖区', '210700');
INSERT INTO `t_def_address` VALUES ('03', '210702', '古塔区', '210700');
INSERT INTO `t_def_address` VALUES ('03', '210703', '凌河区', '210700');
INSERT INTO `t_def_address` VALUES ('03', '210711', '太和区', '210700');
INSERT INTO `t_def_address` VALUES ('03', '210726', '黑山县', '210700');
INSERT INTO `t_def_address` VALUES ('03', '210727', '义县', '210700');
INSERT INTO `t_def_address` VALUES ('03', '210781', '凌海市', '210700');
INSERT INTO `t_def_address` VALUES ('03', '210782', '北宁市', '210700');
INSERT INTO `t_def_address` VALUES ('03', '210801', '市辖区', '210800');
INSERT INTO `t_def_address` VALUES ('03', '210802', '站前区', '210800');
INSERT INTO `t_def_address` VALUES ('03', '210803', '西市区', '210800');
INSERT INTO `t_def_address` VALUES ('03', '210804', '鲅鱼圈区', '210800');
INSERT INTO `t_def_address` VALUES ('03', '210811', '老边区', '210800');
INSERT INTO `t_def_address` VALUES ('03', '210881', '盖州市', '210800');
INSERT INTO `t_def_address` VALUES ('03', '210882', '大石桥市', '210800');
INSERT INTO `t_def_address` VALUES ('03', '210901', '市辖区', '210900');
INSERT INTO `t_def_address` VALUES ('03', '210902', '海州区', '210900');
INSERT INTO `t_def_address` VALUES ('03', '210903', '新邱区', '210900');
INSERT INTO `t_def_address` VALUES ('03', '210904', '太平区', '210900');
INSERT INTO `t_def_address` VALUES ('03', '210905', '清河门区', '210900');
INSERT INTO `t_def_address` VALUES ('03', '210911', '细河区', '210900');
INSERT INTO `t_def_address` VALUES ('03', '210921', '蒙古族自治县', '210900');
INSERT INTO `t_def_address` VALUES ('03', '210922', '彰武县', '210900');
INSERT INTO `t_def_address` VALUES ('03', '211001', '市辖区', '211000');
INSERT INTO `t_def_address` VALUES ('03', '211002', '白塔区', '211000');
INSERT INTO `t_def_address` VALUES ('03', '211003', '文圣区', '211000');
INSERT INTO `t_def_address` VALUES ('03', '211004', '宏伟区', '211000');
INSERT INTO `t_def_address` VALUES ('03', '211005', '弓长岭区', '211000');
INSERT INTO `t_def_address` VALUES ('03', '211011', '太子河区', '211000');
INSERT INTO `t_def_address` VALUES ('03', '211021', '辽阳县', '211000');
INSERT INTO `t_def_address` VALUES ('03', '211081', '灯塔市', '211000');
INSERT INTO `t_def_address` VALUES ('03', '211101', '市辖区', '211100');
INSERT INTO `t_def_address` VALUES ('03', '211102', '双台子区', '211100');
INSERT INTO `t_def_address` VALUES ('03', '211103', '兴隆台区', '211100');
INSERT INTO `t_def_address` VALUES ('03', '211121', '大洼县', '211100');
INSERT INTO `t_def_address` VALUES ('03', '211122', '盘山县', '211100');
INSERT INTO `t_def_address` VALUES ('03', '211201', '市辖区', '211200');
INSERT INTO `t_def_address` VALUES ('03', '211202', '银州区', '211200');
INSERT INTO `t_def_address` VALUES ('03', '211204', '清河区', '211200');
INSERT INTO `t_def_address` VALUES ('03', '211221', '铁岭县', '211200');
INSERT INTO `t_def_address` VALUES ('03', '211223', '西丰县', '211200');
INSERT INTO `t_def_address` VALUES ('03', '211224', '昌图县', '211200');
INSERT INTO `t_def_address` VALUES ('03', '211281', '调兵山市', '211200');
INSERT INTO `t_def_address` VALUES ('03', '211282', '开原市', '211200');
INSERT INTO `t_def_address` VALUES ('03', '211301', '市辖区', '211300');
INSERT INTO `t_def_address` VALUES ('03', '211302', '双塔区', '211300');
INSERT INTO `t_def_address` VALUES ('03', '211303', '龙城区', '211300');
INSERT INTO `t_def_address` VALUES ('03', '211321', '朝阳县', '211300');
INSERT INTO `t_def_address` VALUES ('03', '211322', '建平县', '211300');
INSERT INTO `t_def_address` VALUES ('03', '211324', '喀喇沁左翼蒙古自治县', '211300');
INSERT INTO `t_def_address` VALUES ('03', '211381', '北票市', '211300');
INSERT INTO `t_def_address` VALUES ('03', '211382', '凌源市', '211300');
INSERT INTO `t_def_address` VALUES ('03', '211401', '市辖区', '211400');
INSERT INTO `t_def_address` VALUES ('03', '211402', '连山区', '211400');
INSERT INTO `t_def_address` VALUES ('03', '211403', '龙港区', '211400');
INSERT INTO `t_def_address` VALUES ('03', '211404', '南票区', '211400');
INSERT INTO `t_def_address` VALUES ('03', '211421', '绥中县', '211400');
INSERT INTO `t_def_address` VALUES ('03', '211422', '建昌县', '211400');
INSERT INTO `t_def_address` VALUES ('03', '211481', '兴城市', '211400');
INSERT INTO `t_def_address` VALUES ('03', '220101', '市辖区', '220100');
INSERT INTO `t_def_address` VALUES ('03', '220102', '南关区', '220100');
INSERT INTO `t_def_address` VALUES ('03', '220103', '宽城区', '220100');
INSERT INTO `t_def_address` VALUES ('03', '220104', '朝阳区', '220100');
INSERT INTO `t_def_address` VALUES ('03', '220105', '二道区', '220100');
INSERT INTO `t_def_address` VALUES ('03', '220106', '绿园区', '220100');
INSERT INTO `t_def_address` VALUES ('03', '220112', '双阳区', '220100');
INSERT INTO `t_def_address` VALUES ('03', '220122', '农安县', '220100');
INSERT INTO `t_def_address` VALUES ('03', '220181', '九台市', '220100');
INSERT INTO `t_def_address` VALUES ('03', '220182', '榆树市', '220100');
INSERT INTO `t_def_address` VALUES ('03', '220183', '吉林省德惠市', '220100');
INSERT INTO `t_def_address` VALUES ('03', '220201', '市辖市', '220200');
INSERT INTO `t_def_address` VALUES ('03', '220202', '昌邑区', '220200');
INSERT INTO `t_def_address` VALUES ('03', '220203', '龙潭区', '220200');
INSERT INTO `t_def_address` VALUES ('03', '220204', '船营区', '220200');
INSERT INTO `t_def_address` VALUES ('03', '220211', '丰满区', '220200');
INSERT INTO `t_def_address` VALUES ('03', '220221', '永吉县', '220200');
INSERT INTO `t_def_address` VALUES ('03', '220281', '蛟河市', '220200');
INSERT INTO `t_def_address` VALUES ('03', '220282', '桦甸市', '220200');
INSERT INTO `t_def_address` VALUES ('03', '220283', '舒兰市', '220200');
INSERT INTO `t_def_address` VALUES ('03', '220284', '磐石市', '220200');
INSERT INTO `t_def_address` VALUES ('03', '220301', '市辖区', '220300');
INSERT INTO `t_def_address` VALUES ('03', '220302', '铁西区', '220300');
INSERT INTO `t_def_address` VALUES ('03', '220303', '铁东区', '220300');
INSERT INTO `t_def_address` VALUES ('03', '220322', '梨树县', '220300');
INSERT INTO `t_def_address` VALUES ('03', '220323', '伊通满族自治县', '220300');
INSERT INTO `t_def_address` VALUES ('03', '220381', '公主岭市', '220300');
INSERT INTO `t_def_address` VALUES ('03', '220382', '双辽市', '220300');
INSERT INTO `t_def_address` VALUES ('03', '220401', '市辖区', '220400');
INSERT INTO `t_def_address` VALUES ('03', '220402', '龙山区', '220400');
INSERT INTO `t_def_address` VALUES ('03', '220403', '西安区', '220400');
INSERT INTO `t_def_address` VALUES ('03', '220421', '东丰县', '220400');
INSERT INTO `t_def_address` VALUES ('03', '220422', '东辽县', '220400');
INSERT INTO `t_def_address` VALUES ('03', '220501', '市辖区', '220500');
INSERT INTO `t_def_address` VALUES ('03', '220502', '东昌区', '220500');
INSERT INTO `t_def_address` VALUES ('03', '220503', '二道江区', '220500');
INSERT INTO `t_def_address` VALUES ('03', '220521', '通化县', '220500');
INSERT INTO `t_def_address` VALUES ('03', '220523', '辉南县', '220500');
INSERT INTO `t_def_address` VALUES ('03', '220524', '柳河县', '220500');
INSERT INTO `t_def_address` VALUES ('03', '220581', '梅河口市', '220500');
INSERT INTO `t_def_address` VALUES ('03', '220582', '集安市', '220500');
INSERT INTO `t_def_address` VALUES ('03', '220601', '市辖区', '220600');
INSERT INTO `t_def_address` VALUES ('03', '220602', '八道江区', '220600');
INSERT INTO `t_def_address` VALUES ('03', '220621', '抚松县', '220600');
INSERT INTO `t_def_address` VALUES ('03', '220622', '靖宇县', '220600');
INSERT INTO `t_def_address` VALUES ('03', '220623', '长白朝鲜族自治县', '220600');
INSERT INTO `t_def_address` VALUES ('03', '220625', '江源县', '220600');
INSERT INTO `t_def_address` VALUES ('03', '220681', '临江市', '220600');
INSERT INTO `t_def_address` VALUES ('03', '220701', '市辖区', '220700');
INSERT INTO `t_def_address` VALUES ('03', '220702', '宁江区', '220700');
INSERT INTO `t_def_address` VALUES ('03', '220721', '前郭尔罗斯蒙古族自治县', '220700');
INSERT INTO `t_def_address` VALUES ('03', '220722', '长岭县', '220700');
INSERT INTO `t_def_address` VALUES ('03', '220723', '乾安县', '220700');
INSERT INTO `t_def_address` VALUES ('03', '220724', '扶余县', '220700');
INSERT INTO `t_def_address` VALUES ('03', '220801', '市辖区', '220800');
INSERT INTO `t_def_address` VALUES ('03', '220802', '洮北区', '220800');
INSERT INTO `t_def_address` VALUES ('03', '220821', '镇赉县', '220800');
INSERT INTO `t_def_address` VALUES ('03', '220822', '通榆县', '220800');
INSERT INTO `t_def_address` VALUES ('03', '220881', '洮南市', '220800');
INSERT INTO `t_def_address` VALUES ('03', '220882', '大安市', '220800');
INSERT INTO `t_def_address` VALUES ('03', '222401', '延吉市', '222400');
INSERT INTO `t_def_address` VALUES ('03', '222402', '图们市', '222400');
INSERT INTO `t_def_address` VALUES ('03', '222403', '敦化市', '222400');
INSERT INTO `t_def_address` VALUES ('03', '222404', '珲春市', '222400');
INSERT INTO `t_def_address` VALUES ('03', '222405', '龙井市', '222400');
INSERT INTO `t_def_address` VALUES ('03', '222406', '和龙市', '222400');
INSERT INTO `t_def_address` VALUES ('03', '222424', '汪清县', '222400');
INSERT INTO `t_def_address` VALUES ('03', '222426', '安图县', '222400');
INSERT INTO `t_def_address` VALUES ('03', '230101', '市辖区', '230100');
INSERT INTO `t_def_address` VALUES ('03', '230102', '道里区', '230100');
INSERT INTO `t_def_address` VALUES ('03', '230103', '南岗区', '230100');
INSERT INTO `t_def_address` VALUES ('03', '230104', '道外区', '230100');
INSERT INTO `t_def_address` VALUES ('03', '230106', '香坊区', '230100');
INSERT INTO `t_def_address` VALUES ('03', '230107', '动力区', '230100');
INSERT INTO `t_def_address` VALUES ('03', '230108', '平房区', '230100');
INSERT INTO `t_def_address` VALUES ('03', '230109', '松北区', '230100');
INSERT INTO `t_def_address` VALUES ('03', '230111', '呼兰区', '230100');
INSERT INTO `t_def_address` VALUES ('03', '230123', '依兰县', '230100');
INSERT INTO `t_def_address` VALUES ('03', '230124', '方正县', '230100');
INSERT INTO `t_def_address` VALUES ('03', '230125', '宾县', '230100');
INSERT INTO `t_def_address` VALUES ('03', '230126', '巴彦县', '230100');
INSERT INTO `t_def_address` VALUES ('03', '230127', '木兰县', '230100');
INSERT INTO `t_def_address` VALUES ('03', '230128', '通河县', '230100');
INSERT INTO `t_def_address` VALUES ('03', '230129', '延寿县', '230100');
INSERT INTO `t_def_address` VALUES ('03', '230181', '阿城市', '230100');
INSERT INTO `t_def_address` VALUES ('03', '230182', '双城市', '230100');
INSERT INTO `t_def_address` VALUES ('03', '230183', '尚志市', '230100');
INSERT INTO `t_def_address` VALUES ('03', '230184', '五常市', '230100');
INSERT INTO `t_def_address` VALUES ('03', '230201', '市辖区', '230200');
INSERT INTO `t_def_address` VALUES ('03', '230202', '龙沙区', '230200');
INSERT INTO `t_def_address` VALUES ('03', '230203', '建华区', '230200');
INSERT INTO `t_def_address` VALUES ('03', '230204', '铁锋区', '230200');
INSERT INTO `t_def_address` VALUES ('03', '230205', '昂昂溪区', '230200');
INSERT INTO `t_def_address` VALUES ('03', '230206', '富拉尔基区', '230200');
INSERT INTO `t_def_address` VALUES ('03', '230207', '碾子山区', '230200');
INSERT INTO `t_def_address` VALUES ('03', '230208', '梅里斯达斡尔族区', '230200');
INSERT INTO `t_def_address` VALUES ('03', '230221', '龙江县', '230200');
INSERT INTO `t_def_address` VALUES ('03', '230223', '依安县', '230200');
INSERT INTO `t_def_address` VALUES ('03', '230224', '泰来县', '230200');
INSERT INTO `t_def_address` VALUES ('03', '230225', '甘南县', '230200');
INSERT INTO `t_def_address` VALUES ('03', '230227', '富裕县', '230200');
INSERT INTO `t_def_address` VALUES ('03', '230229', '克山县', '230200');
INSERT INTO `t_def_address` VALUES ('03', '230230', '克东县', '230200');
INSERT INTO `t_def_address` VALUES ('03', '230231', '拜泉县', '230200');
INSERT INTO `t_def_address` VALUES ('03', '230301', '市辖区', '230300');
INSERT INTO `t_def_address` VALUES ('03', '230302', '鸡冠区', '230300');
INSERT INTO `t_def_address` VALUES ('03', '230303', '恒山区', '230300');
INSERT INTO `t_def_address` VALUES ('03', '230304', '滴道区', '230300');
INSERT INTO `t_def_address` VALUES ('03', '230305', '梨树区', '230300');
INSERT INTO `t_def_address` VALUES ('03', '230306', '城子河区', '230300');
INSERT INTO `t_def_address` VALUES ('03', '230307', '麻山区', '230300');
INSERT INTO `t_def_address` VALUES ('03', '230321', '鸡东县', '230300');
INSERT INTO `t_def_address` VALUES ('03', '230381', '虎林市', '230300');
INSERT INTO `t_def_address` VALUES ('03', '230382', '密山市', '230300');
INSERT INTO `t_def_address` VALUES ('03', '230401', '市辖区', '230400');
INSERT INTO `t_def_address` VALUES ('03', '230402', '向阳区', '230400');
INSERT INTO `t_def_address` VALUES ('03', '230403', '工农区', '230400');
INSERT INTO `t_def_address` VALUES ('03', '230404', '南山区', '230400');
INSERT INTO `t_def_address` VALUES ('03', '230405', '兴安区', '230400');
INSERT INTO `t_def_address` VALUES ('03', '230406', '东山区', '230400');
INSERT INTO `t_def_address` VALUES ('03', '230407', '兴山区', '230400');
INSERT INTO `t_def_address` VALUES ('03', '230421', '萝北县', '230400');
INSERT INTO `t_def_address` VALUES ('03', '230422', '绥滨县', '230400');
INSERT INTO `t_def_address` VALUES ('03', '230501', '市辖区', '230500');
INSERT INTO `t_def_address` VALUES ('03', '230502', '尖山区', '230500');
INSERT INTO `t_def_address` VALUES ('03', '230503', '岭东区', '230500');
INSERT INTO `t_def_address` VALUES ('03', '230505', '四方台区', '230500');
INSERT INTO `t_def_address` VALUES ('03', '230506', '宝山区', '230500');
INSERT INTO `t_def_address` VALUES ('03', '230521', '集贤县', '230500');
INSERT INTO `t_def_address` VALUES ('03', '230522', '友谊县', '230500');
INSERT INTO `t_def_address` VALUES ('03', '230523', '宝清县', '230500');
INSERT INTO `t_def_address` VALUES ('03', '230524', '饶河县', '230500');
INSERT INTO `t_def_address` VALUES ('03', '230601', '市辖区', '230600');
INSERT INTO `t_def_address` VALUES ('03', '230602', '萨尔图区', '230600');
INSERT INTO `t_def_address` VALUES ('03', '230603', '龙凤区', '230600');
INSERT INTO `t_def_address` VALUES ('03', '230604', '让胡路区', '230600');
INSERT INTO `t_def_address` VALUES ('03', '230605', '红岗区', '230600');
INSERT INTO `t_def_address` VALUES ('03', '230606', '大同区', '230600');
INSERT INTO `t_def_address` VALUES ('03', '230621', '肇州县', '230600');
INSERT INTO `t_def_address` VALUES ('03', '230622', '肇源县', '230600');
INSERT INTO `t_def_address` VALUES ('03', '230623', '林甸县', '230600');
INSERT INTO `t_def_address` VALUES ('03', '230624', '杜尔伯特蒙古族自治县', '230600');
INSERT INTO `t_def_address` VALUES ('03', '230701', '市辖区', '230700');
INSERT INTO `t_def_address` VALUES ('03', '230702', '伊春区', '230700');
INSERT INTO `t_def_address` VALUES ('03', '230703', '南岔区', '230700');
INSERT INTO `t_def_address` VALUES ('03', '230704', '友好区', '230700');
INSERT INTO `t_def_address` VALUES ('03', '230705', '西林区', '230700');
INSERT INTO `t_def_address` VALUES ('03', '230706', '翠峦区', '230700');
INSERT INTO `t_def_address` VALUES ('03', '230707', '新青区', '230700');
INSERT INTO `t_def_address` VALUES ('03', '230708', '美溪区', '230700');
INSERT INTO `t_def_address` VALUES ('03', '230709', '金山屯区', '230700');
INSERT INTO `t_def_address` VALUES ('03', '230710', '五营区', '230700');
INSERT INTO `t_def_address` VALUES ('03', '230711', '乌马河区', '230700');
INSERT INTO `t_def_address` VALUES ('03', '230712', '汤旺河区', '230700');
INSERT INTO `t_def_address` VALUES ('03', '230713', '带岭区', '230700');
INSERT INTO `t_def_address` VALUES ('03', '230714', '乌伊岭区', '230700');
INSERT INTO `t_def_address` VALUES ('03', '230715', '红星区', '230700');
INSERT INTO `t_def_address` VALUES ('03', '230716', '上甘岭区', '230700');
INSERT INTO `t_def_address` VALUES ('03', '230722', '嘉荫县', '230700');
INSERT INTO `t_def_address` VALUES ('03', '230781', '铁力市', '230700');
INSERT INTO `t_def_address` VALUES ('03', '230801', '市辖区', '230800');
INSERT INTO `t_def_address` VALUES ('03', '230802', '永红区', '230800');
INSERT INTO `t_def_address` VALUES ('03', '230803', '向阳区', '230800');
INSERT INTO `t_def_address` VALUES ('03', '230804', '前进区', '230800');
INSERT INTO `t_def_address` VALUES ('03', '230805', '东风区', '230800');
INSERT INTO `t_def_address` VALUES ('03', '230811', '郊区', '230800');
INSERT INTO `t_def_address` VALUES ('03', '230822', '桦南县', '230800');
INSERT INTO `t_def_address` VALUES ('03', '230826', '桦川县', '230800');
INSERT INTO `t_def_address` VALUES ('03', '230828', '汤原县', '230800');
INSERT INTO `t_def_address` VALUES ('03', '230833', '抚远县', '230800');
INSERT INTO `t_def_address` VALUES ('03', '230881', '同江市', '230800');
INSERT INTO `t_def_address` VALUES ('03', '230882', '富锦市', '230800');
INSERT INTO `t_def_address` VALUES ('03', '230901', '市辖区', '230900');
INSERT INTO `t_def_address` VALUES ('03', '230902', '新兴区', '230900');
INSERT INTO `t_def_address` VALUES ('03', '230903', '桃山区', '230900');
INSERT INTO `t_def_address` VALUES ('03', '230904', '茄子河区', '230900');
INSERT INTO `t_def_address` VALUES ('03', '230921', '勃利县', '230900');
INSERT INTO `t_def_address` VALUES ('03', '231001', '市辖区', '231000');
INSERT INTO `t_def_address` VALUES ('03', '231002', '东安区', '231000');
INSERT INTO `t_def_address` VALUES ('03', '231003', '阳明区', '231000');
INSERT INTO `t_def_address` VALUES ('03', '231004', '爱民区', '231000');
INSERT INTO `t_def_address` VALUES ('03', '231005', '西安区', '231000');
INSERT INTO `t_def_address` VALUES ('03', '231024', '东宁县', '231000');
INSERT INTO `t_def_address` VALUES ('03', '231025', '林口县', '231000');
INSERT INTO `t_def_address` VALUES ('03', '231081', '绥芬河市', '231000');
INSERT INTO `t_def_address` VALUES ('03', '231083', '海林市', '231000');
INSERT INTO `t_def_address` VALUES ('03', '231084', '宁安市', '231000');
INSERT INTO `t_def_address` VALUES ('03', '231085', '穆棱市', '231000');
INSERT INTO `t_def_address` VALUES ('03', '231101', '市辖区', '231100');
INSERT INTO `t_def_address` VALUES ('03', '231102', '爱辉区', '231100');
INSERT INTO `t_def_address` VALUES ('03', '231121', '嫩江县', '231100');
INSERT INTO `t_def_address` VALUES ('03', '231123', '逊克县', '231100');
INSERT INTO `t_def_address` VALUES ('03', '231124', '孙吴县', '231100');
INSERT INTO `t_def_address` VALUES ('03', '231181', '北安市', '231100');
INSERT INTO `t_def_address` VALUES ('03', '231182', '五大连池市', '231100');
INSERT INTO `t_def_address` VALUES ('03', '231201', '市辖区', '231200');
INSERT INTO `t_def_address` VALUES ('03', '231202', '北林区', '231200');
INSERT INTO `t_def_address` VALUES ('03', '231221', '望奎县', '231200');
INSERT INTO `t_def_address` VALUES ('03', '231222', '兰西县', '231200');
INSERT INTO `t_def_address` VALUES ('03', '231223', '青冈县', '231200');
INSERT INTO `t_def_address` VALUES ('03', '231224', '庆安县', '231200');
INSERT INTO `t_def_address` VALUES ('03', '231225', '明水县', '231200');
INSERT INTO `t_def_address` VALUES ('03', '231226', '绥棱县', '231200');
INSERT INTO `t_def_address` VALUES ('03', '231281', '安达市', '231200');
INSERT INTO `t_def_address` VALUES ('03', '231282', '肇东市', '231200');
INSERT INTO `t_def_address` VALUES ('03', '231283', '海伦市', '231200');
INSERT INTO `t_def_address` VALUES ('03', '232721', '呼玛县', '232700');
INSERT INTO `t_def_address` VALUES ('03', '232722', '塔河县', '232700');
INSERT INTO `t_def_address` VALUES ('03', '232723', '漠河县', '232700');
INSERT INTO `t_def_address` VALUES ('03', '310101', '黄浦区', '310100');
INSERT INTO `t_def_address` VALUES ('03', '310103', '卢湾区', '310100');
INSERT INTO `t_def_address` VALUES ('03', '310104', '徐汇区', '310100');
INSERT INTO `t_def_address` VALUES ('03', '310105', '长宁区', '310100');
INSERT INTO `t_def_address` VALUES ('03', '310106', '静安区', '310100');
INSERT INTO `t_def_address` VALUES ('03', '310107', '普陀区', '310100');
INSERT INTO `t_def_address` VALUES ('03', '310108', '闸北区', '310100');
INSERT INTO `t_def_address` VALUES ('03', '310109', '虹口区', '310100');
INSERT INTO `t_def_address` VALUES ('03', '310110', '杨浦区', '310100');
INSERT INTO `t_def_address` VALUES ('03', '310112', '闵行区', '310100');
INSERT INTO `t_def_address` VALUES ('03', '310113', '宝山区', '310100');
INSERT INTO `t_def_address` VALUES ('03', '310114', '嘉定区', '310100');
INSERT INTO `t_def_address` VALUES ('03', '310115', '浦东新区', '310100');
INSERT INTO `t_def_address` VALUES ('03', '310116', '金山区', '310100');
INSERT INTO `t_def_address` VALUES ('03', '310117', '松江区', '310100');
INSERT INTO `t_def_address` VALUES ('03', '310118', '青浦区', '310100');
INSERT INTO `t_def_address` VALUES ('03', '310119', '南汇区', '310100');
INSERT INTO `t_def_address` VALUES ('03', '310120', '奉贤区', '310100');
INSERT INTO `t_def_address` VALUES ('03', '310230', '崇明县', '310200');
INSERT INTO `t_def_address` VALUES ('03', '320101', '市辖区', '320100');
INSERT INTO `t_def_address` VALUES ('03', '320102', '玄武区', '320100');
INSERT INTO `t_def_address` VALUES ('03', '320103', '白下区', '320100');
INSERT INTO `t_def_address` VALUES ('03', '320104', '秦淮区', '320100');
INSERT INTO `t_def_address` VALUES ('03', '320105', '建邺区', '320100');
INSERT INTO `t_def_address` VALUES ('03', '320106', '鼓楼区', '320100');
INSERT INTO `t_def_address` VALUES ('03', '320107', '下关区', '320100');
INSERT INTO `t_def_address` VALUES ('03', '320111', '浦口区', '320100');
INSERT INTO `t_def_address` VALUES ('03', '320113', '栖霞区', '320100');
INSERT INTO `t_def_address` VALUES ('03', '320114', '雨花台区', '320100');
INSERT INTO `t_def_address` VALUES ('03', '320115', '江宁区', '320100');
INSERT INTO `t_def_address` VALUES ('03', '320116', '六合区', '320100');
INSERT INTO `t_def_address` VALUES ('03', '320124', '溧水县', '320100');
INSERT INTO `t_def_address` VALUES ('03', '320125', '高淳县', '320100');
INSERT INTO `t_def_address` VALUES ('03', '320201', '市辖区', '320200');
INSERT INTO `t_def_address` VALUES ('03', '320202', '崇安区', '320200');
INSERT INTO `t_def_address` VALUES ('03', '320203', '南长区', '320200');
INSERT INTO `t_def_address` VALUES ('03', '320204', '北塘区', '320200');
INSERT INTO `t_def_address` VALUES ('03', '320205', '锡山区', '320200');
INSERT INTO `t_def_address` VALUES ('03', '320206', '惠山区', '320200');
INSERT INTO `t_def_address` VALUES ('03', '320211', '滨湖区', '320200');
INSERT INTO `t_def_address` VALUES ('03', '320281', '江阴市', '320200');
INSERT INTO `t_def_address` VALUES ('03', '320282', '宜兴市', '320200');
INSERT INTO `t_def_address` VALUES ('03', '320301', '市辖区', '320300');
INSERT INTO `t_def_address` VALUES ('03', '320302', '鼓楼区', '320300');
INSERT INTO `t_def_address` VALUES ('03', '320303', '云龙区', '320300');
INSERT INTO `t_def_address` VALUES ('03', '320304', '九里区', '320300');
INSERT INTO `t_def_address` VALUES ('03', '320305', '贾汪区', '320300');
INSERT INTO `t_def_address` VALUES ('03', '320311', '泉山区', '320300');
INSERT INTO `t_def_address` VALUES ('03', '320321', '丰县', '320300');
INSERT INTO `t_def_address` VALUES ('03', '320322', '沛县', '320300');
INSERT INTO `t_def_address` VALUES ('03', '320323', '铜山县', '320300');
INSERT INTO `t_def_address` VALUES ('03', '320324', '睢宁县', '320300');
INSERT INTO `t_def_address` VALUES ('03', '320381', '新沂市', '320300');
INSERT INTO `t_def_address` VALUES ('03', '320382', '邳州市', '320300');
INSERT INTO `t_def_address` VALUES ('03', '320401', '市辖区', '320400');
INSERT INTO `t_def_address` VALUES ('03', '320402', '天宁区', '320400');
INSERT INTO `t_def_address` VALUES ('03', '320404', '钟楼区', '320400');
INSERT INTO `t_def_address` VALUES ('03', '320405', '戚墅堰区', '320400');
INSERT INTO `t_def_address` VALUES ('03', '320411', '新北区', '320400');
INSERT INTO `t_def_address` VALUES ('03', '320412', '武进区', '320400');
INSERT INTO `t_def_address` VALUES ('03', '320481', '溧阳市', '320400');
INSERT INTO `t_def_address` VALUES ('03', '320482', '金坛市', '320400');
INSERT INTO `t_def_address` VALUES ('03', '320501', '市辖区', '320500');
INSERT INTO `t_def_address` VALUES ('03', '320502', '沧浪区', '320500');
INSERT INTO `t_def_address` VALUES ('03', '320503', '平江区', '320500');
INSERT INTO `t_def_address` VALUES ('03', '320504', '金阊区', '320500');
INSERT INTO `t_def_address` VALUES ('03', '320505', '虎丘区', '320500');
INSERT INTO `t_def_address` VALUES ('03', '320506', '吴中区', '320500');
INSERT INTO `t_def_address` VALUES ('03', '320507', '相城区', '320500');
INSERT INTO `t_def_address` VALUES ('03', '320581', '常熟市', '320500');
INSERT INTO `t_def_address` VALUES ('03', '320582', '张家港市', '320500');
INSERT INTO `t_def_address` VALUES ('03', '320583', '昆山市', '320500');
INSERT INTO `t_def_address` VALUES ('03', '320584', '吴江市', '320500');
INSERT INTO `t_def_address` VALUES ('03', '320585', '太仓市', '320500');
INSERT INTO `t_def_address` VALUES ('03', '320601', '市辖区', '320600');
INSERT INTO `t_def_address` VALUES ('03', '320602', '崇川区', '320600');
INSERT INTO `t_def_address` VALUES ('03', '320611', '港闸区', '320600');
INSERT INTO `t_def_address` VALUES ('03', '320621', '海安县', '320600');
INSERT INTO `t_def_address` VALUES ('03', '320623', '如东县', '320600');
INSERT INTO `t_def_address` VALUES ('03', '320681', '启东市', '320600');
INSERT INTO `t_def_address` VALUES ('03', '320682', '如皋市', '320600');
INSERT INTO `t_def_address` VALUES ('03', '320683', '通州市', '320600');
INSERT INTO `t_def_address` VALUES ('03', '320684', '海门市', '320600');
INSERT INTO `t_def_address` VALUES ('03', '320701', '市辖区', '320700');
INSERT INTO `t_def_address` VALUES ('03', '320703', '连云区', '320700');
INSERT INTO `t_def_address` VALUES ('03', '320705', '新浦区', '320700');
INSERT INTO `t_def_address` VALUES ('03', '320706', '海州区', '320700');
INSERT INTO `t_def_address` VALUES ('03', '320721', '赣榆县', '320700');
INSERT INTO `t_def_address` VALUES ('03', '320722', '东海县', '320700');
INSERT INTO `t_def_address` VALUES ('03', '320723', '灌云县', '320700');
INSERT INTO `t_def_address` VALUES ('03', '320724', '灌南县', '320700');
INSERT INTO `t_def_address` VALUES ('03', '320801', '市辖区', '320800');
INSERT INTO `t_def_address` VALUES ('03', '320802', '清河区', '320800');
INSERT INTO `t_def_address` VALUES ('03', '320803', '楚州区', '320800');
INSERT INTO `t_def_address` VALUES ('03', '320804', '淮阴区', '320800');
INSERT INTO `t_def_address` VALUES ('03', '320811', '清浦区', '320800');
INSERT INTO `t_def_address` VALUES ('03', '320826', '涟水县', '320800');
INSERT INTO `t_def_address` VALUES ('03', '320829', '洪泽县', '320800');
INSERT INTO `t_def_address` VALUES ('03', '320830', '盱眙县', '320800');
INSERT INTO `t_def_address` VALUES ('03', '320831', '金湖县', '320800');
INSERT INTO `t_def_address` VALUES ('03', '320901', '市辖区', '320900');
INSERT INTO `t_def_address` VALUES ('03', '320902', '亭湖区', '320900');
INSERT INTO `t_def_address` VALUES ('03', '320903', '盐都区', '320900');
INSERT INTO `t_def_address` VALUES ('03', '320921', '响水县', '320900');
INSERT INTO `t_def_address` VALUES ('03', '320922', '滨海县', '320900');
INSERT INTO `t_def_address` VALUES ('03', '320923', '阜宁县', '320900');
INSERT INTO `t_def_address` VALUES ('03', '320924', '射阳县', '320900');
INSERT INTO `t_def_address` VALUES ('03', '320925', '建湖县', '320900');
INSERT INTO `t_def_address` VALUES ('03', '320981', '东台市', '320900');
INSERT INTO `t_def_address` VALUES ('03', '320982', '大丰市', '320900');
INSERT INTO `t_def_address` VALUES ('03', '321001', '市辖区', '321000');
INSERT INTO `t_def_address` VALUES ('03', '321002', '广陵区', '321000');
INSERT INTO `t_def_address` VALUES ('03', '321003', '邗江区', '321000');
INSERT INTO `t_def_address` VALUES ('03', '321011', '维扬区', '321000');
INSERT INTO `t_def_address` VALUES ('03', '321023', '宝应县', '321000');
INSERT INTO `t_def_address` VALUES ('03', '321081', '仪征市', '321000');
INSERT INTO `t_def_address` VALUES ('03', '321084', '高邮市', '321000');
INSERT INTO `t_def_address` VALUES ('03', '321088', '江都市', '321000');
INSERT INTO `t_def_address` VALUES ('03', '321101', '市辖区', '321100');
INSERT INTO `t_def_address` VALUES ('03', '321102', '京口区', '321100');
INSERT INTO `t_def_address` VALUES ('03', '321111', '润州区', '321100');
INSERT INTO `t_def_address` VALUES ('03', '321112', '丹徒区', '321100');
INSERT INTO `t_def_address` VALUES ('03', '321181', '丹阳市', '321100');
INSERT INTO `t_def_address` VALUES ('03', '321182', '扬中市', '321100');
INSERT INTO `t_def_address` VALUES ('03', '321183', '句容市', '321100');
INSERT INTO `t_def_address` VALUES ('03', '321201', '市辖区', '321200');
INSERT INTO `t_def_address` VALUES ('03', '321202', '海陵区', '321200');
INSERT INTO `t_def_address` VALUES ('03', '321203', '高港区', '321200');
INSERT INTO `t_def_address` VALUES ('03', '321281', '兴化市', '321200');
INSERT INTO `t_def_address` VALUES ('03', '321282', '靖江市', '321200');
INSERT INTO `t_def_address` VALUES ('03', '321283', '泰兴市', '321200');
INSERT INTO `t_def_address` VALUES ('03', '321284', '姜堰市', '321200');
INSERT INTO `t_def_address` VALUES ('03', '321301', '市辖区', '321300');
INSERT INTO `t_def_address` VALUES ('03', '321302', '宿城区', '321300');
INSERT INTO `t_def_address` VALUES ('03', '321311', '宿豫区', '321300');
INSERT INTO `t_def_address` VALUES ('03', '321322', '沭阳县', '321300');
INSERT INTO `t_def_address` VALUES ('03', '321323', '泗阳县', '321300');
INSERT INTO `t_def_address` VALUES ('03', '321324', '泗洪县', '321300');
INSERT INTO `t_def_address` VALUES ('03', '330101', '市辖区', '330100');
INSERT INTO `t_def_address` VALUES ('03', '330102', '上城区', '330100');
INSERT INTO `t_def_address` VALUES ('03', '330103', '下城区', '330100');
INSERT INTO `t_def_address` VALUES ('03', '330104', '江干区', '330100');
INSERT INTO `t_def_address` VALUES ('03', '330105', '拱墅区', '330100');
INSERT INTO `t_def_address` VALUES ('03', '330106', '西湖区', '330100');
INSERT INTO `t_def_address` VALUES ('03', '330108', '滨江区', '330100');
INSERT INTO `t_def_address` VALUES ('03', '330109', '萧山区', '330100');
INSERT INTO `t_def_address` VALUES ('03', '330110', '余杭区', '330100');
INSERT INTO `t_def_address` VALUES ('03', '330122', '桐庐县', '330100');
INSERT INTO `t_def_address` VALUES ('03', '330127', '淳安县', '330100');
INSERT INTO `t_def_address` VALUES ('03', '330182', '建德市', '330100');
INSERT INTO `t_def_address` VALUES ('03', '330183', '富阳市', '330100');
INSERT INTO `t_def_address` VALUES ('03', '330185', '临安市', '330100');
INSERT INTO `t_def_address` VALUES ('03', '330201', '市辖区', '330200');
INSERT INTO `t_def_address` VALUES ('03', '330203', '海曙区', '330200');
INSERT INTO `t_def_address` VALUES ('03', '330204', '江东区', '330200');
INSERT INTO `t_def_address` VALUES ('03', '330205', '江北区', '330200');
INSERT INTO `t_def_address` VALUES ('03', '330206', '北仑区', '330200');
INSERT INTO `t_def_address` VALUES ('03', '330211', '镇海区', '330200');
INSERT INTO `t_def_address` VALUES ('03', '330212', '鄞州区', '330200');
INSERT INTO `t_def_address` VALUES ('03', '330225', '象山县', '330200');
INSERT INTO `t_def_address` VALUES ('03', '330226', '宁海县', '330200');
INSERT INTO `t_def_address` VALUES ('03', '330281', '余姚市', '330200');
INSERT INTO `t_def_address` VALUES ('03', '330282', '慈溪市', '330200');
INSERT INTO `t_def_address` VALUES ('03', '330283', '奉化市', '330200');
INSERT INTO `t_def_address` VALUES ('03', '330301', '市辖区', '330300');
INSERT INTO `t_def_address` VALUES ('03', '330302', '鹿城区', '330300');
INSERT INTO `t_def_address` VALUES ('03', '330303', '龙湾区', '330300');
INSERT INTO `t_def_address` VALUES ('03', '330304', '瓯海区', '330300');
INSERT INTO `t_def_address` VALUES ('03', '330322', '洞头县', '330300');
INSERT INTO `t_def_address` VALUES ('03', '330324', '永嘉县', '330300');
INSERT INTO `t_def_address` VALUES ('03', '330326', '平阳县', '330300');
INSERT INTO `t_def_address` VALUES ('03', '330327', '苍南县', '330300');
INSERT INTO `t_def_address` VALUES ('03', '330328', '文成县', '330300');
INSERT INTO `t_def_address` VALUES ('03', '330329', '泰顺县', '330300');
INSERT INTO `t_def_address` VALUES ('03', '330381', '瑞安市', '330300');
INSERT INTO `t_def_address` VALUES ('03', '330382', '乐清市', '330300');
INSERT INTO `t_def_address` VALUES ('03', '330401', '经济开发区', '330400');
INSERT INTO `t_def_address` VALUES ('03', '330402', '南湖区', '330400');
INSERT INTO `t_def_address` VALUES ('03', '330411', '秀洲区', '330400');
INSERT INTO `t_def_address` VALUES ('03', '330421', '嘉善市', '330400');
INSERT INTO `t_def_address` VALUES ('03', '330424', '海盐市', '330400');
INSERT INTO `t_def_address` VALUES ('03', '330481', '海宁市', '330400');
INSERT INTO `t_def_address` VALUES ('03', '330482', '平湖市', '330400');
INSERT INTO `t_def_address` VALUES ('03', '330483', '桐乡市', '330400');
INSERT INTO `t_def_address` VALUES ('03', '330501', '市辖区', '330500');
INSERT INTO `t_def_address` VALUES ('03', '330502', '吴兴区', '330500');
INSERT INTO `t_def_address` VALUES ('03', '330503', '南浔区', '330500');
INSERT INTO `t_def_address` VALUES ('03', '330521', '德清县', '330500');
INSERT INTO `t_def_address` VALUES ('03', '330522', '长兴县', '330500');
INSERT INTO `t_def_address` VALUES ('03', '330523', '安吉县', '330500');
INSERT INTO `t_def_address` VALUES ('03', '330601', '市辖区', '330600');
INSERT INTO `t_def_address` VALUES ('03', '330602', '越城区', '330600');
INSERT INTO `t_def_address` VALUES ('03', '330621', '县', '330600');
INSERT INTO `t_def_address` VALUES ('03', '330624', '新昌县', '330600');
INSERT INTO `t_def_address` VALUES ('03', '330681', '诸暨市', '330600');
INSERT INTO `t_def_address` VALUES ('03', '330682', '上虞市', '330600');
INSERT INTO `t_def_address` VALUES ('03', '330683', '嵊州市', '330600');
INSERT INTO `t_def_address` VALUES ('03', '330701', '市辖区', '330700');
INSERT INTO `t_def_address` VALUES ('03', '330702', '婺城区', '330700');
INSERT INTO `t_def_address` VALUES ('03', '330703', '金东区', '330700');
INSERT INTO `t_def_address` VALUES ('03', '330723', '武义县', '330700');
INSERT INTO `t_def_address` VALUES ('03', '330726', '浦江县', '330700');
INSERT INTO `t_def_address` VALUES ('03', '330727', '磐安县', '330700');
INSERT INTO `t_def_address` VALUES ('03', '330781', '兰溪市', '330700');
INSERT INTO `t_def_address` VALUES ('03', '330782', '义乌市', '330700');
INSERT INTO `t_def_address` VALUES ('03', '330783', '东阳市', '330700');
INSERT INTO `t_def_address` VALUES ('03', '330784', '永康市', '330700');
INSERT INTO `t_def_address` VALUES ('03', '330801', '市辖区', '330800');
INSERT INTO `t_def_address` VALUES ('03', '330802', '柯城区', '330800');
INSERT INTO `t_def_address` VALUES ('03', '330803', '衢江区', '330800');
INSERT INTO `t_def_address` VALUES ('03', '330822', '常山县', '330800');
INSERT INTO `t_def_address` VALUES ('03', '330824', '开化县', '330800');
INSERT INTO `t_def_address` VALUES ('03', '330825', '龙游县', '330800');
INSERT INTO `t_def_address` VALUES ('03', '330881', '江山市', '330800');
INSERT INTO `t_def_address` VALUES ('03', '330901', '市辖区', '330900');
INSERT INTO `t_def_address` VALUES ('03', '330902', '定海区', '330900');
INSERT INTO `t_def_address` VALUES ('03', '330903', '普陀区', '330900');
INSERT INTO `t_def_address` VALUES ('03', '330921', '岱山县', '330900');
INSERT INTO `t_def_address` VALUES ('03', '330922', '嵊泗县', '330900');
INSERT INTO `t_def_address` VALUES ('03', '331001', '市辖区', '331000');
INSERT INTO `t_def_address` VALUES ('03', '331002', '椒江区', '331000');
INSERT INTO `t_def_address` VALUES ('03', '331003', '黄岩区', '331000');
INSERT INTO `t_def_address` VALUES ('03', '331004', '路桥区', '331000');
INSERT INTO `t_def_address` VALUES ('03', '331021', '玉环县', '331000');
INSERT INTO `t_def_address` VALUES ('03', '331022', '三门县', '331000');
INSERT INTO `t_def_address` VALUES ('03', '331023', '天台县', '331000');
INSERT INTO `t_def_address` VALUES ('03', '331024', '仙居县', '331000');
INSERT INTO `t_def_address` VALUES ('03', '331081', '温岭市', '331000');
INSERT INTO `t_def_address` VALUES ('03', '331082', '临海市', '331000');
INSERT INTO `t_def_address` VALUES ('03', '331101', '市辖区', '331100');
INSERT INTO `t_def_address` VALUES ('03', '331102', '莲都区', '331100');
INSERT INTO `t_def_address` VALUES ('03', '331121', '青田县', '331100');
INSERT INTO `t_def_address` VALUES ('03', '331122', '缙云县', '331100');
INSERT INTO `t_def_address` VALUES ('03', '331123', '遂昌县', '331100');
INSERT INTO `t_def_address` VALUES ('03', '331124', '松阳县', '331100');
INSERT INTO `t_def_address` VALUES ('03', '331125', '云和县', '331100');
INSERT INTO `t_def_address` VALUES ('03', '331126', '庆元县', '331100');
INSERT INTO `t_def_address` VALUES ('03', '331127', '景宁畲族自治县', '331100');
INSERT INTO `t_def_address` VALUES ('03', '331181', '龙泉市', '331100');
INSERT INTO `t_def_address` VALUES ('03', '340101', '市辖区', '340100');
INSERT INTO `t_def_address` VALUES ('03', '340102', '瑶海区', '340100');
INSERT INTO `t_def_address` VALUES ('03', '340103', '庐阳区', '340100');
INSERT INTO `t_def_address` VALUES ('03', '340104', '蜀山区', '340100');
INSERT INTO `t_def_address` VALUES ('03', '340111', '包河区', '340100');
INSERT INTO `t_def_address` VALUES ('03', '340121', '长丰县', '340100');
INSERT INTO `t_def_address` VALUES ('03', '340122', '肥东县', '340100');
INSERT INTO `t_def_address` VALUES ('03', '340123', '肥西县', '340100');
INSERT INTO `t_def_address` VALUES ('03', '340201', '市辖区', '340200');
INSERT INTO `t_def_address` VALUES ('03', '340202', '镜湖区', '340200');
INSERT INTO `t_def_address` VALUES ('03', '340203', '弋江区', '340200');
INSERT INTO `t_def_address` VALUES ('03', '340207', '鸠江区', '340200');
INSERT INTO `t_def_address` VALUES ('03', '340221', '芜湖县', '340200');
INSERT INTO `t_def_address` VALUES ('03', '340222', '繁昌县', '340200');
INSERT INTO `t_def_address` VALUES ('03', '340223', '南陵县', '340200');
INSERT INTO `t_def_address` VALUES ('03', '340301', '市辖区', '340300');
INSERT INTO `t_def_address` VALUES ('03', '340302', '龙子湖区', '340300');
INSERT INTO `t_def_address` VALUES ('03', '340303', '蚌山区', '340300');
INSERT INTO `t_def_address` VALUES ('03', '340304', '禹会区', '340300');
INSERT INTO `t_def_address` VALUES ('03', '340311', '淮上区', '340300');
INSERT INTO `t_def_address` VALUES ('03', '340321', '怀远县', '340300');
INSERT INTO `t_def_address` VALUES ('03', '340322', '五河县', '340300');
INSERT INTO `t_def_address` VALUES ('03', '340323', '固镇县', '340300');
INSERT INTO `t_def_address` VALUES ('03', '340401', '市辖区', '340400');
INSERT INTO `t_def_address` VALUES ('03', '340402', '大通区', '340400');
INSERT INTO `t_def_address` VALUES ('03', '340403', '田家庵区', '340400');
INSERT INTO `t_def_address` VALUES ('03', '340404', '谢家集区', '340400');
INSERT INTO `t_def_address` VALUES ('03', '340405', '八公山区', '340400');
INSERT INTO `t_def_address` VALUES ('03', '340406', '潘集区', '340400');
INSERT INTO `t_def_address` VALUES ('03', '340421', '凤台县', '340400');
INSERT INTO `t_def_address` VALUES ('03', '340501', '市辖区', '340500');
INSERT INTO `t_def_address` VALUES ('03', '340502', '金家庄区', '340500');
INSERT INTO `t_def_address` VALUES ('03', '340503', '花山区', '340500');
INSERT INTO `t_def_address` VALUES ('03', '340504', '雨山区', '340500');
INSERT INTO `t_def_address` VALUES ('03', '340521', '当涂县', '340500');
INSERT INTO `t_def_address` VALUES ('03', '340601', '市辖区', '340600');
INSERT INTO `t_def_address` VALUES ('03', '340602', '杜集区', '340600');
INSERT INTO `t_def_address` VALUES ('03', '340603', '相山区', '340600');
INSERT INTO `t_def_address` VALUES ('03', '340604', '烈山区', '340600');
INSERT INTO `t_def_address` VALUES ('03', '340621', '濉溪县', '340600');
INSERT INTO `t_def_address` VALUES ('03', '340701', '市辖区', '340700');
INSERT INTO `t_def_address` VALUES ('03', '340702', '铜官山区', '340700');
INSERT INTO `t_def_address` VALUES ('03', '340703', '狮子山区', '340700');
INSERT INTO `t_def_address` VALUES ('03', '340711', '郊区', '340700');
INSERT INTO `t_def_address` VALUES ('03', '340721', '铜陵县', '340700');
INSERT INTO `t_def_address` VALUES ('03', '340801', '市辖区', '340800');
INSERT INTO `t_def_address` VALUES ('03', '340802', '迎江区', '340800');
INSERT INTO `t_def_address` VALUES ('03', '340803', '大观区', '340800');
INSERT INTO `t_def_address` VALUES ('03', '340811', '宜秀区', '340800');
INSERT INTO `t_def_address` VALUES ('03', '340822', '怀宁县', '340800');
INSERT INTO `t_def_address` VALUES ('03', '340823', '枞阳县', '340800');
INSERT INTO `t_def_address` VALUES ('03', '340824', '潜山县', '340800');
INSERT INTO `t_def_address` VALUES ('03', '340825', '太湖县', '340800');
INSERT INTO `t_def_address` VALUES ('03', '340826', '宿松县', '340800');
INSERT INTO `t_def_address` VALUES ('03', '340827', '望江县', '340800');
INSERT INTO `t_def_address` VALUES ('03', '340828', '岳西县', '340800');
INSERT INTO `t_def_address` VALUES ('03', '340881', '桐城市', '340800');
INSERT INTO `t_def_address` VALUES ('03', '341001', '市辖区', '341000');
INSERT INTO `t_def_address` VALUES ('03', '341002', '屯溪区', '341000');
INSERT INTO `t_def_address` VALUES ('03', '341003', '黄山区', '341000');
INSERT INTO `t_def_address` VALUES ('03', '341004', '徽州区', '341000');
INSERT INTO `t_def_address` VALUES ('03', '341021', '歙县', '341000');
INSERT INTO `t_def_address` VALUES ('03', '341022', '休宁县', '341000');
INSERT INTO `t_def_address` VALUES ('03', '341023', '黟县', '341000');
INSERT INTO `t_def_address` VALUES ('03', '341024', '祁门县', '341000');
INSERT INTO `t_def_address` VALUES ('03', '341101', '市辖区', '341100');
INSERT INTO `t_def_address` VALUES ('03', '341102', '琅琊区', '341100');
INSERT INTO `t_def_address` VALUES ('03', '341103', '南谯区', '341100');
INSERT INTO `t_def_address` VALUES ('03', '341122', '来安县', '341100');
INSERT INTO `t_def_address` VALUES ('03', '341124', '全椒县', '341100');
INSERT INTO `t_def_address` VALUES ('03', '341125', '定远县', '341100');
INSERT INTO `t_def_address` VALUES ('03', '341126', '凤阳县', '341100');
INSERT INTO `t_def_address` VALUES ('03', '341181', '天长市', '341100');
INSERT INTO `t_def_address` VALUES ('03', '341182', '安徽省明光市', '341100');
INSERT INTO `t_def_address` VALUES ('03', '341201', '市辖区', '341200');
INSERT INTO `t_def_address` VALUES ('03', '341202', '颍州区', '341200');
INSERT INTO `t_def_address` VALUES ('03', '341203', '颍东区', '341200');
INSERT INTO `t_def_address` VALUES ('03', '341204', '颍泉区', '341200');
INSERT INTO `t_def_address` VALUES ('03', '341221', '临泉县', '341200');
INSERT INTO `t_def_address` VALUES ('03', '341222', '太和县', '341200');
INSERT INTO `t_def_address` VALUES ('03', '341225', '阜南县', '341200');
INSERT INTO `t_def_address` VALUES ('03', '341226', '颍上县', '341200');
INSERT INTO `t_def_address` VALUES ('03', '341282', '安徽省界首市', '341200');
INSERT INTO `t_def_address` VALUES ('03', '341301', '市辖区', '341300');
INSERT INTO `t_def_address` VALUES ('03', '341302', '埇桥区', '341300');
INSERT INTO `t_def_address` VALUES ('03', '341321', '砀山县', '341300');
INSERT INTO `t_def_address` VALUES ('03', '341322', '萧县', '341300');
INSERT INTO `t_def_address` VALUES ('03', '341323', '灵璧县', '341300');
INSERT INTO `t_def_address` VALUES ('03', '341324', '泗县', '341300');
INSERT INTO `t_def_address` VALUES ('03', '341401', '市辖区', '341400');
INSERT INTO `t_def_address` VALUES ('03', '341402', '居巢区', '341400');
INSERT INTO `t_def_address` VALUES ('03', '341421', '庐江县', '341400');
INSERT INTO `t_def_address` VALUES ('03', '341422', '无为县', '341400');
INSERT INTO `t_def_address` VALUES ('03', '341423', '含山县', '341400');
INSERT INTO `t_def_address` VALUES ('03', '341424', '和县', '341400');
INSERT INTO `t_def_address` VALUES ('03', '341501', '市辖区', '341500');
INSERT INTO `t_def_address` VALUES ('03', '341502', '金安区', '341500');
INSERT INTO `t_def_address` VALUES ('03', '341503', '裕安区', '341500');
INSERT INTO `t_def_address` VALUES ('03', '341521', '寿县', '341500');
INSERT INTO `t_def_address` VALUES ('03', '341522', '霍邱县', '341500');
INSERT INTO `t_def_address` VALUES ('03', '341523', '舒城县', '341500');
INSERT INTO `t_def_address` VALUES ('03', '341524', '金寨县', '341500');
INSERT INTO `t_def_address` VALUES ('03', '341525', '霍山县', '341500');
INSERT INTO `t_def_address` VALUES ('03', '341601', '市辖区', '341600');
INSERT INTO `t_def_address` VALUES ('03', '341602', '谯城区', '341600');
INSERT INTO `t_def_address` VALUES ('03', '341621', '涡阳县', '341600');
INSERT INTO `t_def_address` VALUES ('03', '341622', '蒙城县', '341600');
INSERT INTO `t_def_address` VALUES ('03', '341623', '利辛县', '341600');
INSERT INTO `t_def_address` VALUES ('03', '341701', '市辖区', '341700');
INSERT INTO `t_def_address` VALUES ('03', '341702', '贵池区', '341700');
INSERT INTO `t_def_address` VALUES ('03', '341721', '东至县', '341700');
INSERT INTO `t_def_address` VALUES ('03', '341722', '石台县', '341700');
INSERT INTO `t_def_address` VALUES ('03', '341723', '青阳县', '341700');
INSERT INTO `t_def_address` VALUES ('03', '341801', '市辖区', '341800');
INSERT INTO `t_def_address` VALUES ('03', '341802', '宣州区', '341800');
INSERT INTO `t_def_address` VALUES ('03', '341821', '郎溪县', '341800');
INSERT INTO `t_def_address` VALUES ('03', '341822', '广德县', '341800');
INSERT INTO `t_def_address` VALUES ('03', '341823', '泾县', '341800');
INSERT INTO `t_def_address` VALUES ('03', '341824', '绩溪县', '341800');
INSERT INTO `t_def_address` VALUES ('03', '341825', '旌德县', '341800');
INSERT INTO `t_def_address` VALUES ('03', '341881', '宁国市', '341800');
INSERT INTO `t_def_address` VALUES ('03', '350101', '市辖区', '350100');
INSERT INTO `t_def_address` VALUES ('03', '350102', '鼓楼区', '350100');
INSERT INTO `t_def_address` VALUES ('03', '350103', '台江区', '350100');
INSERT INTO `t_def_address` VALUES ('03', '350104', '仓山区', '350100');
INSERT INTO `t_def_address` VALUES ('03', '350105', '马尾区', '350100');
INSERT INTO `t_def_address` VALUES ('03', '350111', '晋安区', '350100');
INSERT INTO `t_def_address` VALUES ('03', '350121', '闽侯县', '350100');
INSERT INTO `t_def_address` VALUES ('03', '350122', '连江县', '350100');
INSERT INTO `t_def_address` VALUES ('03', '350123', '罗源县', '350100');
INSERT INTO `t_def_address` VALUES ('03', '350124', '闽清县', '350100');
INSERT INTO `t_def_address` VALUES ('03', '350125', '永泰县', '350100');
INSERT INTO `t_def_address` VALUES ('03', '350128', '平潭县', '350100');
INSERT INTO `t_def_address` VALUES ('03', '350181', '福清市', '350100');
INSERT INTO `t_def_address` VALUES ('03', '350182', '长乐市', '350100');
INSERT INTO `t_def_address` VALUES ('03', '350201', '市辖区', '350200');
INSERT INTO `t_def_address` VALUES ('03', '350203', '思明区', '350200');
INSERT INTO `t_def_address` VALUES ('03', '350205', '海沧区', '350200');
INSERT INTO `t_def_address` VALUES ('03', '350206', '湖里区', '350200');
INSERT INTO `t_def_address` VALUES ('03', '350211', '集美区', '350200');
INSERT INTO `t_def_address` VALUES ('03', '350212', '同安区', '350200');
INSERT INTO `t_def_address` VALUES ('03', '350213', '翔安区', '350200');
INSERT INTO `t_def_address` VALUES ('03', '350301', '市辖区', '350300');
INSERT INTO `t_def_address` VALUES ('03', '350302', '城厢区', '350300');
INSERT INTO `t_def_address` VALUES ('03', '350303', '涵江区', '350300');
INSERT INTO `t_def_address` VALUES ('03', '350304', '荔城区', '350300');
INSERT INTO `t_def_address` VALUES ('03', '350305', '秀屿区', '350300');
INSERT INTO `t_def_address` VALUES ('03', '350322', '仙游县', '350300');
INSERT INTO `t_def_address` VALUES ('03', '350401', '市辖区', '350400');
INSERT INTO `t_def_address` VALUES ('03', '350402', '梅列区', '350400');
INSERT INTO `t_def_address` VALUES ('03', '350403', '三元区', '350400');
INSERT INTO `t_def_address` VALUES ('03', '350421', '明溪县', '350400');
INSERT INTO `t_def_address` VALUES ('03', '350423', '清流县', '350400');
INSERT INTO `t_def_address` VALUES ('03', '350424', '宁化县', '350400');
INSERT INTO `t_def_address` VALUES ('03', '350425', '大田县', '350400');
INSERT INTO `t_def_address` VALUES ('03', '350426', '尤溪县', '350400');
INSERT INTO `t_def_address` VALUES ('03', '350427', '沙县', '350400');
INSERT INTO `t_def_address` VALUES ('03', '350428', '将乐县', '350400');
INSERT INTO `t_def_address` VALUES ('03', '350429', '泰宁县', '350400');
INSERT INTO `t_def_address` VALUES ('03', '350430', '建宁县', '350400');
INSERT INTO `t_def_address` VALUES ('03', '350481', '永安市', '350400');
INSERT INTO `t_def_address` VALUES ('03', '350501', '市辖区', '350500');
INSERT INTO `t_def_address` VALUES ('03', '350502', '鲤城区', '350500');
INSERT INTO `t_def_address` VALUES ('03', '350503', '丰泽区', '350500');
INSERT INTO `t_def_address` VALUES ('03', '350504', '洛江区', '350500');
INSERT INTO `t_def_address` VALUES ('03', '350505', '泉港区', '350500');
INSERT INTO `t_def_address` VALUES ('03', '350521', '惠安县', '350500');
INSERT INTO `t_def_address` VALUES ('03', '350524', '安溪县', '350500');
INSERT INTO `t_def_address` VALUES ('03', '350525', '永春县', '350500');
INSERT INTO `t_def_address` VALUES ('03', '350526', '德化县', '350500');
INSERT INTO `t_def_address` VALUES ('03', '350527', '金门县', '350500');
INSERT INTO `t_def_address` VALUES ('03', '350581', '石狮市', '350500');
INSERT INTO `t_def_address` VALUES ('03', '350582', '晋江市', '350500');
INSERT INTO `t_def_address` VALUES ('03', '350583', '南安市', '350500');
INSERT INTO `t_def_address` VALUES ('03', '350601', '市辖区', '350600');
INSERT INTO `t_def_address` VALUES ('03', '350602', '芗城区', '350600');
INSERT INTO `t_def_address` VALUES ('03', '350603', '龙文区', '350600');
INSERT INTO `t_def_address` VALUES ('03', '350622', '云霄县', '350600');
INSERT INTO `t_def_address` VALUES ('03', '350623', '漳浦县', '350600');
INSERT INTO `t_def_address` VALUES ('03', '350624', '诏安县', '350600');
INSERT INTO `t_def_address` VALUES ('03', '350625', '长泰县', '350600');
INSERT INTO `t_def_address` VALUES ('03', '350626', '东山县', '350600');
INSERT INTO `t_def_address` VALUES ('03', '350627', '南靖县', '350600');
INSERT INTO `t_def_address` VALUES ('03', '350628', '平和县', '350600');
INSERT INTO `t_def_address` VALUES ('03', '350629', '华安县', '350600');
INSERT INTO `t_def_address` VALUES ('03', '350681', '龙海市', '350600');
INSERT INTO `t_def_address` VALUES ('03', '350701', '市辖区', '350700');
INSERT INTO `t_def_address` VALUES ('03', '350702', '延平区', '350700');
INSERT INTO `t_def_address` VALUES ('03', '350721', '顺昌县', '350700');
INSERT INTO `t_def_address` VALUES ('03', '350722', '浦城县', '350700');
INSERT INTO `t_def_address` VALUES ('03', '350723', '光泽县', '350700');
INSERT INTO `t_def_address` VALUES ('03', '350724', '松溪县', '350700');
INSERT INTO `t_def_address` VALUES ('03', '350725', '政和县', '350700');
INSERT INTO `t_def_address` VALUES ('03', '350781', '邵武市', '350700');
INSERT INTO `t_def_address` VALUES ('03', '350782', '武夷山市', '350700');
INSERT INTO `t_def_address` VALUES ('03', '350783', '建瓯市', '350700');
INSERT INTO `t_def_address` VALUES ('03', '350784', '建阳市', '350700');
INSERT INTO `t_def_address` VALUES ('03', '350801', '市辖区', '350800');
INSERT INTO `t_def_address` VALUES ('03', '350802', '新罗区', '350800');
INSERT INTO `t_def_address` VALUES ('03', '350821', '长汀县', '350800');
INSERT INTO `t_def_address` VALUES ('03', '350822', '永定县', '350800');
INSERT INTO `t_def_address` VALUES ('03', '350823', '上杭县', '350800');
INSERT INTO `t_def_address` VALUES ('03', '350824', '武平县', '350800');
INSERT INTO `t_def_address` VALUES ('03', '350825', '连城县', '350800');
INSERT INTO `t_def_address` VALUES ('03', '350881', '漳平市', '350800');
INSERT INTO `t_def_address` VALUES ('03', '350901', '市辖区', '350900');
INSERT INTO `t_def_address` VALUES ('03', '350902', '蕉城区', '350900');
INSERT INTO `t_def_address` VALUES ('03', '350921', '霞浦县', '350900');
INSERT INTO `t_def_address` VALUES ('03', '350922', '古田县', '350900');
INSERT INTO `t_def_address` VALUES ('03', '350923', '屏南县', '350900');
INSERT INTO `t_def_address` VALUES ('03', '350924', '寿宁县', '350900');
INSERT INTO `t_def_address` VALUES ('03', '350925', '周宁县', '350900');
INSERT INTO `t_def_address` VALUES ('03', '350926', '柘荣县', '350900');
INSERT INTO `t_def_address` VALUES ('03', '350981', '福安市', '350900');
INSERT INTO `t_def_address` VALUES ('03', '350982', '福鼎市', '350900');
INSERT INTO `t_def_address` VALUES ('03', '360101', '市辖区', '360100');
INSERT INTO `t_def_address` VALUES ('03', '360102', '东湖区', '360100');
INSERT INTO `t_def_address` VALUES ('03', '360103', '西湖区', '360100');
INSERT INTO `t_def_address` VALUES ('03', '360104', '青云谱区', '360100');
INSERT INTO `t_def_address` VALUES ('03', '360105', '湾里区', '360100');
INSERT INTO `t_def_address` VALUES ('03', '360111', '青山湖区', '360100');
INSERT INTO `t_def_address` VALUES ('03', '360121', '南昌县', '360100');
INSERT INTO `t_def_address` VALUES ('03', '360122', '新建县', '360100');
INSERT INTO `t_def_address` VALUES ('03', '360123', '安义县', '360100');
INSERT INTO `t_def_address` VALUES ('03', '360124', '进贤县', '360100');
INSERT INTO `t_def_address` VALUES ('03', '360201', '市辖区', '360200');
INSERT INTO `t_def_address` VALUES ('03', '360202', '昌江区', '360200');
INSERT INTO `t_def_address` VALUES ('03', '360203', '珠山区', '360200');
INSERT INTO `t_def_address` VALUES ('03', '360222', '浮梁县', '360200');
INSERT INTO `t_def_address` VALUES ('03', '360281', '乐平市', '360200');
INSERT INTO `t_def_address` VALUES ('03', '360301', '市辖区', '360300');
INSERT INTO `t_def_address` VALUES ('03', '360302', '安源区', '360300');
INSERT INTO `t_def_address` VALUES ('03', '360313', '湘东区', '360300');
INSERT INTO `t_def_address` VALUES ('03', '360321', '莲花县', '360300');
INSERT INTO `t_def_address` VALUES ('03', '360322', '上栗县', '360300');
INSERT INTO `t_def_address` VALUES ('03', '360323', '芦溪县', '360300');
INSERT INTO `t_def_address` VALUES ('03', '360401', '市辖区', '360400');
INSERT INTO `t_def_address` VALUES ('03', '360402', '庐山区', '360400');
INSERT INTO `t_def_address` VALUES ('03', '360403', '浔阳区', '360400');
INSERT INTO `t_def_address` VALUES ('03', '360421', '九江县', '360400');
INSERT INTO `t_def_address` VALUES ('03', '360423', '武宁县', '360400');
INSERT INTO `t_def_address` VALUES ('03', '360424', '修水县', '360400');
INSERT INTO `t_def_address` VALUES ('03', '360425', '永修县', '360400');
INSERT INTO `t_def_address` VALUES ('03', '360426', '德安县', '360400');
INSERT INTO `t_def_address` VALUES ('03', '360427', '星子县', '360400');
INSERT INTO `t_def_address` VALUES ('03', '360428', '都昌县', '360400');
INSERT INTO `t_def_address` VALUES ('03', '360429', '湖口县', '360400');
INSERT INTO `t_def_address` VALUES ('03', '360430', '彭泽县', '360400');
INSERT INTO `t_def_address` VALUES ('03', '360481', '瑞昌市', '360400');
INSERT INTO `t_def_address` VALUES ('03', '360501', '市辖区', '360500');
INSERT INTO `t_def_address` VALUES ('03', '360502', '渝水区', '360500');
INSERT INTO `t_def_address` VALUES ('03', '360521', '分宜县', '360500');
INSERT INTO `t_def_address` VALUES ('03', '360601', '市辖区', '360600');
INSERT INTO `t_def_address` VALUES ('03', '360602', '月湖区', '360600');
INSERT INTO `t_def_address` VALUES ('03', '360622', '余江县', '360600');
INSERT INTO `t_def_address` VALUES ('03', '360681', '贵溪市', '360600');
INSERT INTO `t_def_address` VALUES ('03', '360701', '市辖区', '360700');
INSERT INTO `t_def_address` VALUES ('03', '360702', '章贡区', '360700');
INSERT INTO `t_def_address` VALUES ('03', '360721', '赣县', '360700');
INSERT INTO `t_def_address` VALUES ('03', '360722', '信丰县', '360700');
INSERT INTO `t_def_address` VALUES ('03', '360723', '大余县', '360700');
INSERT INTO `t_def_address` VALUES ('03', '360724', '上犹县', '360700');
INSERT INTO `t_def_address` VALUES ('03', '360725', '崇义县', '360700');
INSERT INTO `t_def_address` VALUES ('03', '360726', '安远县', '360700');
INSERT INTO `t_def_address` VALUES ('03', '360727', '龙南县', '360700');
INSERT INTO `t_def_address` VALUES ('03', '360728', '定南县', '360700');
INSERT INTO `t_def_address` VALUES ('03', '360729', '全南县', '360700');
INSERT INTO `t_def_address` VALUES ('03', '360730', '宁都县', '360700');
INSERT INTO `t_def_address` VALUES ('03', '360731', '于都县', '360700');
INSERT INTO `t_def_address` VALUES ('03', '360732', '兴国县', '360700');
INSERT INTO `t_def_address` VALUES ('03', '360733', '会昌县', '360700');
INSERT INTO `t_def_address` VALUES ('03', '360734', '寻乌县', '360700');
INSERT INTO `t_def_address` VALUES ('03', '360735', '石城县', '360700');
INSERT INTO `t_def_address` VALUES ('03', '360781', '瑞金市', '360700');
INSERT INTO `t_def_address` VALUES ('03', '360782', '南康市', '360700');
INSERT INTO `t_def_address` VALUES ('03', '360801', '市辖区', '360800');
INSERT INTO `t_def_address` VALUES ('03', '360802', '吉州区', '360800');
INSERT INTO `t_def_address` VALUES ('03', '360803', '青原区', '360800');
INSERT INTO `t_def_address` VALUES ('03', '360821', '吉安县', '360800');
INSERT INTO `t_def_address` VALUES ('03', '360822', '吉水县', '360800');
INSERT INTO `t_def_address` VALUES ('03', '360823', '峡江县', '360800');
INSERT INTO `t_def_address` VALUES ('03', '360824', '新干县', '360800');
INSERT INTO `t_def_address` VALUES ('03', '360825', '永丰县', '360800');
INSERT INTO `t_def_address` VALUES ('03', '360826', '泰和县', '360800');
INSERT INTO `t_def_address` VALUES ('03', '360827', '遂川县', '360800');
INSERT INTO `t_def_address` VALUES ('03', '360828', '万安县', '360800');
INSERT INTO `t_def_address` VALUES ('03', '360829', '安福县', '360800');
INSERT INTO `t_def_address` VALUES ('03', '360830', '永新县', '360800');
INSERT INTO `t_def_address` VALUES ('03', '360881', '井冈山市', '360800');
INSERT INTO `t_def_address` VALUES ('03', '360901', '市辖区', '360900');
INSERT INTO `t_def_address` VALUES ('03', '360902', '袁州区', '360900');
INSERT INTO `t_def_address` VALUES ('03', '360921', '奉新县', '360900');
INSERT INTO `t_def_address` VALUES ('03', '360922', '万载县', '360900');
INSERT INTO `t_def_address` VALUES ('03', '360923', '上高县', '360900');
INSERT INTO `t_def_address` VALUES ('03', '360924', '宜丰县', '360900');
INSERT INTO `t_def_address` VALUES ('03', '360925', '靖安县', '360900');
INSERT INTO `t_def_address` VALUES ('03', '360926', '铜鼓县', '360900');
INSERT INTO `t_def_address` VALUES ('03', '360981', '丰城市', '360900');
INSERT INTO `t_def_address` VALUES ('03', '360982', '樟树市', '360900');
INSERT INTO `t_def_address` VALUES ('03', '360983', '高安市', '360900');
INSERT INTO `t_def_address` VALUES ('03', '361001', '市辖区', '361000');
INSERT INTO `t_def_address` VALUES ('03', '361002', '临川区', '361000');
INSERT INTO `t_def_address` VALUES ('03', '361021', '南城县', '361000');
INSERT INTO `t_def_address` VALUES ('03', '361022', '黎川县', '361000');
INSERT INTO `t_def_address` VALUES ('03', '361023', '南丰县', '361000');
INSERT INTO `t_def_address` VALUES ('03', '361024', '崇仁县', '361000');
INSERT INTO `t_def_address` VALUES ('03', '361025', '乐安县', '361000');
INSERT INTO `t_def_address` VALUES ('03', '361026', '宜黄县', '361000');
INSERT INTO `t_def_address` VALUES ('03', '361027', '金溪县', '361000');
INSERT INTO `t_def_address` VALUES ('03', '361028', '资溪县', '361000');
INSERT INTO `t_def_address` VALUES ('03', '361029', '东乡县', '361000');
INSERT INTO `t_def_address` VALUES ('03', '361030', '广昌县', '361000');
INSERT INTO `t_def_address` VALUES ('03', '361101', '市辖区', '361100');
INSERT INTO `t_def_address` VALUES ('03', '361102', '信州区', '361100');
INSERT INTO `t_def_address` VALUES ('03', '361121', '上饶县', '361100');
INSERT INTO `t_def_address` VALUES ('03', '361122', '广丰县', '361100');
INSERT INTO `t_def_address` VALUES ('03', '361123', '玉山县', '361100');
INSERT INTO `t_def_address` VALUES ('03', '361124', '铅山县', '361100');
INSERT INTO `t_def_address` VALUES ('03', '361125', '横峰县', '361100');
INSERT INTO `t_def_address` VALUES ('03', '361126', '弋阳县', '361100');
INSERT INTO `t_def_address` VALUES ('03', '361127', '余干县', '361100');
INSERT INTO `t_def_address` VALUES ('03', '361128', '鄱阳县', '361100');
INSERT INTO `t_def_address` VALUES ('03', '361129', '万年县', '361100');
INSERT INTO `t_def_address` VALUES ('03', '361130', '婺源县', '361100');
INSERT INTO `t_def_address` VALUES ('03', '361181', '德兴市', '361100');
INSERT INTO `t_def_address` VALUES ('03', '370101', '市辖区', '370100');
INSERT INTO `t_def_address` VALUES ('03', '370102', '历下区', '370100');
INSERT INTO `t_def_address` VALUES ('03', '370103', '市中区', '370100');
INSERT INTO `t_def_address` VALUES ('03', '370104', '槐荫区', '370100');
INSERT INTO `t_def_address` VALUES ('03', '370105', '天桥区', '370100');
INSERT INTO `t_def_address` VALUES ('03', '370112', '历城区', '370100');
INSERT INTO `t_def_address` VALUES ('03', '370113', '长清区', '370100');
INSERT INTO `t_def_address` VALUES ('03', '370124', '平阴县', '370100');
INSERT INTO `t_def_address` VALUES ('03', '370125', '济阳县', '370100');
INSERT INTO `t_def_address` VALUES ('03', '370126', '商河县', '370100');
INSERT INTO `t_def_address` VALUES ('03', '370181', '章丘市', '370100');
INSERT INTO `t_def_address` VALUES ('03', '370201', '市辖区', '370200');
INSERT INTO `t_def_address` VALUES ('03', '370202', '市南区', '370200');
INSERT INTO `t_def_address` VALUES ('03', '370203', '市北区', '370200');
INSERT INTO `t_def_address` VALUES ('03', '370205', '四方区', '370200');
INSERT INTO `t_def_address` VALUES ('03', '370211', '黄岛区', '370200');
INSERT INTO `t_def_address` VALUES ('03', '370212', '崂山区', '370200');
INSERT INTO `t_def_address` VALUES ('03', '370213', '李沧区', '370200');
INSERT INTO `t_def_address` VALUES ('03', '370214', '城阳区', '370200');
INSERT INTO `t_def_address` VALUES ('03', '370281', '胶州市', '370200');
INSERT INTO `t_def_address` VALUES ('03', '370282', '即墨市', '370200');
INSERT INTO `t_def_address` VALUES ('03', '370283', '平度市', '370200');
INSERT INTO `t_def_address` VALUES ('03', '370284', '胶南市', '370200');
INSERT INTO `t_def_address` VALUES ('03', '370285', '莱西市', '370200');
INSERT INTO `t_def_address` VALUES ('03', '370301', '市辖区', '370300');
INSERT INTO `t_def_address` VALUES ('03', '370302', '淄川区', '370300');
INSERT INTO `t_def_address` VALUES ('03', '370303', '张店区', '370300');
INSERT INTO `t_def_address` VALUES ('03', '370304', '博山区', '370300');
INSERT INTO `t_def_address` VALUES ('03', '370305', '临淄区', '370300');
INSERT INTO `t_def_address` VALUES ('03', '370306', '周村区', '370300');
INSERT INTO `t_def_address` VALUES ('03', '370321', '桓台县', '370300');
INSERT INTO `t_def_address` VALUES ('03', '370322', '高青县', '370300');
INSERT INTO `t_def_address` VALUES ('03', '370323', '沂源县', '370300');
INSERT INTO `t_def_address` VALUES ('03', '370401', '市辖区', '370400');
INSERT INTO `t_def_address` VALUES ('03', '370402', '市中区', '370400');
INSERT INTO `t_def_address` VALUES ('03', '370403', '薛城区', '370400');
INSERT INTO `t_def_address` VALUES ('03', '370404', '峄城区', '370400');
INSERT INTO `t_def_address` VALUES ('03', '370405', '台儿庄区', '370400');
INSERT INTO `t_def_address` VALUES ('03', '370406', '山亭区', '370400');
INSERT INTO `t_def_address` VALUES ('03', '370481', '滕州市', '370400');
INSERT INTO `t_def_address` VALUES ('03', '370501', '市辖区', '370500');
INSERT INTO `t_def_address` VALUES ('03', '370502', '东营区', '370500');
INSERT INTO `t_def_address` VALUES ('03', '370503', '河口区', '370500');
INSERT INTO `t_def_address` VALUES ('03', '370521', '垦利县', '370500');
INSERT INTO `t_def_address` VALUES ('03', '370522', '利津县', '370500');
INSERT INTO `t_def_address` VALUES ('03', '370523', '广饶县', '370500');
INSERT INTO `t_def_address` VALUES ('03', '370601', '山东辖区', '370600');
INSERT INTO `t_def_address` VALUES ('03', '370602', '芝罘区', '370600');
INSERT INTO `t_def_address` VALUES ('03', '370611', '福山区', '370600');
INSERT INTO `t_def_address` VALUES ('03', '370612', '牟平区', '370600');
INSERT INTO `t_def_address` VALUES ('03', '370613', '莱山区', '370600');
INSERT INTO `t_def_address` VALUES ('03', '370634', '长岛县', '370600');
INSERT INTO `t_def_address` VALUES ('03', '370681', '龙口市', '370600');
INSERT INTO `t_def_address` VALUES ('03', '370682', '莱阳市', '370600');
INSERT INTO `t_def_address` VALUES ('03', '370683', '莱州市', '370600');
INSERT INTO `t_def_address` VALUES ('03', '370684', '蓬莱市', '370600');
INSERT INTO `t_def_address` VALUES ('03', '370685', '招远市', '370600');
INSERT INTO `t_def_address` VALUES ('03', '370686', '栖霞市', '370600');
INSERT INTO `t_def_address` VALUES ('03', '370687', '海阳市', '370600');
INSERT INTO `t_def_address` VALUES ('03', '370701', '市辖区', '370700');
INSERT INTO `t_def_address` VALUES ('03', '370702', '潍城区', '370700');
INSERT INTO `t_def_address` VALUES ('03', '370703', '寒亭区', '370700');
INSERT INTO `t_def_address` VALUES ('03', '370704', '坊子区', '370700');
INSERT INTO `t_def_address` VALUES ('03', '370705', '奎文区', '370700');
INSERT INTO `t_def_address` VALUES ('03', '370724', '临朐县', '370700');
INSERT INTO `t_def_address` VALUES ('03', '370725', '昌乐县', '370700');
INSERT INTO `t_def_address` VALUES ('03', '370781', '青州市', '370700');
INSERT INTO `t_def_address` VALUES ('03', '370782', '诸城市', '370700');
INSERT INTO `t_def_address` VALUES ('03', '370783', '寿光市', '370700');
INSERT INTO `t_def_address` VALUES ('03', '370784', '安丘市', '370700');
INSERT INTO `t_def_address` VALUES ('03', '370785', '高密市', '370700');
INSERT INTO `t_def_address` VALUES ('03', '370786', '昌邑市', '370700');
INSERT INTO `t_def_address` VALUES ('03', '370801', '市辖区', '370800');
INSERT INTO `t_def_address` VALUES ('03', '370802', '市中区', '370800');
INSERT INTO `t_def_address` VALUES ('03', '370811', '任城区', '370800');
INSERT INTO `t_def_address` VALUES ('03', '370826', '微山县', '370800');
INSERT INTO `t_def_address` VALUES ('03', '370827', '鱼台县', '370800');
INSERT INTO `t_def_address` VALUES ('03', '370828', '金乡县', '370800');
INSERT INTO `t_def_address` VALUES ('03', '370829', '嘉祥县', '370800');
INSERT INTO `t_def_address` VALUES ('03', '370830', '汶上县', '370800');
INSERT INTO `t_def_address` VALUES ('03', '370831', '泗水县', '370800');
INSERT INTO `t_def_address` VALUES ('03', '370832', '梁山县', '370800');
INSERT INTO `t_def_address` VALUES ('03', '370881', '曲阜市', '370800');
INSERT INTO `t_def_address` VALUES ('03', '370882', '兖州市', '370800');
INSERT INTO `t_def_address` VALUES ('03', '370883', '邹城市', '370800');
INSERT INTO `t_def_address` VALUES ('03', '370901', '市辖区', '370900');
INSERT INTO `t_def_address` VALUES ('03', '370902', '泰山区', '370900');
INSERT INTO `t_def_address` VALUES ('03', '370903', '岱岳区', '370900');
INSERT INTO `t_def_address` VALUES ('03', '370921', '宁阳县', '370900');
INSERT INTO `t_def_address` VALUES ('03', '370923', '东平县', '370900');
INSERT INTO `t_def_address` VALUES ('03', '370982', '新泰市', '370900');
INSERT INTO `t_def_address` VALUES ('03', '370983', '肥城市', '370900');
INSERT INTO `t_def_address` VALUES ('03', '371001', '市辖区', '371000');
INSERT INTO `t_def_address` VALUES ('03', '371002', '环翠区', '371000');
INSERT INTO `t_def_address` VALUES ('03', '371081', '文登市', '371000');
INSERT INTO `t_def_address` VALUES ('03', '371082', '荣成市', '371000');
INSERT INTO `t_def_address` VALUES ('03', '371083', '乳山市', '371000');
INSERT INTO `t_def_address` VALUES ('03', '371101', '市辖区', '371100');
INSERT INTO `t_def_address` VALUES ('03', '371102', '东港区', '371100');
INSERT INTO `t_def_address` VALUES ('03', '371103', '岚山区', '371100');
INSERT INTO `t_def_address` VALUES ('03', '371121', '五莲县', '371100');
INSERT INTO `t_def_address` VALUES ('03', '371122', '莒县', '371100');
INSERT INTO `t_def_address` VALUES ('03', '371201', '市辖区', '371200');
INSERT INTO `t_def_address` VALUES ('03', '371202', '莱城区', '371200');
INSERT INTO `t_def_address` VALUES ('03', '371203', '钢城区', '371200');
INSERT INTO `t_def_address` VALUES ('03', '371301', '市辖区', '371300');
INSERT INTO `t_def_address` VALUES ('03', '371302', '兰山区', '371300');
INSERT INTO `t_def_address` VALUES ('03', '371311', '罗庄区', '371300');
INSERT INTO `t_def_address` VALUES ('03', '371312', '河东区', '371300');
INSERT INTO `t_def_address` VALUES ('03', '371321', '沂南县', '371300');
INSERT INTO `t_def_address` VALUES ('03', '371322', '郯城县', '371300');
INSERT INTO `t_def_address` VALUES ('03', '371323', '沂水县', '371300');
INSERT INTO `t_def_address` VALUES ('03', '371324', '苍山县', '371300');
INSERT INTO `t_def_address` VALUES ('03', '371325', '费县', '371300');
INSERT INTO `t_def_address` VALUES ('03', '371326', '平邑县', '371300');
INSERT INTO `t_def_address` VALUES ('03', '371327', '莒南县', '371300');
INSERT INTO `t_def_address` VALUES ('03', '371328', '蒙阴县', '371300');
INSERT INTO `t_def_address` VALUES ('03', '371329', '临沭县', '371300');
INSERT INTO `t_def_address` VALUES ('03', '371401', '市辖区', '371400');
INSERT INTO `t_def_address` VALUES ('03', '371402', '德城区', '371400');
INSERT INTO `t_def_address` VALUES ('03', '371421', '陵县', '371400');
INSERT INTO `t_def_address` VALUES ('03', '371422', '宁津县', '371400');
INSERT INTO `t_def_address` VALUES ('03', '371423', '庆云县', '371400');
INSERT INTO `t_def_address` VALUES ('03', '371424', '临邑县', '371400');
INSERT INTO `t_def_address` VALUES ('03', '371425', '齐河县', '371400');
INSERT INTO `t_def_address` VALUES ('03', '371426', '平原县', '371400');
INSERT INTO `t_def_address` VALUES ('03', '371427', '夏津县', '371400');
INSERT INTO `t_def_address` VALUES ('03', '371428', '武城县', '371400');
INSERT INTO `t_def_address` VALUES ('03', '371481', '乐陵市', '371400');
INSERT INTO `t_def_address` VALUES ('03', '371482', '禹城市', '371400');
INSERT INTO `t_def_address` VALUES ('03', '371501', '市辖区', '371500');
INSERT INTO `t_def_address` VALUES ('03', '371502', '东昌府区', '371500');
INSERT INTO `t_def_address` VALUES ('03', '371521', '阳谷县', '371500');
INSERT INTO `t_def_address` VALUES ('03', '371522', '莘县', '371500');
INSERT INTO `t_def_address` VALUES ('03', '371523', '茌平县', '371500');
INSERT INTO `t_def_address` VALUES ('03', '371524', '东阿县', '371500');
INSERT INTO `t_def_address` VALUES ('03', '371525', '冠县', '371500');
INSERT INTO `t_def_address` VALUES ('03', '371526', '高唐县', '371500');
INSERT INTO `t_def_address` VALUES ('03', '371581', '临清市', '371500');
INSERT INTO `t_def_address` VALUES ('03', '371601', '市辖区', '371600');
INSERT INTO `t_def_address` VALUES ('03', '371602', '滨城区', '371600');
INSERT INTO `t_def_address` VALUES ('03', '371621', '惠民县', '371600');
INSERT INTO `t_def_address` VALUES ('03', '371622', '阳信县', '371600');
INSERT INTO `t_def_address` VALUES ('03', '371623', '无棣县', '371600');
INSERT INTO `t_def_address` VALUES ('03', '371624', '沾化县', '371600');
INSERT INTO `t_def_address` VALUES ('03', '371625', '博兴县', '371600');
INSERT INTO `t_def_address` VALUES ('03', '371626', '邹平县', '371600');
INSERT INTO `t_def_address` VALUES ('03', '371701', '市辖区', '371700');
INSERT INTO `t_def_address` VALUES ('03', '371702', '牡丹区', '371700');
INSERT INTO `t_def_address` VALUES ('03', '371721', '曹县', '371700');
INSERT INTO `t_def_address` VALUES ('03', '371722', '单县', '371700');
INSERT INTO `t_def_address` VALUES ('03', '371723', '成武县', '371700');
INSERT INTO `t_def_address` VALUES ('03', '371724', '巨野县', '371700');
INSERT INTO `t_def_address` VALUES ('03', '371725', '郓城县', '371700');
INSERT INTO `t_def_address` VALUES ('03', '371726', '鄄城县', '371700');
INSERT INTO `t_def_address` VALUES ('03', '371727', '定陶县', '371700');
INSERT INTO `t_def_address` VALUES ('03', '371728', '东明县', '371700');
INSERT INTO `t_def_address` VALUES ('03', '410101', '市辖区', '410100');
INSERT INTO `t_def_address` VALUES ('03', '410102', '中原区', '410100');
INSERT INTO `t_def_address` VALUES ('03', '410103', '二七区', '410100');
INSERT INTO `t_def_address` VALUES ('03', '410104', '管城回族区', '410100');
INSERT INTO `t_def_address` VALUES ('03', '410105', '金水区', '410100');
INSERT INTO `t_def_address` VALUES ('03', '410106', '上街区', '410100');
INSERT INTO `t_def_address` VALUES ('03', '410108', '惠济区', '410100');
INSERT INTO `t_def_address` VALUES ('03', '410122', '中牟县', '410100');
INSERT INTO `t_def_address` VALUES ('03', '410181', '巩义市', '410100');
INSERT INTO `t_def_address` VALUES ('03', '410182', '荥阳市', '410100');
INSERT INTO `t_def_address` VALUES ('03', '410183', '新密市', '410100');
INSERT INTO `t_def_address` VALUES ('03', '410184', '新郑市', '410100');
INSERT INTO `t_def_address` VALUES ('03', '410185', '登封市', '410100');
INSERT INTO `t_def_address` VALUES ('03', '410201', '市辖区', '410200');
INSERT INTO `t_def_address` VALUES ('03', '410202', '龙亭区', '410200');
INSERT INTO `t_def_address` VALUES ('03', '410203', '顺河回族区', '410200');
INSERT INTO `t_def_address` VALUES ('03', '410204', '鼓楼区', '410200');
INSERT INTO `t_def_address` VALUES ('03', '410205', '禹王台区', '410200');
INSERT INTO `t_def_address` VALUES ('03', '410211', '金明区', '410200');
INSERT INTO `t_def_address` VALUES ('03', '410221', '杞县', '410200');
INSERT INTO `t_def_address` VALUES ('03', '410222', '通许县', '410200');
INSERT INTO `t_def_address` VALUES ('03', '410223', '尉氏县', '410200');
INSERT INTO `t_def_address` VALUES ('03', '410224', '开封县', '410200');
INSERT INTO `t_def_address` VALUES ('03', '410225', '兰考县', '410200');
INSERT INTO `t_def_address` VALUES ('03', '410301', '市辖区', '410300');
INSERT INTO `t_def_address` VALUES ('03', '410302', '老城区', '410300');
INSERT INTO `t_def_address` VALUES ('03', '410303', '西工区', '410300');
INSERT INTO `t_def_address` VALUES ('03', '410304', '廛河回族区', '410300');
INSERT INTO `t_def_address` VALUES ('03', '410305', '涧西区', '410300');
INSERT INTO `t_def_address` VALUES ('03', '410306', '吉利区', '410300');
INSERT INTO `t_def_address` VALUES ('03', '410307', '洛龙区', '410300');
INSERT INTO `t_def_address` VALUES ('03', '410322', '孟津县', '410300');
INSERT INTO `t_def_address` VALUES ('03', '410323', '新安县', '410300');
INSERT INTO `t_def_address` VALUES ('03', '410324', '栾川县', '410300');
INSERT INTO `t_def_address` VALUES ('03', '410325', '嵩县', '410300');
INSERT INTO `t_def_address` VALUES ('03', '410326', '汝阳县', '410300');
INSERT INTO `t_def_address` VALUES ('03', '410327', '宜阳县', '410300');
INSERT INTO `t_def_address` VALUES ('03', '410328', '洛宁县', '410300');
INSERT INTO `t_def_address` VALUES ('03', '410329', '伊川县', '410300');
INSERT INTO `t_def_address` VALUES ('03', '410381', '偃师市', '410300');
INSERT INTO `t_def_address` VALUES ('03', '410401', '市辖区', '410400');
INSERT INTO `t_def_address` VALUES ('03', '410402', '新华区', '410400');
INSERT INTO `t_def_address` VALUES ('03', '410403', '卫东区', '410400');
INSERT INTO `t_def_address` VALUES ('03', '410404', '石龙区', '410400');
INSERT INTO `t_def_address` VALUES ('03', '410411', '湛河区', '410400');
INSERT INTO `t_def_address` VALUES ('03', '410421', '宝丰县', '410400');
INSERT INTO `t_def_address` VALUES ('03', '410422', '叶县', '410400');
INSERT INTO `t_def_address` VALUES ('03', '410423', '鲁山县', '410400');
INSERT INTO `t_def_address` VALUES ('03', '410425', '郏县', '410400');
INSERT INTO `t_def_address` VALUES ('03', '410481', '舞钢市', '410400');
INSERT INTO `t_def_address` VALUES ('03', '410482', '汝州市', '410400');
INSERT INTO `t_def_address` VALUES ('03', '410501', '市辖区', '410500');
INSERT INTO `t_def_address` VALUES ('03', '410502', '文峰区', '410500');
INSERT INTO `t_def_address` VALUES ('03', '410503', '北关区', '410500');
INSERT INTO `t_def_address` VALUES ('03', '410505', '市殷都区', '410500');
INSERT INTO `t_def_address` VALUES ('03', '410506', '龙安区', '410500');
INSERT INTO `t_def_address` VALUES ('03', '410522', '安阳县', '410500');
INSERT INTO `t_def_address` VALUES ('03', '410523', '汤阴县', '410500');
INSERT INTO `t_def_address` VALUES ('03', '410526', '滑县', '410500');
INSERT INTO `t_def_address` VALUES ('03', '410527', '内黄县', '410500');
INSERT INTO `t_def_address` VALUES ('03', '410581', '林州市', '410500');
INSERT INTO `t_def_address` VALUES ('03', '410601', '市辖区', '410600');
INSERT INTO `t_def_address` VALUES ('03', '410602', '鹤山区', '410600');
INSERT INTO `t_def_address` VALUES ('03', '410603', '山城区', '410600');
INSERT INTO `t_def_address` VALUES ('03', '410611', '淇滨区', '410600');
INSERT INTO `t_def_address` VALUES ('03', '410621', '浚县', '410600');
INSERT INTO `t_def_address` VALUES ('03', '410622', '淇县', '410600');
INSERT INTO `t_def_address` VALUES ('03', '410701', '市辖区', '410700');
INSERT INTO `t_def_address` VALUES ('03', '410702', '红旗区', '410700');
INSERT INTO `t_def_address` VALUES ('03', '410703', '卫滨区', '410700');
INSERT INTO `t_def_address` VALUES ('03', '410704', '凤泉区', '410700');
INSERT INTO `t_def_address` VALUES ('03', '410711', '牧野区', '410700');
INSERT INTO `t_def_address` VALUES ('03', '410721', '新乡县', '410700');
INSERT INTO `t_def_address` VALUES ('03', '410724', '获嘉县', '410700');
INSERT INTO `t_def_address` VALUES ('03', '410725', '原阳县', '410700');
INSERT INTO `t_def_address` VALUES ('03', '410726', '延津县', '410700');
INSERT INTO `t_def_address` VALUES ('03', '410727', '封丘县', '410700');
INSERT INTO `t_def_address` VALUES ('03', '410728', '长垣县', '410700');
INSERT INTO `t_def_address` VALUES ('03', '410781', '卫辉市', '410700');
INSERT INTO `t_def_address` VALUES ('03', '410782', '辉县市', '410700');
INSERT INTO `t_def_address` VALUES ('03', '410801', '市辖区', '410800');
INSERT INTO `t_def_address` VALUES ('03', '410802', '解放区', '410800');
INSERT INTO `t_def_address` VALUES ('03', '410803', '中站区', '410800');
INSERT INTO `t_def_address` VALUES ('03', '410804', '马村区', '410800');
INSERT INTO `t_def_address` VALUES ('03', '410811', '山阳区', '410800');
INSERT INTO `t_def_address` VALUES ('03', '410821', '修武县', '410800');
INSERT INTO `t_def_address` VALUES ('03', '410822', '博爱县', '410800');
INSERT INTO `t_def_address` VALUES ('03', '410823', '武陟县', '410800');
INSERT INTO `t_def_address` VALUES ('03', '410825', '温县', '410800');
INSERT INTO `t_def_address` VALUES ('03', '410881', '济源市', '410800');
INSERT INTO `t_def_address` VALUES ('03', '410882', '沁阳市', '410800');
INSERT INTO `t_def_address` VALUES ('03', '410883', '孟州市', '410800');
INSERT INTO `t_def_address` VALUES ('03', '410901', '市辖区', '410900');
INSERT INTO `t_def_address` VALUES ('03', '410902', '华龙区', '410900');
INSERT INTO `t_def_address` VALUES ('03', '410922', '清丰县', '410900');
INSERT INTO `t_def_address` VALUES ('03', '410923', '南乐县', '410900');
INSERT INTO `t_def_address` VALUES ('03', '410926', '范县', '410900');
INSERT INTO `t_def_address` VALUES ('03', '410927', '台前县', '410900');
INSERT INTO `t_def_address` VALUES ('03', '410928', '濮阳县', '410900');
INSERT INTO `t_def_address` VALUES ('03', '411001', '市辖区', '411000');
INSERT INTO `t_def_address` VALUES ('03', '411002', '魏都区', '411000');
INSERT INTO `t_def_address` VALUES ('03', '411023', '许昌县', '411000');
INSERT INTO `t_def_address` VALUES ('03', '411024', '鄢陵县', '411000');
INSERT INTO `t_def_address` VALUES ('03', '411025', '市襄城县', '411000');
INSERT INTO `t_def_address` VALUES ('03', '411081', '禹州市', '411000');
INSERT INTO `t_def_address` VALUES ('03', '411082', '长葛市', '411000');
INSERT INTO `t_def_address` VALUES ('03', '411101', '市辖区', '411100');
INSERT INTO `t_def_address` VALUES ('03', '411102', '源汇区', '411100');
INSERT INTO `t_def_address` VALUES ('03', '411103', '市郾城区', '411100');
INSERT INTO `t_def_address` VALUES ('03', '411104', '召陵区', '411100');
INSERT INTO `t_def_address` VALUES ('03', '411121', '舞阳县', '411100');
INSERT INTO `t_def_address` VALUES ('03', '411122', '临颖县', '411100');
INSERT INTO `t_def_address` VALUES ('03', '411201', '市辖区', '411200');
INSERT INTO `t_def_address` VALUES ('03', '411202', '湖滨区', '411200');
INSERT INTO `t_def_address` VALUES ('03', '411221', '渑池县', '411200');
INSERT INTO `t_def_address` VALUES ('03', '411222', '陕县', '411200');
INSERT INTO `t_def_address` VALUES ('03', '411224', '卢氏县', '411200');
INSERT INTO `t_def_address` VALUES ('03', '411281', '义马市', '411200');
INSERT INTO `t_def_address` VALUES ('03', '411282', '灵宝市', '411200');
INSERT INTO `t_def_address` VALUES ('03', '411301', '市辖区', '411300');
INSERT INTO `t_def_address` VALUES ('03', '411302', '宛城区', '411300');
INSERT INTO `t_def_address` VALUES ('03', '411303', '卧龙区', '411300');
INSERT INTO `t_def_address` VALUES ('03', '411321', '南召县', '411300');
INSERT INTO `t_def_address` VALUES ('03', '411322', '方城县', '411300');
INSERT INTO `t_def_address` VALUES ('03', '411323', '西峡县', '411300');
INSERT INTO `t_def_address` VALUES ('03', '411324', '镇平县', '411300');
INSERT INTO `t_def_address` VALUES ('03', '411325', '内乡县', '411300');
INSERT INTO `t_def_address` VALUES ('03', '411326', '淅川县', '411300');
INSERT INTO `t_def_address` VALUES ('03', '411327', '社旗县', '411300');
INSERT INTO `t_def_address` VALUES ('03', '411328', '唐河县', '411300');
INSERT INTO `t_def_address` VALUES ('03', '411329', '新野县', '411300');
INSERT INTO `t_def_address` VALUES ('03', '411330', '桐柏县', '411300');
INSERT INTO `t_def_address` VALUES ('03', '411381', '邓州市', '411300');
INSERT INTO `t_def_address` VALUES ('03', '411401', '市辖区', '411400');
INSERT INTO `t_def_address` VALUES ('03', '411402', '梁园区', '411400');
INSERT INTO `t_def_address` VALUES ('03', '411403', '睢阳区', '411400');
INSERT INTO `t_def_address` VALUES ('03', '411421', '民权县', '411400');
INSERT INTO `t_def_address` VALUES ('03', '411422', '睢县', '411400');
INSERT INTO `t_def_address` VALUES ('03', '411423', '宁陵县', '411400');
INSERT INTO `t_def_address` VALUES ('03', '411424', '柘城县', '411400');
INSERT INTO `t_def_address` VALUES ('03', '411425', '虞城县', '411400');
INSERT INTO `t_def_address` VALUES ('03', '411426', '夏邑县', '411400');
INSERT INTO `t_def_address` VALUES ('03', '411481', '永城市', '411400');
INSERT INTO `t_def_address` VALUES ('03', '411501', '市辖区', '411500');
INSERT INTO `t_def_address` VALUES ('03', '411502', '浉河区', '411500');
INSERT INTO `t_def_address` VALUES ('03', '411503', '平桥区', '411500');
INSERT INTO `t_def_address` VALUES ('03', '411521', '罗山县', '411500');
INSERT INTO `t_def_address` VALUES ('03', '411522', '光山县', '411500');
INSERT INTO `t_def_address` VALUES ('03', '411523', '新县', '411500');
INSERT INTO `t_def_address` VALUES ('03', '411524', '商城县', '411500');
INSERT INTO `t_def_address` VALUES ('03', '411525', '固始县', '411500');
INSERT INTO `t_def_address` VALUES ('03', '411526', '潢川县', '411500');
INSERT INTO `t_def_address` VALUES ('03', '411527', '淮滨县', '411500');
INSERT INTO `t_def_address` VALUES ('03', '411528', '息县', '411500');
INSERT INTO `t_def_address` VALUES ('03', '411601', '市辖区', '411600');
INSERT INTO `t_def_address` VALUES ('03', '411602', '川汇区', '411600');
INSERT INTO `t_def_address` VALUES ('03', '411621', '扶沟县', '411600');
INSERT INTO `t_def_address` VALUES ('03', '411622', '西华县', '411600');
INSERT INTO `t_def_address` VALUES ('03', '411623', '商水县', '411600');
INSERT INTO `t_def_address` VALUES ('03', '411624', '沈丘县', '411600');
INSERT INTO `t_def_address` VALUES ('03', '411625', '郸城县', '411600');
INSERT INTO `t_def_address` VALUES ('03', '411626', '淮阳县', '411600');
INSERT INTO `t_def_address` VALUES ('03', '411627', '太康县', '411600');
INSERT INTO `t_def_address` VALUES ('03', '411628', '鹿邑县', '411600');
INSERT INTO `t_def_address` VALUES ('03', '411681', '项城市', '411600');
INSERT INTO `t_def_address` VALUES ('03', '411701', '市辖区', '411700');
INSERT INTO `t_def_address` VALUES ('03', '411702', '驿城区', '411700');
INSERT INTO `t_def_address` VALUES ('03', '411721', '西平县', '411700');
INSERT INTO `t_def_address` VALUES ('03', '411722', '上蔡县', '411700');
INSERT INTO `t_def_address` VALUES ('03', '411723', '平舆县', '411700');
INSERT INTO `t_def_address` VALUES ('03', '411724', '正阳县', '411700');
INSERT INTO `t_def_address` VALUES ('03', '411725', '确山县', '411700');
INSERT INTO `t_def_address` VALUES ('03', '411726', '泌阳县', '411700');
INSERT INTO `t_def_address` VALUES ('03', '411727', '汝南县', '411700');
INSERT INTO `t_def_address` VALUES ('03', '411728', '遂平县', '411700');
INSERT INTO `t_def_address` VALUES ('03', '411729', '新蔡县', '411700');
INSERT INTO `t_def_address` VALUES ('03', '420101', '市辖区', '420100');
INSERT INTO `t_def_address` VALUES ('03', '420102', '江岸区', '420100');
INSERT INTO `t_def_address` VALUES ('03', '420103', '江汉区', '420100');
INSERT INTO `t_def_address` VALUES ('03', '420104', '硚口区', '420100');
INSERT INTO `t_def_address` VALUES ('03', '420105', '汉阳区', '420100');
INSERT INTO `t_def_address` VALUES ('03', '420106', '武昌区', '420100');
INSERT INTO `t_def_address` VALUES ('03', '420107', '青山区', '420100');
INSERT INTO `t_def_address` VALUES ('03', '420111', '洪山区', '420100');
INSERT INTO `t_def_address` VALUES ('03', '420112', '东西湖区', '420100');
INSERT INTO `t_def_address` VALUES ('03', '420113', '汉南区', '420100');
INSERT INTO `t_def_address` VALUES ('03', '420114', '蔡甸区', '420100');
INSERT INTO `t_def_address` VALUES ('03', '420115', '江夏区', '420100');
INSERT INTO `t_def_address` VALUES ('03', '420116', '黄陂区', '420100');
INSERT INTO `t_def_address` VALUES ('03', '420117', '新洲区', '420100');
INSERT INTO `t_def_address` VALUES ('03', '420201', '市辖区', '420200');
INSERT INTO `t_def_address` VALUES ('03', '420202', '港区', '420200');
INSERT INTO `t_def_address` VALUES ('03', '420203', '西塞山区', '420200');
INSERT INTO `t_def_address` VALUES ('03', '420204', '下陆区', '420200');
INSERT INTO `t_def_address` VALUES ('03', '420205', '铁山区', '420200');
INSERT INTO `t_def_address` VALUES ('03', '420222', '阳新县', '420200');
INSERT INTO `t_def_address` VALUES ('03', '420281', '大冶市', '420200');
INSERT INTO `t_def_address` VALUES ('03', '420301', '市辖区', '420300');
INSERT INTO `t_def_address` VALUES ('03', '420302', '茅箭区', '420300');
INSERT INTO `t_def_address` VALUES ('03', '420303', '张湾区', '420300');
INSERT INTO `t_def_address` VALUES ('03', '420321', '郧县', '420300');
INSERT INTO `t_def_address` VALUES ('03', '420322', '郧西县', '420300');
INSERT INTO `t_def_address` VALUES ('03', '420323', '竹山县', '420300');
INSERT INTO `t_def_address` VALUES ('03', '420324', '竹溪县', '420300');
INSERT INTO `t_def_address` VALUES ('03', '420325', '房县', '420300');
INSERT INTO `t_def_address` VALUES ('03', '420381', '丹江口市', '420300');
INSERT INTO `t_def_address` VALUES ('03', '420501', '市辖区', '420500');
INSERT INTO `t_def_address` VALUES ('03', '420502', '西陵区', '420500');
INSERT INTO `t_def_address` VALUES ('03', '420503', '伍家岗区', '420500');
INSERT INTO `t_def_address` VALUES ('03', '420504', '点军区', '420500');
INSERT INTO `t_def_address` VALUES ('03', '420505', '猇亭区', '420500');
INSERT INTO `t_def_address` VALUES ('03', '420506', '夷陵区', '420500');
INSERT INTO `t_def_address` VALUES ('03', '420525', '远安县', '420500');
INSERT INTO `t_def_address` VALUES ('03', '420526', '兴山县', '420500');
INSERT INTO `t_def_address` VALUES ('03', '420527', '秭归县', '420500');
INSERT INTO `t_def_address` VALUES ('03', '420528', '长阳土家族自治县', '420500');
INSERT INTO `t_def_address` VALUES ('03', '420529', '五峰土家族自治县', '420500');
INSERT INTO `t_def_address` VALUES ('03', '420581', '宜都市', '420500');
INSERT INTO `t_def_address` VALUES ('03', '420582', '当阳市', '420500');
INSERT INTO `t_def_address` VALUES ('03', '420583', '枝江市', '420500');
INSERT INTO `t_def_address` VALUES ('03', '420601', '市辖区', '420600');
INSERT INTO `t_def_address` VALUES ('03', '420602', '襄城区', '420600');
INSERT INTO `t_def_address` VALUES ('03', '420606', '樊城区', '420600');
INSERT INTO `t_def_address` VALUES ('03', '420607', '襄阳区', '420600');
INSERT INTO `t_def_address` VALUES ('03', '420624', '南漳县', '420600');
INSERT INTO `t_def_address` VALUES ('03', '420625', '谷城县', '420600');
INSERT INTO `t_def_address` VALUES ('03', '420626', '保康县', '420600');
INSERT INTO `t_def_address` VALUES ('03', '420682', '老河口市', '420600');
INSERT INTO `t_def_address` VALUES ('03', '420683', '枣阳市', '420600');
INSERT INTO `t_def_address` VALUES ('03', '420684', '宜城市', '420600');
INSERT INTO `t_def_address` VALUES ('03', '420701', '市辖区', '420700');
INSERT INTO `t_def_address` VALUES ('03', '420702', '梁子湖区', '420700');
INSERT INTO `t_def_address` VALUES ('03', '420703', '华容区', '420700');
INSERT INTO `t_def_address` VALUES ('03', '420704', '鄂城区', '420700');
INSERT INTO `t_def_address` VALUES ('03', '420801', '湖北辖区', '420800');
INSERT INTO `t_def_address` VALUES ('03', '420802', '东宝区', '420800');
INSERT INTO `t_def_address` VALUES ('03', '420804', '掇刀区', '420800');
INSERT INTO `t_def_address` VALUES ('03', '420821', '京山县', '420800');
INSERT INTO `t_def_address` VALUES ('03', '420822', '沙洋县', '420800');
INSERT INTO `t_def_address` VALUES ('03', '420881', '钟祥市', '420800');
INSERT INTO `t_def_address` VALUES ('03', '420901', '市辖区', '420900');
INSERT INTO `t_def_address` VALUES ('03', '420902', '孝南区', '420900');
INSERT INTO `t_def_address` VALUES ('03', '420921', '孝昌县', '420900');
INSERT INTO `t_def_address` VALUES ('03', '420922', '大悟县', '420900');
INSERT INTO `t_def_address` VALUES ('03', '420923', '云梦县', '420900');
INSERT INTO `t_def_address` VALUES ('03', '420981', '应城市', '420900');
INSERT INTO `t_def_address` VALUES ('03', '420982', '安陆市', '420900');
INSERT INTO `t_def_address` VALUES ('03', '420984', '汉川市', '420900');
INSERT INTO `t_def_address` VALUES ('03', '421001', '市辖区', '421000');
INSERT INTO `t_def_address` VALUES ('03', '421002', '沙市区', '421000');
INSERT INTO `t_def_address` VALUES ('03', '421003', '荆州区', '421000');
INSERT INTO `t_def_address` VALUES ('03', '421022', '公安县', '421000');
INSERT INTO `t_def_address` VALUES ('03', '421023', '监利县', '421000');
INSERT INTO `t_def_address` VALUES ('03', '421024', '江陵县', '421000');
INSERT INTO `t_def_address` VALUES ('03', '421081', '石首市', '421000');
INSERT INTO `t_def_address` VALUES ('03', '421083', '洪湖市', '421000');
INSERT INTO `t_def_address` VALUES ('03', '421087', '松滋市', '421000');
INSERT INTO `t_def_address` VALUES ('03', '421101', '市辖区', '421100');
INSERT INTO `t_def_address` VALUES ('03', '421102', '黄州区', '421100');
INSERT INTO `t_def_address` VALUES ('03', '421121', '团风县', '421100');
INSERT INTO `t_def_address` VALUES ('03', '421122', '红安县', '421100');
INSERT INTO `t_def_address` VALUES ('03', '421123', '罗田县', '421100');
INSERT INTO `t_def_address` VALUES ('03', '421124', '英山县', '421100');
INSERT INTO `t_def_address` VALUES ('03', '421125', '浠水县', '421100');
INSERT INTO `t_def_address` VALUES ('03', '421126', '蕲春县', '421100');
INSERT INTO `t_def_address` VALUES ('03', '421127', '黄梅县', '421100');
INSERT INTO `t_def_address` VALUES ('03', '421181', '麻城市', '421100');
INSERT INTO `t_def_address` VALUES ('03', '421182', '武穴市', '421100');
INSERT INTO `t_def_address` VALUES ('03', '421201', '市辖区', '421200');
INSERT INTO `t_def_address` VALUES ('03', '421202', '咸安区', '421200');
INSERT INTO `t_def_address` VALUES ('03', '421221', '嘉鱼县', '421200');
INSERT INTO `t_def_address` VALUES ('03', '421222', '通城县', '421200');
INSERT INTO `t_def_address` VALUES ('03', '421223', '崇阳县', '421200');
INSERT INTO `t_def_address` VALUES ('03', '421224', '通山县', '421200');
INSERT INTO `t_def_address` VALUES ('03', '421281', '赤壁市', '421200');
INSERT INTO `t_def_address` VALUES ('03', '421301', '市辖区', '421300');
INSERT INTO `t_def_address` VALUES ('03', '421302', '曾都区', '421300');
INSERT INTO `t_def_address` VALUES ('03', '421381', '广水市', '421300');
INSERT INTO `t_def_address` VALUES ('03', '422801', '市', '422800');
INSERT INTO `t_def_address` VALUES ('03', '422802', '利川市', '422800');
INSERT INTO `t_def_address` VALUES ('03', '422822', '建始县', '422800');
INSERT INTO `t_def_address` VALUES ('03', '422823', '巴东县', '422800');
INSERT INTO `t_def_address` VALUES ('03', '422825', '宣恩县', '422800');
INSERT INTO `t_def_address` VALUES ('03', '422826', '咸丰县', '422800');
INSERT INTO `t_def_address` VALUES ('03', '422827', '来凤县', '422800');
INSERT INTO `t_def_address` VALUES ('03', '422828', '鹤峰县', '422800');
INSERT INTO `t_def_address` VALUES ('03', '429004', '仙桃市', '429000');
INSERT INTO `t_def_address` VALUES ('03', '429005', '潜江市', '429000');
INSERT INTO `t_def_address` VALUES ('03', '429006', '天门市', '429000');
INSERT INTO `t_def_address` VALUES ('03', '429021', '神农架林区', '429000');
INSERT INTO `t_def_address` VALUES ('03', '430101', '市辖区', '430100');
INSERT INTO `t_def_address` VALUES ('03', '430102', '芙蓉区', '430100');
INSERT INTO `t_def_address` VALUES ('03', '430103', '天心区', '430100');
INSERT INTO `t_def_address` VALUES ('03', '430104', '岳麓区', '430100');
INSERT INTO `t_def_address` VALUES ('03', '430105', '开福区', '430100');
INSERT INTO `t_def_address` VALUES ('03', '430111', '雨花区', '430100');
INSERT INTO `t_def_address` VALUES ('03', '430121', '长沙县', '430100');
INSERT INTO `t_def_address` VALUES ('03', '430122', '望城县', '430100');
INSERT INTO `t_def_address` VALUES ('03', '430124', '宁乡县', '430100');
INSERT INTO `t_def_address` VALUES ('03', '430181', '浏阳市', '430100');
INSERT INTO `t_def_address` VALUES ('03', '430201', '市辖区', '430200');
INSERT INTO `t_def_address` VALUES ('03', '430202', '荷塘区', '430200');
INSERT INTO `t_def_address` VALUES ('03', '430203', '芦淞区', '430200');
INSERT INTO `t_def_address` VALUES ('03', '430204', '石峰区', '430200');
INSERT INTO `t_def_address` VALUES ('03', '430211', '天元区', '430200');
INSERT INTO `t_def_address` VALUES ('03', '430221', '株洲县', '430200');
INSERT INTO `t_def_address` VALUES ('03', '430223', '攸县', '430200');
INSERT INTO `t_def_address` VALUES ('03', '430224', '茶陵县', '430200');
INSERT INTO `t_def_address` VALUES ('03', '430225', '炎陵县', '430200');
INSERT INTO `t_def_address` VALUES ('03', '430281', '醴陵市', '430200');
INSERT INTO `t_def_address` VALUES ('03', '430301', '市辖区', '430300');
INSERT INTO `t_def_address` VALUES ('03', '430302', '雨湖区', '430300');
INSERT INTO `t_def_address` VALUES ('03', '430304', '岳塘区', '430300');
INSERT INTO `t_def_address` VALUES ('03', '430321', '湘潭县', '430300');
INSERT INTO `t_def_address` VALUES ('03', '430381', '湘乡市', '430300');
INSERT INTO `t_def_address` VALUES ('03', '430382', '韶山市', '430300');
INSERT INTO `t_def_address` VALUES ('03', '430401', '市辖区', '430400');
INSERT INTO `t_def_address` VALUES ('03', '430405', '珠晖区', '430400');
INSERT INTO `t_def_address` VALUES ('03', '430406', '雁峰区', '430400');
INSERT INTO `t_def_address` VALUES ('03', '430407', '石鼓区', '430400');
INSERT INTO `t_def_address` VALUES ('03', '430408', '蒸湘区', '430400');
INSERT INTO `t_def_address` VALUES ('03', '430412', '南岳区', '430400');
INSERT INTO `t_def_address` VALUES ('03', '430421', '衡阳县', '430400');
INSERT INTO `t_def_address` VALUES ('03', '430422', '衡南县', '430400');
INSERT INTO `t_def_address` VALUES ('03', '430423', '衡山县', '430400');
INSERT INTO `t_def_address` VALUES ('03', '430424', '衡东县', '430400');
INSERT INTO `t_def_address` VALUES ('03', '430426', '祁东县', '430400');
INSERT INTO `t_def_address` VALUES ('03', '430481', '耒阳市', '430400');
INSERT INTO `t_def_address` VALUES ('03', '430482', '常宁市', '430400');
INSERT INTO `t_def_address` VALUES ('03', '430501', '市辖区', '430500');
INSERT INTO `t_def_address` VALUES ('03', '430502', '双清区', '430500');
INSERT INTO `t_def_address` VALUES ('03', '430503', '大祥区', '430500');
INSERT INTO `t_def_address` VALUES ('03', '430511', '北塔区', '430500');
INSERT INTO `t_def_address` VALUES ('03', '430521', '邵东县', '430500');
INSERT INTO `t_def_address` VALUES ('03', '430522', '新邵县', '430500');
INSERT INTO `t_def_address` VALUES ('03', '430523', '邵阳县县', '430500');
INSERT INTO `t_def_address` VALUES ('03', '430524', '隆回县', '430500');
INSERT INTO `t_def_address` VALUES ('03', '430525', '洞口县', '430500');
INSERT INTO `t_def_address` VALUES ('03', '430527', '绥宁县', '430500');
INSERT INTO `t_def_address` VALUES ('03', '430528', '新宁县', '430500');
INSERT INTO `t_def_address` VALUES ('03', '430529', '城步苗族自治县', '430500');
INSERT INTO `t_def_address` VALUES ('03', '430581', '武冈市', '430500');
INSERT INTO `t_def_address` VALUES ('03', '430601', '市辖区', '430600');
INSERT INTO `t_def_address` VALUES ('03', '430602', '楼区', '430600');
INSERT INTO `t_def_address` VALUES ('03', '430603', '云溪区', '430600');
INSERT INTO `t_def_address` VALUES ('03', '430611', '君山区', '430600');
INSERT INTO `t_def_address` VALUES ('03', '430621', '岳阳县', '430600');
INSERT INTO `t_def_address` VALUES ('03', '430623', '华容县', '430600');
INSERT INTO `t_def_address` VALUES ('03', '430624', '湘阴县', '430600');
INSERT INTO `t_def_address` VALUES ('03', '430626', '平江县', '430600');
INSERT INTO `t_def_address` VALUES ('03', '430681', '汨罗市', '430600');
INSERT INTO `t_def_address` VALUES ('03', '430682', '临湘市', '430600');
INSERT INTO `t_def_address` VALUES ('03', '430701', '市辖区', '430700');
INSERT INTO `t_def_address` VALUES ('03', '430702', '武陵区', '430700');
INSERT INTO `t_def_address` VALUES ('03', '430703', '鼎城区', '430700');
INSERT INTO `t_def_address` VALUES ('03', '430721', '安乡县', '430700');
INSERT INTO `t_def_address` VALUES ('03', '430722', '汉寿县', '430700');
INSERT INTO `t_def_address` VALUES ('03', '430723', '澧县', '430700');
INSERT INTO `t_def_address` VALUES ('03', '430724', '临澧县', '430700');
INSERT INTO `t_def_address` VALUES ('03', '430725', '桃源县', '430700');
INSERT INTO `t_def_address` VALUES ('03', '430726', '石门县', '430700');
INSERT INTO `t_def_address` VALUES ('03', '430781', '津市市', '430700');
INSERT INTO `t_def_address` VALUES ('03', '430801', '市辖区', '430800');
INSERT INTO `t_def_address` VALUES ('03', '430802', '永定区', '430800');
INSERT INTO `t_def_address` VALUES ('03', '430811', '武陵源区', '430800');
INSERT INTO `t_def_address` VALUES ('03', '430821', '慈利县', '430800');
INSERT INTO `t_def_address` VALUES ('03', '430822', '桑植县', '430800');
INSERT INTO `t_def_address` VALUES ('03', '430901', '市辖区', '430900');
INSERT INTO `t_def_address` VALUES ('03', '430902', '资阳区', '430900');
INSERT INTO `t_def_address` VALUES ('03', '430903', '赫山区', '430900');
INSERT INTO `t_def_address` VALUES ('03', '430921', '南县', '430900');
INSERT INTO `t_def_address` VALUES ('03', '430922', '桃江县', '430900');
INSERT INTO `t_def_address` VALUES ('03', '430923', '安化县', '430900');
INSERT INTO `t_def_address` VALUES ('03', '430981', '沅江市', '430900');
INSERT INTO `t_def_address` VALUES ('03', '431001', '市辖区', '431000');
INSERT INTO `t_def_address` VALUES ('03', '431002', '北湖区', '431000');
INSERT INTO `t_def_address` VALUES ('03', '431003', '苏仙区', '431000');
INSERT INTO `t_def_address` VALUES ('03', '431021', '桂阳县', '431000');
INSERT INTO `t_def_address` VALUES ('03', '431022', '宜章县', '431000');
INSERT INTO `t_def_address` VALUES ('03', '431023', '永兴县', '431000');
INSERT INTO `t_def_address` VALUES ('03', '431024', '嘉禾县', '431000');
INSERT INTO `t_def_address` VALUES ('03', '431025', '临武县', '431000');
INSERT INTO `t_def_address` VALUES ('03', '431026', '汝城县', '431000');
INSERT INTO `t_def_address` VALUES ('03', '431027', '桂东县', '431000');
INSERT INTO `t_def_address` VALUES ('03', '431028', '安仁县', '431000');
INSERT INTO `t_def_address` VALUES ('03', '431081', '资兴市', '431000');
INSERT INTO `t_def_address` VALUES ('03', '431101', '市辖区', '431100');
INSERT INTO `t_def_address` VALUES ('03', '431102', '零陵区', '431100');
INSERT INTO `t_def_address` VALUES ('03', '431103', '冷水滩区', '431100');
INSERT INTO `t_def_address` VALUES ('03', '431121', '祁阳县', '431100');
INSERT INTO `t_def_address` VALUES ('03', '431122', '东安县', '431100');
INSERT INTO `t_def_address` VALUES ('03', '431123', '双牌县', '431100');
INSERT INTO `t_def_address` VALUES ('03', '431124', '道县', '431100');
INSERT INTO `t_def_address` VALUES ('03', '431125', '江永县', '431100');
INSERT INTO `t_def_address` VALUES ('03', '431126', '宁远县', '431100');
INSERT INTO `t_def_address` VALUES ('03', '431127', '蓝山县', '431100');
INSERT INTO `t_def_address` VALUES ('03', '431128', '新田县', '431100');
INSERT INTO `t_def_address` VALUES ('03', '431129', '江华瑶族自治县', '431100');
INSERT INTO `t_def_address` VALUES ('03', '431201', '市辖区', '431200');
INSERT INTO `t_def_address` VALUES ('03', '431202', '鹤城区', '431200');
INSERT INTO `t_def_address` VALUES ('03', '431221', '中方县', '431200');
INSERT INTO `t_def_address` VALUES ('03', '431222', '沅陵县', '431200');
INSERT INTO `t_def_address` VALUES ('03', '431223', '辰溪县', '431200');
INSERT INTO `t_def_address` VALUES ('03', '431224', '溆浦县', '431200');
INSERT INTO `t_def_address` VALUES ('03', '431225', '会同县', '431200');
INSERT INTO `t_def_address` VALUES ('03', '431226', '麻阳苗族自治县', '431200');
INSERT INTO `t_def_address` VALUES ('03', '431227', '新晃侗族自治县', '431200');
INSERT INTO `t_def_address` VALUES ('03', '431228', '芷江侗族自治县', '431200');
INSERT INTO `t_def_address` VALUES ('03', '431229', '靖州苗族侗族自治县', '431200');
INSERT INTO `t_def_address` VALUES ('03', '431230', '通道侗族自治县', '431200');
INSERT INTO `t_def_address` VALUES ('03', '431281', '湖南省洪江市', '431200');
INSERT INTO `t_def_address` VALUES ('03', '431301', '市辖区', '431300');
INSERT INTO `t_def_address` VALUES ('03', '431302', '娄星区', '431300');
INSERT INTO `t_def_address` VALUES ('03', '431321', '双峰县', '431300');
INSERT INTO `t_def_address` VALUES ('03', '431322', '新化县', '431300');
INSERT INTO `t_def_address` VALUES ('03', '431381', '冷水江市', '431300');
INSERT INTO `t_def_address` VALUES ('03', '431382', '涟源市', '431300');
INSERT INTO `t_def_address` VALUES ('03', '433101', '吉首市', '433100');
INSERT INTO `t_def_address` VALUES ('03', '433122', '泸溪县', '433100');
INSERT INTO `t_def_address` VALUES ('03', '433123', '凤凰县', '433100');
INSERT INTO `t_def_address` VALUES ('03', '433124', '花垣县', '433100');
INSERT INTO `t_def_address` VALUES ('03', '433125', '保靖县', '433100');
INSERT INTO `t_def_address` VALUES ('03', '433126', '古丈县', '433100');
INSERT INTO `t_def_address` VALUES ('03', '433127', '永顺县', '433100');
INSERT INTO `t_def_address` VALUES ('03', '433130', '龙山县', '433100');
INSERT INTO `t_def_address` VALUES ('03', '440101', '市辖区', '440100');
INSERT INTO `t_def_address` VALUES ('03', '440103', '荔湾区', '440100');
INSERT INTO `t_def_address` VALUES ('03', '440104', '越秀区', '440100');
INSERT INTO `t_def_address` VALUES ('03', '440105', '海珠区', '440100');
INSERT INTO `t_def_address` VALUES ('03', '440106', '天河区', '440100');
INSERT INTO `t_def_address` VALUES ('03', '440111', '白云区', '440100');
INSERT INTO `t_def_address` VALUES ('03', '440112', '黄埔区', '440100');
INSERT INTO `t_def_address` VALUES ('03', '440113', '番禺区', '440100');
INSERT INTO `t_def_address` VALUES ('03', '440114', '花都区', '440100');
INSERT INTO `t_def_address` VALUES ('03', '440115', '南沙区', '440100');
INSERT INTO `t_def_address` VALUES ('03', '440116', '萝岗区', '440100');
INSERT INTO `t_def_address` VALUES ('03', '440183', '增城市', '440100');
INSERT INTO `t_def_address` VALUES ('03', '440184', '从化市', '440100');
INSERT INTO `t_def_address` VALUES ('03', '440201', '市辖区', '440200');
INSERT INTO `t_def_address` VALUES ('03', '440203', '武江区', '440200');
INSERT INTO `t_def_address` VALUES ('03', '440204', '浈江区', '440200');
INSERT INTO `t_def_address` VALUES ('03', '440205', '曲江区', '440200');
INSERT INTO `t_def_address` VALUES ('03', '440222', '始兴县', '440200');
INSERT INTO `t_def_address` VALUES ('03', '440224', '仁化县', '440200');
INSERT INTO `t_def_address` VALUES ('03', '440229', '翁源县', '440200');
INSERT INTO `t_def_address` VALUES ('03', '440232', '乳源瑶族自治县', '440200');
INSERT INTO `t_def_address` VALUES ('03', '440233', '新丰县', '440200');
INSERT INTO `t_def_address` VALUES ('03', '440281', '乐昌市', '440200');
INSERT INTO `t_def_address` VALUES ('03', '440282', '南雄市', '440200');
INSERT INTO `t_def_address` VALUES ('03', '440301', '市辖区', '440300');
INSERT INTO `t_def_address` VALUES ('03', '440303', '罗湖区', '440300');
INSERT INTO `t_def_address` VALUES ('03', '440304', '福田区', '440300');
INSERT INTO `t_def_address` VALUES ('03', '440305', '南山区', '440300');
INSERT INTO `t_def_address` VALUES ('03', '440306', '宝安区', '440300');
INSERT INTO `t_def_address` VALUES ('03', '440307', '龙岗区', '440300');
INSERT INTO `t_def_address` VALUES ('03', '440308', '盐田区', '440300');
INSERT INTO `t_def_address` VALUES ('03', '440401', '市辖区', '440400');
INSERT INTO `t_def_address` VALUES ('03', '440402', '香洲区', '440400');
INSERT INTO `t_def_address` VALUES ('03', '440403', '斗门区', '440400');
INSERT INTO `t_def_address` VALUES ('03', '440404', '金湾区', '440400');
INSERT INTO `t_def_address` VALUES ('03', '440501', '市辖区', '440500');
INSERT INTO `t_def_address` VALUES ('03', '440507', '龙湖区', '440500');
INSERT INTO `t_def_address` VALUES ('03', '440511', '金平区', '440500');
INSERT INTO `t_def_address` VALUES ('03', '440512', '濠江区', '440500');
INSERT INTO `t_def_address` VALUES ('03', '440513', '潮阳区', '440500');
INSERT INTO `t_def_address` VALUES ('03', '440514', '潮南区', '440500');
INSERT INTO `t_def_address` VALUES ('03', '440515', '澄海区', '440500');
INSERT INTO `t_def_address` VALUES ('03', '440523', '南澳县', '440500');
INSERT INTO `t_def_address` VALUES ('03', '440601', '市辖区', '440600');
INSERT INTO `t_def_address` VALUES ('03', '440604', '禅城区', '440600');
INSERT INTO `t_def_address` VALUES ('03', '440605', '南海区', '440600');
INSERT INTO `t_def_address` VALUES ('03', '440606', '顺德区', '440600');
INSERT INTO `t_def_address` VALUES ('03', '440607', '三水区', '440600');
INSERT INTO `t_def_address` VALUES ('03', '440608', '高明区', '440600');
INSERT INTO `t_def_address` VALUES ('03', '440701', '市辖区', '440700');
INSERT INTO `t_def_address` VALUES ('03', '440703', '蓬江区', '440700');
INSERT INTO `t_def_address` VALUES ('03', '440704', '江海区', '440700');
INSERT INTO `t_def_address` VALUES ('03', '440705', '新会区', '440700');
INSERT INTO `t_def_address` VALUES ('03', '440781', '台山市', '440700');
INSERT INTO `t_def_address` VALUES ('03', '440783', '开平市', '440700');
INSERT INTO `t_def_address` VALUES ('03', '440784', '鹤山市', '440700');
INSERT INTO `t_def_address` VALUES ('03', '440785', '恩平市', '440700');
INSERT INTO `t_def_address` VALUES ('03', '440801', '市辖区', '440800');
INSERT INTO `t_def_address` VALUES ('03', '440802', '赤坎区', '440800');
INSERT INTO `t_def_address` VALUES ('03', '440803', '霞山区', '440800');
INSERT INTO `t_def_address` VALUES ('03', '440804', '坡头区', '440800');
INSERT INTO `t_def_address` VALUES ('03', '440811', '麻章区', '440800');
INSERT INTO `t_def_address` VALUES ('03', '440823', '遂溪县', '440800');
INSERT INTO `t_def_address` VALUES ('03', '440825', '徐闻县', '440800');
INSERT INTO `t_def_address` VALUES ('03', '440881', '廉江市', '440800');
INSERT INTO `t_def_address` VALUES ('03', '440882', '雷州市', '440800');
INSERT INTO `t_def_address` VALUES ('03', '440883', '吴川市', '440800');
INSERT INTO `t_def_address` VALUES ('03', '440901', '市辖区', '440900');
INSERT INTO `t_def_address` VALUES ('03', '440902', '茂南区', '440900');
INSERT INTO `t_def_address` VALUES ('03', '440903', '茂港区', '440900');
INSERT INTO `t_def_address` VALUES ('03', '440923', '电白县', '440900');
INSERT INTO `t_def_address` VALUES ('03', '440981', '高州市', '440900');
INSERT INTO `t_def_address` VALUES ('03', '440982', '化州市', '440900');
INSERT INTO `t_def_address` VALUES ('03', '440983', '信宜市', '440900');
INSERT INTO `t_def_address` VALUES ('03', '441201', '市辖区', '441200');
INSERT INTO `t_def_address` VALUES ('03', '441202', '端州区', '441200');
INSERT INTO `t_def_address` VALUES ('03', '441203', '鼎湖区', '441200');
INSERT INTO `t_def_address` VALUES ('03', '441223', '广宁县', '441200');
INSERT INTO `t_def_address` VALUES ('03', '441224', '怀集县', '441200');
INSERT INTO `t_def_address` VALUES ('03', '441225', '封开县', '441200');
INSERT INTO `t_def_address` VALUES ('03', '441226', '德庆县', '441200');
INSERT INTO `t_def_address` VALUES ('03', '441283', '高要市', '441200');
INSERT INTO `t_def_address` VALUES ('03', '441284', '四会市', '441200');
INSERT INTO `t_def_address` VALUES ('03', '441301', '市辖区', '441300');
INSERT INTO `t_def_address` VALUES ('03', '441302', '惠城区', '441300');
INSERT INTO `t_def_address` VALUES ('03', '441303', '惠阳区', '441300');
INSERT INTO `t_def_address` VALUES ('03', '441322', '博罗县', '441300');
INSERT INTO `t_def_address` VALUES ('03', '441323', '惠东县', '441300');
INSERT INTO `t_def_address` VALUES ('03', '441324', '龙门县', '441300');
INSERT INTO `t_def_address` VALUES ('03', '441401', '市辖区', '441400');
INSERT INTO `t_def_address` VALUES ('03', '441402', '梅江区', '441400');
INSERT INTO `t_def_address` VALUES ('03', '441421', '梅县', '441400');
INSERT INTO `t_def_address` VALUES ('03', '441422', '大埔县', '441400');
INSERT INTO `t_def_address` VALUES ('03', '441423', '丰顺县', '441400');
INSERT INTO `t_def_address` VALUES ('03', '441424', '五华县', '441400');
INSERT INTO `t_def_address` VALUES ('03', '441426', '平远县', '441400');
INSERT INTO `t_def_address` VALUES ('03', '441427', '蕉岭县', '441400');
INSERT INTO `t_def_address` VALUES ('03', '441481', '兴宁市', '441400');
INSERT INTO `t_def_address` VALUES ('03', '441501', '市辖区', '441500');
INSERT INTO `t_def_address` VALUES ('03', '441502', '汕尾城区', '441500');
INSERT INTO `t_def_address` VALUES ('03', '441521', '海丰县', '441500');
INSERT INTO `t_def_address` VALUES ('03', '441523', '陆河县', '441500');
INSERT INTO `t_def_address` VALUES ('03', '441581', '陆丰市', '441500');
INSERT INTO `t_def_address` VALUES ('03', '441601', '市辖区', '441600');
INSERT INTO `t_def_address` VALUES ('03', '441602', '源城区', '441600');
INSERT INTO `t_def_address` VALUES ('03', '441621', '紫金县', '441600');
INSERT INTO `t_def_address` VALUES ('03', '441622', '龙川县', '441600');
INSERT INTO `t_def_address` VALUES ('03', '441623', '连平县', '441600');
INSERT INTO `t_def_address` VALUES ('03', '441624', '和平县', '441600');
INSERT INTO `t_def_address` VALUES ('03', '441625', '东源县', '441600');
INSERT INTO `t_def_address` VALUES ('03', '441701', '市辖区', '441700');
INSERT INTO `t_def_address` VALUES ('03', '441702', '江城区', '441700');
INSERT INTO `t_def_address` VALUES ('03', '441721', '阳西县', '441700');
INSERT INTO `t_def_address` VALUES ('03', '441723', '阳东县', '441700');
INSERT INTO `t_def_address` VALUES ('03', '441781', '阳春市', '441700');
INSERT INTO `t_def_address` VALUES ('03', '441801', '市辖区', '441800');
INSERT INTO `t_def_address` VALUES ('03', '441802', '清城区', '441800');
INSERT INTO `t_def_address` VALUES ('03', '441821', '佛冈县', '441800');
INSERT INTO `t_def_address` VALUES ('03', '441823', '阳山县', '441800');
INSERT INTO `t_def_address` VALUES ('03', '441825', '连山壮族瑶族自治县', '441800');
INSERT INTO `t_def_address` VALUES ('03', '441826', '连南瑶族自治县', '441800');
INSERT INTO `t_def_address` VALUES ('03', '441827', '清新县', '441800');
INSERT INTO `t_def_address` VALUES ('03', '441881', '英德市', '441800');
INSERT INTO `t_def_address` VALUES ('03', '441882', '连州市', '441800');
INSERT INTO `t_def_address` VALUES ('03', '441910', '东莞市', '441900');
INSERT INTO `t_def_address` VALUES ('03', '441911', '横沥镇', '441900');
INSERT INTO `t_def_address` VALUES ('03', '442010', '中山市', '442000');
INSERT INTO `t_def_address` VALUES ('03', '445101', '市辖区', '445100');
INSERT INTO `t_def_address` VALUES ('03', '445102', '湘桥区', '445100');
INSERT INTO `t_def_address` VALUES ('03', '445121', '潮安县', '445100');
INSERT INTO `t_def_address` VALUES ('03', '445122', '饶平县', '445100');
INSERT INTO `t_def_address` VALUES ('03', '445201', '市辖区', '445200');
INSERT INTO `t_def_address` VALUES ('03', '445202', '榕城区', '445200');
INSERT INTO `t_def_address` VALUES ('03', '445221', '揭东县', '445200');
INSERT INTO `t_def_address` VALUES ('03', '445222', '揭西县', '445200');
INSERT INTO `t_def_address` VALUES ('03', '445224', '惠来县', '445200');
INSERT INTO `t_def_address` VALUES ('03', '445281', '普宁市', '445200');
INSERT INTO `t_def_address` VALUES ('03', '445301', '市辖区', '445300');
INSERT INTO `t_def_address` VALUES ('03', '445302', '云城区', '445300');
INSERT INTO `t_def_address` VALUES ('03', '445321', '新兴县', '445300');
INSERT INTO `t_def_address` VALUES ('03', '445322', '郁南县', '445300');
INSERT INTO `t_def_address` VALUES ('03', '445323', '云安县', '445300');
INSERT INTO `t_def_address` VALUES ('03', '445381', '罗定市', '445300');
INSERT INTO `t_def_address` VALUES ('03', '450101', '市辖区', '450100');
INSERT INTO `t_def_address` VALUES ('03', '450102', '兴宁区', '450100');
INSERT INTO `t_def_address` VALUES ('03', '450103', '青秀区', '450100');
INSERT INTO `t_def_address` VALUES ('03', '450105', '江南区', '450100');
INSERT INTO `t_def_address` VALUES ('03', '450107', '西乡塘区', '450100');
INSERT INTO `t_def_address` VALUES ('03', '450108', '良庆区', '450100');
INSERT INTO `t_def_address` VALUES ('03', '450109', '邕宁区', '450100');
INSERT INTO `t_def_address` VALUES ('03', '450122', '武鸣县', '450100');
INSERT INTO `t_def_address` VALUES ('03', '450123', '隆安县', '450100');
INSERT INTO `t_def_address` VALUES ('03', '450124', '马山县', '450100');
INSERT INTO `t_def_address` VALUES ('03', '450125', '上林县', '450100');
INSERT INTO `t_def_address` VALUES ('03', '450126', '宾阳县', '450100');
INSERT INTO `t_def_address` VALUES ('03', '450127', '横县', '450100');
INSERT INTO `t_def_address` VALUES ('03', '450201', '市辖区', '450200');
INSERT INTO `t_def_address` VALUES ('03', '450202', '城中区', '450200');
INSERT INTO `t_def_address` VALUES ('03', '450203', '鱼峰区', '450200');
INSERT INTO `t_def_address` VALUES ('03', '450204', '柳南区', '450200');
INSERT INTO `t_def_address` VALUES ('03', '450205', '柳北区', '450200');
INSERT INTO `t_def_address` VALUES ('03', '450221', '柳江县', '450200');
INSERT INTO `t_def_address` VALUES ('03', '450222', '柳城县', '450200');
INSERT INTO `t_def_address` VALUES ('03', '450223', '鹿寨县', '450200');
INSERT INTO `t_def_address` VALUES ('03', '450224', '融安县', '450200');
INSERT INTO `t_def_address` VALUES ('03', '450225', '融水苗族自治县', '450200');
INSERT INTO `t_def_address` VALUES ('03', '450226', '三江侗族自治县', '450200');
INSERT INTO `t_def_address` VALUES ('03', '450301', '市辖区', '450300');
INSERT INTO `t_def_address` VALUES ('03', '450302', '秀峰区', '450300');
INSERT INTO `t_def_address` VALUES ('03', '450303', '叠彩区', '450300');
INSERT INTO `t_def_address` VALUES ('03', '450304', '象山区', '450300');
INSERT INTO `t_def_address` VALUES ('03', '450305', '七星区', '450300');
INSERT INTO `t_def_address` VALUES ('03', '450311', '雁山区', '450300');
INSERT INTO `t_def_address` VALUES ('03', '450321', '阳朔县', '450300');
INSERT INTO `t_def_address` VALUES ('03', '450322', '临桂县', '450300');
INSERT INTO `t_def_address` VALUES ('03', '450323', '灵川县', '450300');
INSERT INTO `t_def_address` VALUES ('03', '450324', '全州县', '450300');
INSERT INTO `t_def_address` VALUES ('03', '450325', '兴安县', '450300');
INSERT INTO `t_def_address` VALUES ('03', '450326', '永福县', '450300');
INSERT INTO `t_def_address` VALUES ('03', '450327', '灌阳县', '450300');
INSERT INTO `t_def_address` VALUES ('03', '450328', '龙胜各族自治县', '450300');
INSERT INTO `t_def_address` VALUES ('03', '450329', '资源县', '450300');
INSERT INTO `t_def_address` VALUES ('03', '450330', '平乐县', '450300');
INSERT INTO `t_def_address` VALUES ('03', '450331', '荔蒲县', '450300');
INSERT INTO `t_def_address` VALUES ('03', '450332', '恭城瑶族自治县', '450300');
INSERT INTO `t_def_address` VALUES ('03', '450401', '市辖区', '450400');
INSERT INTO `t_def_address` VALUES ('03', '450403', '万秀区', '450400');
INSERT INTO `t_def_address` VALUES ('03', '450404', '蝶山区', '450400');
INSERT INTO `t_def_address` VALUES ('03', '450405', '长洲区', '450400');
INSERT INTO `t_def_address` VALUES ('03', '450421', '苍梧县', '450400');
INSERT INTO `t_def_address` VALUES ('03', '450422', '藤县', '450400');
INSERT INTO `t_def_address` VALUES ('03', '450423', '蒙山县', '450400');
INSERT INTO `t_def_address` VALUES ('03', '450481', '岑溪市', '450400');
INSERT INTO `t_def_address` VALUES ('03', '450501', '市辖区', '450500');
INSERT INTO `t_def_address` VALUES ('03', '450502', '海城区', '450500');
INSERT INTO `t_def_address` VALUES ('03', '450503', '银海区', '450500');
INSERT INTO `t_def_address` VALUES ('03', '450512', '铁山港区', '450500');
INSERT INTO `t_def_address` VALUES ('03', '450521', '合浦县', '450500');
INSERT INTO `t_def_address` VALUES ('03', '450601', '市辖区', '450600');
INSERT INTO `t_def_address` VALUES ('03', '450602', '港口区', '450600');
INSERT INTO `t_def_address` VALUES ('03', '450603', '防城区', '450600');
INSERT INTO `t_def_address` VALUES ('03', '450621', '上思县', '450600');
INSERT INTO `t_def_address` VALUES ('03', '450681', '东兴市', '450600');
INSERT INTO `t_def_address` VALUES ('03', '450701', '市辖区', '450700');
INSERT INTO `t_def_address` VALUES ('03', '450702', '钦南区', '450700');
INSERT INTO `t_def_address` VALUES ('03', '450703', '钦北区', '450700');
INSERT INTO `t_def_address` VALUES ('03', '450721', '灵山县', '450700');
INSERT INTO `t_def_address` VALUES ('03', '450722', '浦北县', '450700');
INSERT INTO `t_def_address` VALUES ('03', '450801', '市辖区', '450800');
INSERT INTO `t_def_address` VALUES ('03', '450802', '港北区', '450800');
INSERT INTO `t_def_address` VALUES ('03', '450803', '港南区', '450800');
INSERT INTO `t_def_address` VALUES ('03', '450804', '覃塘区', '450800');
INSERT INTO `t_def_address` VALUES ('03', '450821', '平南县', '450800');
INSERT INTO `t_def_address` VALUES ('03', '450881', '桂平市', '450800');
INSERT INTO `t_def_address` VALUES ('03', '450901', '市辖区', '450900');
INSERT INTO `t_def_address` VALUES ('03', '450902', '玉州区', '450900');
INSERT INTO `t_def_address` VALUES ('03', '450921', '容县', '450900');
INSERT INTO `t_def_address` VALUES ('03', '450922', '陆川县', '450900');
INSERT INTO `t_def_address` VALUES ('03', '450923', '博白县', '450900');
INSERT INTO `t_def_address` VALUES ('03', '450924', '兴业县', '450900');
INSERT INTO `t_def_address` VALUES ('03', '450981', '北流市', '450900');
INSERT INTO `t_def_address` VALUES ('03', '451001', '市辖区', '451000');
INSERT INTO `t_def_address` VALUES ('03', '451002', '右江区', '451000');
INSERT INTO `t_def_address` VALUES ('03', '451021', '田阳县', '451000');
INSERT INTO `t_def_address` VALUES ('03', '451022', '田东县', '451000');
INSERT INTO `t_def_address` VALUES ('03', '451023', '平果县', '451000');
INSERT INTO `t_def_address` VALUES ('03', '451024', '德保县', '451000');
INSERT INTO `t_def_address` VALUES ('03', '451025', '靖西县', '451000');
INSERT INTO `t_def_address` VALUES ('03', '451026', '那坡县', '451000');
INSERT INTO `t_def_address` VALUES ('03', '451027', '凌云县', '451000');
INSERT INTO `t_def_address` VALUES ('03', '451028', '乐业县', '451000');
INSERT INTO `t_def_address` VALUES ('03', '451029', '田林县', '451000');
INSERT INTO `t_def_address` VALUES ('03', '451030', '西林县', '451000');
INSERT INTO `t_def_address` VALUES ('03', '451031', '隆林各族自治县', '451000');
INSERT INTO `t_def_address` VALUES ('03', '451101', '市辖区', '451100');
INSERT INTO `t_def_address` VALUES ('03', '451102', '八步区', '451100');
INSERT INTO `t_def_address` VALUES ('03', '451121', '昭平县', '451100');
INSERT INTO `t_def_address` VALUES ('03', '451122', '钟山县', '451100');
INSERT INTO `t_def_address` VALUES ('03', '451123', '富川瑶族自治县', '451100');
INSERT INTO `t_def_address` VALUES ('03', '451201', '市辖区', '451200');
INSERT INTO `t_def_address` VALUES ('03', '451202', '金城江区', '451200');
INSERT INTO `t_def_address` VALUES ('03', '451221', '南丹县', '451200');
INSERT INTO `t_def_address` VALUES ('03', '451222', '天峨县', '451200');
INSERT INTO `t_def_address` VALUES ('03', '451223', '凤山县', '451200');
INSERT INTO `t_def_address` VALUES ('03', '451224', '东兰县', '451200');
INSERT INTO `t_def_address` VALUES ('03', '451225', '罗城仫佬族自治县', '451200');
INSERT INTO `t_def_address` VALUES ('03', '451226', '环江毛南族自治县', '451200');
INSERT INTO `t_def_address` VALUES ('03', '451227', '巴马瑶族自治县', '451200');
INSERT INTO `t_def_address` VALUES ('03', '451228', '都安瑶族自治县', '451200');
INSERT INTO `t_def_address` VALUES ('03', '451229', '大化瑶族自治县', '451200');
INSERT INTO `t_def_address` VALUES ('03', '451281', '宜州市', '451200');
INSERT INTO `t_def_address` VALUES ('03', '451301', '市辖区', '451300');
INSERT INTO `t_def_address` VALUES ('03', '451302', '兴宾区', '451300');
INSERT INTO `t_def_address` VALUES ('03', '451321', '忻城县', '451300');
INSERT INTO `t_def_address` VALUES ('03', '451322', '象州县', '451300');
INSERT INTO `t_def_address` VALUES ('03', '451323', '武宣县', '451300');
INSERT INTO `t_def_address` VALUES ('03', '451324', '金秀瑶族自治县', '451300');
INSERT INTO `t_def_address` VALUES ('03', '451381', '合山市', '451300');
INSERT INTO `t_def_address` VALUES ('03', '451401', '市辖区', '451400');
INSERT INTO `t_def_address` VALUES ('03', '451402', '江洲区', '451400');
INSERT INTO `t_def_address` VALUES ('03', '451421', '扶绥县', '451400');
INSERT INTO `t_def_address` VALUES ('03', '451422', '宁明县', '451400');
INSERT INTO `t_def_address` VALUES ('03', '451423', '龙州县', '451400');
INSERT INTO `t_def_address` VALUES ('03', '451424', '大新县', '451400');
INSERT INTO `t_def_address` VALUES ('03', '451425', '天等县', '451400');
INSERT INTO `t_def_address` VALUES ('03', '451481', '凭祥市', '451400');
INSERT INTO `t_def_address` VALUES ('03', '460101', '市辖区', '460100');
INSERT INTO `t_def_address` VALUES ('03', '460105', '秀英区', '460100');
INSERT INTO `t_def_address` VALUES ('03', '460106', '龙华区', '460100');
INSERT INTO `t_def_address` VALUES ('03', '460107', '琼山区', '460100');
INSERT INTO `t_def_address` VALUES ('03', '460108', '美兰区', '460100');
INSERT INTO `t_def_address` VALUES ('03', '460201', '市辖区', '460200');
INSERT INTO `t_def_address` VALUES ('03', '469001', '五指山市', '469000');
INSERT INTO `t_def_address` VALUES ('03', '469002', '琼海市', '469000');
INSERT INTO `t_def_address` VALUES ('03', '469003', '儋州市', '469000');
INSERT INTO `t_def_address` VALUES ('03', '469005', '文昌市', '469000');
INSERT INTO `t_def_address` VALUES ('03', '469006', '万宁市', '469000');
INSERT INTO `t_def_address` VALUES ('03', '469007', '东方市', '469000');
INSERT INTO `t_def_address` VALUES ('03', '469025', '定安县', '469000');
INSERT INTO `t_def_address` VALUES ('03', '469026', '屯昌县', '469000');
INSERT INTO `t_def_address` VALUES ('03', '469027', '澄迈县', '469000');
INSERT INTO `t_def_address` VALUES ('03', '469028', '临高县', '469000');
INSERT INTO `t_def_address` VALUES ('03', '469030', '白沙黎族自治县', '469000');
INSERT INTO `t_def_address` VALUES ('03', '469031', '昌江黎族自治县', '469000');
INSERT INTO `t_def_address` VALUES ('03', '469033', '乐东黎族自治县', '469000');
INSERT INTO `t_def_address` VALUES ('03', '469034', '陵水黎族自治县', '469000');
INSERT INTO `t_def_address` VALUES ('03', '469035', '保亭黎族苗族自治县', '469000');
INSERT INTO `t_def_address` VALUES ('03', '469036', '琼中黎族苗族自治县', '469000');
INSERT INTO `t_def_address` VALUES ('03', '469037', '西沙群岛', '469000');
INSERT INTO `t_def_address` VALUES ('03', '469038', '南沙群岛', '469000');
INSERT INTO `t_def_address` VALUES ('03', '469039', '中沙群岛的岛礁及其海域', '469000');
INSERT INTO `t_def_address` VALUES ('03', '500101', '万州区', '500100');
INSERT INTO `t_def_address` VALUES ('03', '500102', '涪陵区', '500100');
INSERT INTO `t_def_address` VALUES ('03', '500103', '渝中区', '500100');
INSERT INTO `t_def_address` VALUES ('03', '500104', '大渡口区', '500100');
INSERT INTO `t_def_address` VALUES ('03', '500105', '江北区', '500100');
INSERT INTO `t_def_address` VALUES ('03', '500106', '沙坪坝区', '500100');
INSERT INTO `t_def_address` VALUES ('03', '500107', '九龙坡区', '500100');
INSERT INTO `t_def_address` VALUES ('03', '500108', '南岸区', '500100');
INSERT INTO `t_def_address` VALUES ('03', '500109', '北碚区', '500100');
INSERT INTO `t_def_address` VALUES ('03', '500110', '万盛区', '500100');
INSERT INTO `t_def_address` VALUES ('03', '500111', '双桥区', '500100');
INSERT INTO `t_def_address` VALUES ('03', '500112', '渝北区', '500100');
INSERT INTO `t_def_address` VALUES ('03', '500113', '巴南区', '500100');
INSERT INTO `t_def_address` VALUES ('03', '500114', '黔江区', '500100');
INSERT INTO `t_def_address` VALUES ('03', '500115', '长寿区', '500100');
INSERT INTO `t_def_address` VALUES ('03', '500222', '綦江县', '500200');
INSERT INTO `t_def_address` VALUES ('03', '500223', '潼南县', '500200');
INSERT INTO `t_def_address` VALUES ('03', '500224', '铜梁县', '500200');
INSERT INTO `t_def_address` VALUES ('03', '500225', '大足县', '500200');
INSERT INTO `t_def_address` VALUES ('03', '500226', '荣昌县', '500200');
INSERT INTO `t_def_address` VALUES ('03', '500227', '璧山县', '500200');
INSERT INTO `t_def_address` VALUES ('03', '500228', '梁平县', '500200');
INSERT INTO `t_def_address` VALUES ('03', '500229', '城口县', '500200');
INSERT INTO `t_def_address` VALUES ('03', '500230', '丰都县', '500200');
INSERT INTO `t_def_address` VALUES ('03', '500231', '垫江县', '500200');
INSERT INTO `t_def_address` VALUES ('03', '500232', '武隆县', '500200');
INSERT INTO `t_def_address` VALUES ('03', '500233', '忠县', '500200');
INSERT INTO `t_def_address` VALUES ('03', '500234', '开县', '500200');
INSERT INTO `t_def_address` VALUES ('03', '500235', '云阳县', '500200');
INSERT INTO `t_def_address` VALUES ('03', '500236', '奉节县', '500200');
INSERT INTO `t_def_address` VALUES ('03', '500237', '巫山县', '500200');
INSERT INTO `t_def_address` VALUES ('03', '500238', '巫溪县', '500200');
INSERT INTO `t_def_address` VALUES ('03', '500240', '石柱土家族自治县', '500200');
INSERT INTO `t_def_address` VALUES ('03', '500241', '秀山土家族苗族自治县', '500200');
INSERT INTO `t_def_address` VALUES ('03', '500242', '酉阳土家族苗族自治县', '500200');
INSERT INTO `t_def_address` VALUES ('03', '500243', '彭水苗族土家族自治县', '500200');
INSERT INTO `t_def_address` VALUES ('03', '500381', '江津市', '500300');
INSERT INTO `t_def_address` VALUES ('03', '500382', '合川市', '500300');
INSERT INTO `t_def_address` VALUES ('03', '500383', '永川市', '500300');
INSERT INTO `t_def_address` VALUES ('03', '500384', '南川市', '500300');
INSERT INTO `t_def_address` VALUES ('03', '510101', '市辖区', '510100');
INSERT INTO `t_def_address` VALUES ('03', '510104', '锦江区', '510100');
INSERT INTO `t_def_address` VALUES ('03', '510105', '青羊区', '510100');
INSERT INTO `t_def_address` VALUES ('03', '510106', '金牛区', '510100');
INSERT INTO `t_def_address` VALUES ('03', '510107', '武侯区', '510100');
INSERT INTO `t_def_address` VALUES ('03', '510108', '成华区', '510100');
INSERT INTO `t_def_address` VALUES ('03', '510112', '龙泉驿区', '510100');
INSERT INTO `t_def_address` VALUES ('03', '510113', '青白江区', '510100');
INSERT INTO `t_def_address` VALUES ('03', '510114', '新都区', '510100');
INSERT INTO `t_def_address` VALUES ('03', '510115', '温江区', '510100');
INSERT INTO `t_def_address` VALUES ('03', '510121', '金堂县', '510100');
INSERT INTO `t_def_address` VALUES ('03', '510122', '双流县', '510100');
INSERT INTO `t_def_address` VALUES ('03', '510124', '郫县', '510100');
INSERT INTO `t_def_address` VALUES ('03', '510129', '大邑县', '510100');
INSERT INTO `t_def_address` VALUES ('03', '510131', '浦江县', '510100');
INSERT INTO `t_def_address` VALUES ('03', '510132', '新津县', '510100');
INSERT INTO `t_def_address` VALUES ('03', '510181', '都江堰市', '510100');
INSERT INTO `t_def_address` VALUES ('03', '510182', '彭州市', '510100');
INSERT INTO `t_def_address` VALUES ('03', '510183', '邛崃市', '510100');
INSERT INTO `t_def_address` VALUES ('03', '510184', '崇州市', '510100');
INSERT INTO `t_def_address` VALUES ('03', '510301', '市辖区', '510300');
INSERT INTO `t_def_address` VALUES ('03', '510302', '自流井区', '510300');
INSERT INTO `t_def_address` VALUES ('03', '510303', '贡井区', '510300');
INSERT INTO `t_def_address` VALUES ('03', '510304', '大安区', '510300');
INSERT INTO `t_def_address` VALUES ('03', '510311', '沿滩区', '510300');
INSERT INTO `t_def_address` VALUES ('03', '510321', '荣县', '510300');
INSERT INTO `t_def_address` VALUES ('03', '510322', '富顺县', '510300');
INSERT INTO `t_def_address` VALUES ('03', '510401', '市辖区', '510400');
INSERT INTO `t_def_address` VALUES ('03', '510402', '东区', '510400');
INSERT INTO `t_def_address` VALUES ('03', '510403', '西区', '510400');
INSERT INTO `t_def_address` VALUES ('03', '510411', '仁和区', '510400');
INSERT INTO `t_def_address` VALUES ('03', '510421', '米易县', '510400');
INSERT INTO `t_def_address` VALUES ('03', '510422', '盐边县', '510400');
INSERT INTO `t_def_address` VALUES ('03', '510501', '辖区', '510500');
INSERT INTO `t_def_address` VALUES ('03', '510502', '江阳区', '510500');
INSERT INTO `t_def_address` VALUES ('03', '510503', '纳溪区', '510500');
INSERT INTO `t_def_address` VALUES ('03', '510504', '龙马潭区', '510500');
INSERT INTO `t_def_address` VALUES ('03', '510521', '泸县', '510500');
INSERT INTO `t_def_address` VALUES ('03', '510522', '合江县', '510500');
INSERT INTO `t_def_address` VALUES ('03', '510524', '叙永县', '510500');
INSERT INTO `t_def_address` VALUES ('03', '510525', '古蔺县', '510500');
INSERT INTO `t_def_address` VALUES ('03', '510601', '市辖区', '510600');
INSERT INTO `t_def_address` VALUES ('03', '510603', '旌阳区', '510600');
INSERT INTO `t_def_address` VALUES ('03', '510623', '中江县', '510600');
INSERT INTO `t_def_address` VALUES ('03', '510626', '罗江县', '510600');
INSERT INTO `t_def_address` VALUES ('03', '510681', '广汉市', '510600');
INSERT INTO `t_def_address` VALUES ('03', '510682', '什邡市', '510600');
INSERT INTO `t_def_address` VALUES ('03', '510683', '绵竹市', '510600');
INSERT INTO `t_def_address` VALUES ('03', '510701', '市辖区', '510700');
INSERT INTO `t_def_address` VALUES ('03', '510703', '涪城区', '510700');
INSERT INTO `t_def_address` VALUES ('03', '510704', '游仙区', '510700');
INSERT INTO `t_def_address` VALUES ('03', '510722', '三台县', '510700');
INSERT INTO `t_def_address` VALUES ('03', '510723', '盐亭县', '510700');
INSERT INTO `t_def_address` VALUES ('03', '510724', '安县', '510700');
INSERT INTO `t_def_address` VALUES ('03', '510725', '梓潼县', '510700');
INSERT INTO `t_def_address` VALUES ('03', '510726', '北川羌族自治县', '510700');
INSERT INTO `t_def_address` VALUES ('03', '510727', '平武县', '510700');
INSERT INTO `t_def_address` VALUES ('03', '510781', '江油市', '510700');
INSERT INTO `t_def_address` VALUES ('03', '510801', '市辖区', '510800');
INSERT INTO `t_def_address` VALUES ('03', '510802', '市中区', '510800');
INSERT INTO `t_def_address` VALUES ('03', '510811', '元坝区', '510800');
INSERT INTO `t_def_address` VALUES ('03', '510812', '朝天区', '510800');
INSERT INTO `t_def_address` VALUES ('03', '510821', '旺苍县', '510800');
INSERT INTO `t_def_address` VALUES ('03', '510822', '青川县', '510800');
INSERT INTO `t_def_address` VALUES ('03', '510823', '剑阁县', '510800');
INSERT INTO `t_def_address` VALUES ('03', '510824', '苍溪县', '510800');
INSERT INTO `t_def_address` VALUES ('03', '510901', '市辖区', '510900');
INSERT INTO `t_def_address` VALUES ('03', '510903', '船山区', '510900');
INSERT INTO `t_def_address` VALUES ('03', '510904', '安居区', '510900');
INSERT INTO `t_def_address` VALUES ('03', '510921', '蓬溪县', '510900');
INSERT INTO `t_def_address` VALUES ('03', '510922', '射洪县', '510900');
INSERT INTO `t_def_address` VALUES ('03', '510923', '大英县', '510900');
INSERT INTO `t_def_address` VALUES ('03', '511001', '市辖区', '511000');
INSERT INTO `t_def_address` VALUES ('03', '511002', '市中区', '511000');
INSERT INTO `t_def_address` VALUES ('03', '511011', '东兴区', '511000');
INSERT INTO `t_def_address` VALUES ('03', '511024', '威远县', '511000');
INSERT INTO `t_def_address` VALUES ('03', '511025', '资中县', '511000');
INSERT INTO `t_def_address` VALUES ('03', '511028', '隆昌县', '511000');
INSERT INTO `t_def_address` VALUES ('03', '511101', '市辖区', '511100');
INSERT INTO `t_def_address` VALUES ('03', '511102', '市中区', '511100');
INSERT INTO `t_def_address` VALUES ('03', '511111', '沙湾区', '511100');
INSERT INTO `t_def_address` VALUES ('03', '511112', '五通桥区', '511100');
INSERT INTO `t_def_address` VALUES ('03', '511113', '金口河区', '511100');
INSERT INTO `t_def_address` VALUES ('03', '511123', '犍为县', '511100');
INSERT INTO `t_def_address` VALUES ('03', '511124', '井研县', '511100');
INSERT INTO `t_def_address` VALUES ('03', '511126', '夹江县', '511100');
INSERT INTO `t_def_address` VALUES ('03', '511129', '沐川县', '511100');
INSERT INTO `t_def_address` VALUES ('03', '511132', '峨边彝族自治县', '511100');
INSERT INTO `t_def_address` VALUES ('03', '511133', '马边彝族自治县', '511100');
INSERT INTO `t_def_address` VALUES ('03', '511181', '峨', '511100');
INSERT INTO `t_def_address` VALUES ('03', '511301', '市辖区', '511300');
INSERT INTO `t_def_address` VALUES ('03', '511302', '顺庆区', '511300');
INSERT INTO `t_def_address` VALUES ('03', '511303', '高坪区', '511300');
INSERT INTO `t_def_address` VALUES ('03', '511304', '嘉陵区', '511300');
INSERT INTO `t_def_address` VALUES ('03', '511321', '南部县', '511300');
INSERT INTO `t_def_address` VALUES ('03', '511322', '营山县', '511300');
INSERT INTO `t_def_address` VALUES ('03', '511323', '蓬安县', '511300');
INSERT INTO `t_def_address` VALUES ('03', '511324', '仪陇县', '511300');
INSERT INTO `t_def_address` VALUES ('03', '511325', '西充县', '511300');
INSERT INTO `t_def_address` VALUES ('03', '511381', '阆中市', '511300');
INSERT INTO `t_def_address` VALUES ('03', '511401', '市辖区', '511400');
INSERT INTO `t_def_address` VALUES ('03', '511402', '东坡区', '511400');
INSERT INTO `t_def_address` VALUES ('03', '511421', '仁寿县', '511400');
INSERT INTO `t_def_address` VALUES ('03', '511422', '彭山县', '511400');
INSERT INTO `t_def_address` VALUES ('03', '511423', '洪雅县', '511400');
INSERT INTO `t_def_address` VALUES ('03', '511424', '丹棱县', '511400');
INSERT INTO `t_def_address` VALUES ('03', '511425', '青神县', '511400');
INSERT INTO `t_def_address` VALUES ('03', '511501', '市辖区', '511500');
INSERT INTO `t_def_address` VALUES ('03', '511502', '翠屏区', '511500');
INSERT INTO `t_def_address` VALUES ('03', '511521', '宜宾县', '511500');
INSERT INTO `t_def_address` VALUES ('03', '511522', '南溪县', '511500');
INSERT INTO `t_def_address` VALUES ('03', '511523', '江安县', '511500');
INSERT INTO `t_def_address` VALUES ('03', '511524', '长宁县', '511500');
INSERT INTO `t_def_address` VALUES ('03', '511525', '高县', '511500');
INSERT INTO `t_def_address` VALUES ('03', '511526', '珙县', '511500');
INSERT INTO `t_def_address` VALUES ('03', '511527', '筠连县', '511500');
INSERT INTO `t_def_address` VALUES ('03', '511528', '兴文县', '511500');
INSERT INTO `t_def_address` VALUES ('03', '511529', '屏山县', '511500');
INSERT INTO `t_def_address` VALUES ('03', '511601', '市辖区', '511600');
INSERT INTO `t_def_address` VALUES ('03', '511602', '广安区', '511600');
INSERT INTO `t_def_address` VALUES ('03', '511621', '岳池县', '511600');
INSERT INTO `t_def_address` VALUES ('03', '511622', '武胜县', '511600');
INSERT INTO `t_def_address` VALUES ('03', '511623', '邻水县', '511600');
INSERT INTO `t_def_address` VALUES ('03', '511681', '华蓥市', '511600');
INSERT INTO `t_def_address` VALUES ('03', '511701', '市辖区', '511700');
INSERT INTO `t_def_address` VALUES ('03', '511702', '通川区', '511700');
INSERT INTO `t_def_address` VALUES ('03', '511721', '达县', '511700');
INSERT INTO `t_def_address` VALUES ('03', '511722', '宣汉县', '511700');
INSERT INTO `t_def_address` VALUES ('03', '511723', '开江县', '511700');
INSERT INTO `t_def_address` VALUES ('03', '511724', '大竹县', '511700');
INSERT INTO `t_def_address` VALUES ('03', '511725', '渠县', '511700');
INSERT INTO `t_def_address` VALUES ('03', '511781', '万源市', '511700');
INSERT INTO `t_def_address` VALUES ('03', '511801', '市辖区', '511800');
INSERT INTO `t_def_address` VALUES ('03', '511802', '雨城区', '511800');
INSERT INTO `t_def_address` VALUES ('03', '511821', '名山县', '511800');
INSERT INTO `t_def_address` VALUES ('03', '511822', '荥经县', '511800');
INSERT INTO `t_def_address` VALUES ('03', '511823', '汉源县', '511800');
INSERT INTO `t_def_address` VALUES ('03', '511824', '石棉县', '511800');
INSERT INTO `t_def_address` VALUES ('03', '511825', '天全县', '511800');
INSERT INTO `t_def_address` VALUES ('03', '511826', '芦山县', '511800');
INSERT INTO `t_def_address` VALUES ('03', '511827', '宝兴县', '511800');
INSERT INTO `t_def_address` VALUES ('03', '511901', '市辖区', '511900');
INSERT INTO `t_def_address` VALUES ('03', '511902', '巴州区', '511900');
INSERT INTO `t_def_address` VALUES ('03', '511921', '通江县', '511900');
INSERT INTO `t_def_address` VALUES ('03', '511922', '南江县', '511900');
INSERT INTO `t_def_address` VALUES ('03', '511923', '平昌县', '511900');
INSERT INTO `t_def_address` VALUES ('03', '512001', '市辖区', '512000');
INSERT INTO `t_def_address` VALUES ('03', '512002', '雁江区', '512000');
INSERT INTO `t_def_address` VALUES ('03', '512021', '安岳县', '512000');
INSERT INTO `t_def_address` VALUES ('03', '512022', '乐至县', '512000');
INSERT INTO `t_def_address` VALUES ('03', '512081', '简阳市', '512000');
INSERT INTO `t_def_address` VALUES ('03', '513221', '汶川县', '513200');
INSERT INTO `t_def_address` VALUES ('03', '513222', '理县', '513200');
INSERT INTO `t_def_address` VALUES ('03', '513223', '茂县', '513200');
INSERT INTO `t_def_address` VALUES ('03', '513224', '松潘县', '513200');
INSERT INTO `t_def_address` VALUES ('03', '513225', '九寨沟县', '513200');
INSERT INTO `t_def_address` VALUES ('03', '513226', '金川县', '513200');
INSERT INTO `t_def_address` VALUES ('03', '513227', '小金县', '513200');
INSERT INTO `t_def_address` VALUES ('03', '513228', '黑水县', '513200');
INSERT INTO `t_def_address` VALUES ('03', '513229', '马尔康县', '513200');
INSERT INTO `t_def_address` VALUES ('03', '513230', '壤塘县', '513200');
INSERT INTO `t_def_address` VALUES ('03', '513231', '阿坝县', '513200');
INSERT INTO `t_def_address` VALUES ('03', '513232', '若尔盖县', '513200');
INSERT INTO `t_def_address` VALUES ('03', '513233', '红原县', '513200');
INSERT INTO `t_def_address` VALUES ('03', '513321', '康定县', '513300');
INSERT INTO `t_def_address` VALUES ('03', '513322', '泸定县', '513300');
INSERT INTO `t_def_address` VALUES ('03', '513323', '丹巴县', '513300');
INSERT INTO `t_def_address` VALUES ('03', '513324', '九龙县', '513300');
INSERT INTO `t_def_address` VALUES ('03', '513325', '雅江县', '513300');
INSERT INTO `t_def_address` VALUES ('03', '513326', '道孚县', '513300');
INSERT INTO `t_def_address` VALUES ('03', '513327', '炉霍县', '513300');
INSERT INTO `t_def_address` VALUES ('03', '513328', '甘孜县', '513300');
INSERT INTO `t_def_address` VALUES ('03', '513329', '新龙县', '513300');
INSERT INTO `t_def_address` VALUES ('03', '513330', '德格县', '513300');
INSERT INTO `t_def_address` VALUES ('03', '513331', '白玉县', '513300');
INSERT INTO `t_def_address` VALUES ('03', '513332', '石渠县', '513300');
INSERT INTO `t_def_address` VALUES ('03', '513333', '色达县', '513300');
INSERT INTO `t_def_address` VALUES ('03', '513334', '理塘县', '513300');
INSERT INTO `t_def_address` VALUES ('03', '513335', '巴塘县', '513300');
INSERT INTO `t_def_address` VALUES ('03', '513336', '乡城县', '513300');
INSERT INTO `t_def_address` VALUES ('03', '513337', '稻城县', '513300');
INSERT INTO `t_def_address` VALUES ('03', '513338', '得荣县', '513300');
INSERT INTO `t_def_address` VALUES ('03', '513401', '西昌市', '513400');
INSERT INTO `t_def_address` VALUES ('03', '513422', '木里藏族自治县', '513400');
INSERT INTO `t_def_address` VALUES ('03', '513423', '盐源县', '513400');
INSERT INTO `t_def_address` VALUES ('03', '513424', '德昌县', '513400');
INSERT INTO `t_def_address` VALUES ('03', '513425', '会理县', '513400');
INSERT INTO `t_def_address` VALUES ('03', '513426', '会东县', '513400');
INSERT INTO `t_def_address` VALUES ('03', '513427', '宁南县', '513400');
INSERT INTO `t_def_address` VALUES ('03', '513428', '普格县', '513400');
INSERT INTO `t_def_address` VALUES ('03', '513429', '布拖县', '513400');
INSERT INTO `t_def_address` VALUES ('03', '513430', '金阳县', '513400');
INSERT INTO `t_def_address` VALUES ('03', '513431', '昭觉县', '513400');
INSERT INTO `t_def_address` VALUES ('03', '513432', '喜德县', '513400');
INSERT INTO `t_def_address` VALUES ('03', '513433', '冕宁县', '513400');
INSERT INTO `t_def_address` VALUES ('03', '513434', '越西县', '513400');
INSERT INTO `t_def_address` VALUES ('03', '513435', '甘洛县', '513400');
INSERT INTO `t_def_address` VALUES ('03', '513436', '美姑县', '513400');
INSERT INTO `t_def_address` VALUES ('03', '513437', '雷波县', '513400');
INSERT INTO `t_def_address` VALUES ('03', '520101', '市辖区', '520100');
INSERT INTO `t_def_address` VALUES ('03', '520102', '南明区', '520100');
INSERT INTO `t_def_address` VALUES ('03', '520103', '云岩区', '520100');
INSERT INTO `t_def_address` VALUES ('03', '520111', '花溪区', '520100');
INSERT INTO `t_def_address` VALUES ('03', '520112', '乌当区', '520100');
INSERT INTO `t_def_address` VALUES ('03', '520113', '白云区', '520100');
INSERT INTO `t_def_address` VALUES ('03', '520114', '小河区', '520100');
INSERT INTO `t_def_address` VALUES ('03', '520121', '开阳县', '520100');
INSERT INTO `t_def_address` VALUES ('03', '520122', '息烽县', '520100');
INSERT INTO `t_def_address` VALUES ('03', '520123', '修文县', '520100');
INSERT INTO `t_def_address` VALUES ('03', '520181', '清镇市', '520100');
INSERT INTO `t_def_address` VALUES ('03', '520201', '水钟山区', '520200');
INSERT INTO `t_def_address` VALUES ('03', '520203', '六枝特区', '520200');
INSERT INTO `t_def_address` VALUES ('03', '520221', '水城县', '520200');
INSERT INTO `t_def_address` VALUES ('03', '520222', '市盘县', '520200');
INSERT INTO `t_def_address` VALUES ('03', '520301', '市辖区', '520300');
INSERT INTO `t_def_address` VALUES ('03', '520302', '红花岗区', '520300');
INSERT INTO `t_def_address` VALUES ('03', '520303', '汇川区', '520300');
INSERT INTO `t_def_address` VALUES ('03', '520321', '遵义县', '520300');
INSERT INTO `t_def_address` VALUES ('03', '520322', '桐梓县', '520300');
INSERT INTO `t_def_address` VALUES ('03', '520323', '绥阳县', '520300');
INSERT INTO `t_def_address` VALUES ('03', '520324', '正安县', '520300');
INSERT INTO `t_def_address` VALUES ('03', '520325', '道真仡佬族苗族自治县', '520300');
INSERT INTO `t_def_address` VALUES ('03', '520326', '务川仡佬族苗族自治县', '520300');
INSERT INTO `t_def_address` VALUES ('03', '520327', '凤冈县', '520300');
INSERT INTO `t_def_address` VALUES ('03', '520328', '湄潭县', '520300');
INSERT INTO `t_def_address` VALUES ('03', '520329', '余庆县', '520300');
INSERT INTO `t_def_address` VALUES ('03', '520330', '习水县', '520300');
INSERT INTO `t_def_address` VALUES ('03', '520381', '赤水市', '520300');
INSERT INTO `t_def_address` VALUES ('03', '520382', '仁怀市', '520300');
INSERT INTO `t_def_address` VALUES ('03', '520401', '市辖区', '520400');
INSERT INTO `t_def_address` VALUES ('03', '520402', '西秀区', '520400');
INSERT INTO `t_def_address` VALUES ('03', '520421', '平坝县', '520400');
INSERT INTO `t_def_address` VALUES ('03', '520422', '普定县', '520400');
INSERT INTO `t_def_address` VALUES ('03', '520423', '依族苗族自治县', '520400');
INSERT INTO `t_def_address` VALUES ('03', '520424', '关岭布依族苗族自治县', '520400');
INSERT INTO `t_def_address` VALUES ('03', '520425', '紫云苗族布依族自治县', '520400');
INSERT INTO `t_def_address` VALUES ('03', '522201', '铜仁市', '522200');
INSERT INTO `t_def_address` VALUES ('03', '522222', '江口县', '522200');
INSERT INTO `t_def_address` VALUES ('03', '522223', '玉屏侗族自治县', '522200');
INSERT INTO `t_def_address` VALUES ('03', '522224', '石阡县', '522200');
INSERT INTO `t_def_address` VALUES ('03', '522225', '思南县', '522200');
INSERT INTO `t_def_address` VALUES ('03', '522226', '印江土家族苗族自治县', '522200');
INSERT INTO `t_def_address` VALUES ('03', '522227', '德江县', '522200');
INSERT INTO `t_def_address` VALUES ('03', '522228', '沿河土家族自治县', '522200');
INSERT INTO `t_def_address` VALUES ('03', '522229', '松桃苗族自治县', '522200');
INSERT INTO `t_def_address` VALUES ('03', '522230', '万山特区', '522200');
INSERT INTO `t_def_address` VALUES ('03', '522301', '兴义市', '522300');
INSERT INTO `t_def_address` VALUES ('03', '522322', '兴仁县', '522300');
INSERT INTO `t_def_address` VALUES ('03', '522323', '普安县', '522300');
INSERT INTO `t_def_address` VALUES ('03', '522324', '睛隆县', '522300');
INSERT INTO `t_def_address` VALUES ('03', '522325', '贞丰县', '522300');
INSERT INTO `t_def_address` VALUES ('03', '522326', '望谟县', '522300');
INSERT INTO `t_def_address` VALUES ('03', '522327', '册亨县', '522300');
INSERT INTO `t_def_address` VALUES ('03', '522328', '安龙县', '522300');
INSERT INTO `t_def_address` VALUES ('03', '522401', '毕节市', '522400');
INSERT INTO `t_def_address` VALUES ('03', '522422', '大方县', '522400');
INSERT INTO `t_def_address` VALUES ('03', '522423', '黔西县', '522400');
INSERT INTO `t_def_address` VALUES ('03', '522424', '金沙县', '522400');
INSERT INTO `t_def_address` VALUES ('03', '522425', '织金县', '522400');
INSERT INTO `t_def_address` VALUES ('03', '522426', '纳雍县', '522400');
INSERT INTO `t_def_address` VALUES ('03', '522427', '威宁彝族回族苗族自治县', '522400');
INSERT INTO `t_def_address` VALUES ('03', '522428', '赫章县', '522400');
INSERT INTO `t_def_address` VALUES ('03', '522601', '凯里市', '522600');
INSERT INTO `t_def_address` VALUES ('03', '522622', '黄平县', '522600');
INSERT INTO `t_def_address` VALUES ('03', '522623', '施秉县', '522600');
INSERT INTO `t_def_address` VALUES ('03', '522624', '三穗县', '522600');
INSERT INTO `t_def_address` VALUES ('03', '522625', '镇远县', '522600');
INSERT INTO `t_def_address` VALUES ('03', '522626', '岑巩县', '522600');
INSERT INTO `t_def_address` VALUES ('03', '522627', '天柱县', '522600');
INSERT INTO `t_def_address` VALUES ('03', '522628', '锦屏县', '522600');
INSERT INTO `t_def_address` VALUES ('03', '522629', '剑河县', '522600');
INSERT INTO `t_def_address` VALUES ('03', '522630', '台江县', '522600');
INSERT INTO `t_def_address` VALUES ('03', '522631', '黎平县', '522600');
INSERT INTO `t_def_address` VALUES ('03', '522632', '榕江县', '522600');
INSERT INTO `t_def_address` VALUES ('03', '522633', '从江县', '522600');
INSERT INTO `t_def_address` VALUES ('03', '522634', '雷山县', '522600');
INSERT INTO `t_def_address` VALUES ('03', '522635', '麻江县', '522600');
INSERT INTO `t_def_address` VALUES ('03', '522636', '丹寨县', '522600');
INSERT INTO `t_def_address` VALUES ('03', '522701', '都匀市', '522700');
INSERT INTO `t_def_address` VALUES ('03', '522702', '福泉市', '522700');
INSERT INTO `t_def_address` VALUES ('03', '522722', '荔波县', '522700');
INSERT INTO `t_def_address` VALUES ('03', '522723', '贵定县', '522700');
INSERT INTO `t_def_address` VALUES ('03', '522725', '瓮安县', '522700');
INSERT INTO `t_def_address` VALUES ('03', '522726', '独山县', '522700');
INSERT INTO `t_def_address` VALUES ('03', '522727', '平塘县', '522700');
INSERT INTO `t_def_address` VALUES ('03', '522728', '罗甸县', '522700');
INSERT INTO `t_def_address` VALUES ('03', '522729', '长顺县', '522700');
INSERT INTO `t_def_address` VALUES ('03', '522730', '龙里县', '522700');
INSERT INTO `t_def_address` VALUES ('03', '522731', '惠水县', '522700');
INSERT INTO `t_def_address` VALUES ('03', '522732', '三都水族自治县', '522700');
INSERT INTO `t_def_address` VALUES ('03', '530101', '市辖区', '530100');
INSERT INTO `t_def_address` VALUES ('03', '530102', '五华区', '530100');
INSERT INTO `t_def_address` VALUES ('03', '530103', '盘龙区', '530100');
INSERT INTO `t_def_address` VALUES ('03', '530111', '官渡区', '530100');
INSERT INTO `t_def_address` VALUES ('03', '530112', '西山区', '530100');
INSERT INTO `t_def_address` VALUES ('03', '530113', '东川区', '530100');
INSERT INTO `t_def_address` VALUES ('03', '530121', '呈贡县', '530100');
INSERT INTO `t_def_address` VALUES ('03', '530122', '晋宁县', '530100');
INSERT INTO `t_def_address` VALUES ('03', '530124', '富民县', '530100');
INSERT INTO `t_def_address` VALUES ('03', '530125', '宜良县', '530100');
INSERT INTO `t_def_address` VALUES ('03', '530126', '石林彝族自治县', '530100');
INSERT INTO `t_def_address` VALUES ('03', '530127', '嵩明县', '530100');
INSERT INTO `t_def_address` VALUES ('03', '530128', '禄劝彝族苗族自治县', '530100');
INSERT INTO `t_def_address` VALUES ('03', '530129', '寻甸回族彝族自治县', '530100');
INSERT INTO `t_def_address` VALUES ('03', '530181', '安宁市', '530100');
INSERT INTO `t_def_address` VALUES ('03', '530301', '市辖区', '530300');
INSERT INTO `t_def_address` VALUES ('03', '530302', '麒麟区', '530300');
INSERT INTO `t_def_address` VALUES ('03', '530321', '马龙县', '530300');
INSERT INTO `t_def_address` VALUES ('03', '530322', '陆良县', '530300');
INSERT INTO `t_def_address` VALUES ('03', '530323', '师宗县', '530300');
INSERT INTO `t_def_address` VALUES ('03', '530324', '罗平县', '530300');
INSERT INTO `t_def_address` VALUES ('03', '530325', '富源县', '530300');
INSERT INTO `t_def_address` VALUES ('03', '530326', '会泽县', '530300');
INSERT INTO `t_def_address` VALUES ('03', '530328', '沾益县', '530300');
INSERT INTO `t_def_address` VALUES ('03', '530381', '宣威市', '530300');
INSERT INTO `t_def_address` VALUES ('03', '530401', '市辖区', '530400');
INSERT INTO `t_def_address` VALUES ('03', '530402', '红塔区', '530400');
INSERT INTO `t_def_address` VALUES ('03', '530421', '江川县', '530400');
INSERT INTO `t_def_address` VALUES ('03', '530422', '澄江县', '530400');
INSERT INTO `t_def_address` VALUES ('03', '530423', '通海县', '530400');
INSERT INTO `t_def_address` VALUES ('03', '530424', '华宁县', '530400');
INSERT INTO `t_def_address` VALUES ('03', '530425', '易门县', '530400');
INSERT INTO `t_def_address` VALUES ('03', '530426', '峨山彝族自治县', '530400');
INSERT INTO `t_def_address` VALUES ('03', '530427', '新平彝族傣族自治县', '530400');
INSERT INTO `t_def_address` VALUES ('03', '530428', '元江哈尼族彝族傣族自治县', '530400');
INSERT INTO `t_def_address` VALUES ('03', '530501', '市辖区', '530500');
INSERT INTO `t_def_address` VALUES ('03', '530502', '隆阳区', '530500');
INSERT INTO `t_def_address` VALUES ('03', '530521', '施甸县', '530500');
INSERT INTO `t_def_address` VALUES ('03', '530522', '腾冲县', '530500');
INSERT INTO `t_def_address` VALUES ('03', '530523', '龙陵县', '530500');
INSERT INTO `t_def_address` VALUES ('03', '530524', '昌宁县', '530500');
INSERT INTO `t_def_address` VALUES ('03', '530601', '市辖区', '530600');
INSERT INTO `t_def_address` VALUES ('03', '530602', '昭阳区', '530600');
INSERT INTO `t_def_address` VALUES ('03', '530621', '鲁甸县', '530600');
INSERT INTO `t_def_address` VALUES ('03', '530622', '巧家县', '530600');
INSERT INTO `t_def_address` VALUES ('03', '530623', '盐津县', '530600');
INSERT INTO `t_def_address` VALUES ('03', '530624', '大关县', '530600');
INSERT INTO `t_def_address` VALUES ('03', '530625', '永善县', '530600');
INSERT INTO `t_def_address` VALUES ('03', '530626', '绥江县', '530600');
INSERT INTO `t_def_address` VALUES ('03', '530627', '镇雄县', '530600');
INSERT INTO `t_def_address` VALUES ('03', '530628', '彝良县', '530600');
INSERT INTO `t_def_address` VALUES ('03', '530629', '威信县', '530600');
INSERT INTO `t_def_address` VALUES ('03', '530630', '水富县', '530600');
INSERT INTO `t_def_address` VALUES ('03', '530701', '市辖区', '530700');
INSERT INTO `t_def_address` VALUES ('03', '530702', '古城区', '530700');
INSERT INTO `t_def_address` VALUES ('03', '530721', '玉龙纳西族自治县', '530700');
INSERT INTO `t_def_address` VALUES ('03', '530722', '永胜县', '530700');
INSERT INTO `t_def_address` VALUES ('03', '530723', '华坪县', '530700');
INSERT INTO `t_def_address` VALUES ('03', '530724', '宁蒗彝族自治县', '530700');
INSERT INTO `t_def_address` VALUES ('03', '530801', '市辖区', '530800');
INSERT INTO `t_def_address` VALUES ('03', '530802', '翠云区', '530800');
INSERT INTO `t_def_address` VALUES ('03', '530821', '普洱哈尼族彝族自治县', '530800');
INSERT INTO `t_def_address` VALUES ('03', '530822', '墨江哈尼族自治县', '530800');
INSERT INTO `t_def_address` VALUES ('03', '530823', '景东彝族自治县', '530800');
INSERT INTO `t_def_address` VALUES ('03', '530824', '景谷傣族彝族自治县', '530800');
INSERT INTO `t_def_address` VALUES ('03', '530825', '镇沅彝族哈尼族拉祜族自治县', '530800');
INSERT INTO `t_def_address` VALUES ('03', '530826', '江城哈尼族彝族自治县', '530800');
INSERT INTO `t_def_address` VALUES ('03', '530827', '孟连傣族拉祜族佤族自治县', '530800');
INSERT INTO `t_def_address` VALUES ('03', '530828', '澜沧拉祜族自治县', '530800');
INSERT INTO `t_def_address` VALUES ('03', '530829', '西盟佤族自治县', '530800');
INSERT INTO `t_def_address` VALUES ('03', '530901', '市辖区', '530900');
INSERT INTO `t_def_address` VALUES ('03', '530902', '临翔区', '530900');
INSERT INTO `t_def_address` VALUES ('03', '530921', '凤庆县', '530900');
INSERT INTO `t_def_address` VALUES ('03', '530922', '云县', '530900');
INSERT INTO `t_def_address` VALUES ('03', '530923', '永德县', '530900');
INSERT INTO `t_def_address` VALUES ('03', '530924', '镇康县', '530900');
INSERT INTO `t_def_address` VALUES ('03', '530925', '双江拉祜族佤族布朗族傣族自治县', '530900');
INSERT INTO `t_def_address` VALUES ('03', '530926', '耿马傣族佤族自治县', '530900');
INSERT INTO `t_def_address` VALUES ('03', '530927', '沧源佤族自治县', '530900');
INSERT INTO `t_def_address` VALUES ('03', '532301', '楚雄市', '532300');
INSERT INTO `t_def_address` VALUES ('03', '532322', '双柏县', '532300');
INSERT INTO `t_def_address` VALUES ('03', '532323', '牟定县', '532300');
INSERT INTO `t_def_address` VALUES ('03', '532324', '南华县', '532300');
INSERT INTO `t_def_address` VALUES ('03', '532325', '姚安县', '532300');
INSERT INTO `t_def_address` VALUES ('03', '532326', '大姚县', '532300');
INSERT INTO `t_def_address` VALUES ('03', '532327', '永仁县', '532300');
INSERT INTO `t_def_address` VALUES ('03', '532328', '元谋县', '532300');
INSERT INTO `t_def_address` VALUES ('03', '532329', '武定县', '532300');
INSERT INTO `t_def_address` VALUES ('03', '532331', '禄丰县', '532300');
INSERT INTO `t_def_address` VALUES ('03', '532501', '个旧市', '532500');
INSERT INTO `t_def_address` VALUES ('03', '532502', '开远市', '532500');
INSERT INTO `t_def_address` VALUES ('03', '532522', '蒙自县', '532500');
INSERT INTO `t_def_address` VALUES ('03', '532523', '屏边苗族自治县', '532500');
INSERT INTO `t_def_address` VALUES ('03', '532524', '建水县', '532500');
INSERT INTO `t_def_address` VALUES ('03', '532525', '石屏县', '532500');
INSERT INTO `t_def_address` VALUES ('03', '532526', '弥勒县', '532500');
INSERT INTO `t_def_address` VALUES ('03', '532527', '泸西县', '532500');
INSERT INTO `t_def_address` VALUES ('03', '532528', '元阳县', '532500');
INSERT INTO `t_def_address` VALUES ('03', '532529', '红河县', '532500');
INSERT INTO `t_def_address` VALUES ('03', '532530', '金平苗族瑶族傣族自治县', '532500');
INSERT INTO `t_def_address` VALUES ('03', '532531', '绿春县', '532500');
INSERT INTO `t_def_address` VALUES ('03', '532532', '河口瑶族自治县', '532500');
INSERT INTO `t_def_address` VALUES ('03', '532621', '文山县', '532600');
INSERT INTO `t_def_address` VALUES ('03', '532622', '砚山县', '532600');
INSERT INTO `t_def_address` VALUES ('03', '532623', '西畴县', '532600');
INSERT INTO `t_def_address` VALUES ('03', '532624', '麻栗坡县', '532600');
INSERT INTO `t_def_address` VALUES ('03', '532625', '马关县', '532600');
INSERT INTO `t_def_address` VALUES ('03', '532626', '丘北县', '532600');
INSERT INTO `t_def_address` VALUES ('03', '532627', '广南县', '532600');
INSERT INTO `t_def_address` VALUES ('03', '532628', '富宁县', '532600');
INSERT INTO `t_def_address` VALUES ('03', '532801', '景洪市', '532800');
INSERT INTO `t_def_address` VALUES ('03', '532822', '勐海县', '532800');
INSERT INTO `t_def_address` VALUES ('03', '532823', '勐腊县', '532800');
INSERT INTO `t_def_address` VALUES ('03', '532901', '大理市', '532900');
INSERT INTO `t_def_address` VALUES ('03', '532922', '漾濞彝族自治县', '532900');
INSERT INTO `t_def_address` VALUES ('03', '532923', '祥云县', '532900');
INSERT INTO `t_def_address` VALUES ('03', '532924', '宾川县', '532900');
INSERT INTO `t_def_address` VALUES ('03', '532925', '弥渡县', '532900');
INSERT INTO `t_def_address` VALUES ('03', '532926', '南涧彝族自治县', '532900');
INSERT INTO `t_def_address` VALUES ('03', '532927', '巍山彝族回族自治县', '532900');
INSERT INTO `t_def_address` VALUES ('03', '532928', '永平县', '532900');
INSERT INTO `t_def_address` VALUES ('03', '532929', '云龙县', '532900');
INSERT INTO `t_def_address` VALUES ('03', '532930', '洱源县', '532900');
INSERT INTO `t_def_address` VALUES ('03', '532931', '剑川县', '532900');
INSERT INTO `t_def_address` VALUES ('03', '532932', '鹤庆县', '532900');
INSERT INTO `t_def_address` VALUES ('03', '533102', '瑞丽市', '533100');
INSERT INTO `t_def_address` VALUES ('03', '533103', '潞西市', '533100');
INSERT INTO `t_def_address` VALUES ('03', '533122', '梁河县', '533100');
INSERT INTO `t_def_address` VALUES ('03', '533123', '盈江县', '533100');
INSERT INTO `t_def_address` VALUES ('03', '533124', '陇川县', '533100');
INSERT INTO `t_def_address` VALUES ('03', '533321', '傈泸水县', '533300');
INSERT INTO `t_def_address` VALUES ('03', '533323', '傈福贡县', '533300');
INSERT INTO `t_def_address` VALUES ('03', '533324', '傈贡山独龙族怒族自治县', '533300');
INSERT INTO `t_def_address` VALUES ('03', '533325', '傈兰坪白族普米族自治县', '533300');
INSERT INTO `t_def_address` VALUES ('03', '533421', '香格里拉县', '533400');
INSERT INTO `t_def_address` VALUES ('03', '533422', '德钦县', '533400');
INSERT INTO `t_def_address` VALUES ('03', '533423', '维西傈僳族自治县', '533400');
INSERT INTO `t_def_address` VALUES ('03', '540101', '市辖区', '540100');
INSERT INTO `t_def_address` VALUES ('03', '540102', '城关区', '540100');
INSERT INTO `t_def_address` VALUES ('03', '540121', '林周县', '540100');
INSERT INTO `t_def_address` VALUES ('03', '540122', '当雄县', '540100');
INSERT INTO `t_def_address` VALUES ('03', '540123', '尼木县', '540100');
INSERT INTO `t_def_address` VALUES ('03', '540124', '曲水县', '540100');
INSERT INTO `t_def_address` VALUES ('03', '540125', '堆龙德庆县', '540100');
INSERT INTO `t_def_address` VALUES ('03', '540126', '达孜县', '540100');
INSERT INTO `t_def_address` VALUES ('03', '540127', '墨竹工卡县', '540100');
INSERT INTO `t_def_address` VALUES ('03', '542121', '昌都县', '542100');
INSERT INTO `t_def_address` VALUES ('03', '542122', '江达县', '542100');
INSERT INTO `t_def_address` VALUES ('03', '542123', '贡觉县', '542100');
INSERT INTO `t_def_address` VALUES ('03', '542124', '类乌齐县', '542100');
INSERT INTO `t_def_address` VALUES ('03', '542125', '丁青县', '542100');
INSERT INTO `t_def_address` VALUES ('03', '542126', '察雅县', '542100');
INSERT INTO `t_def_address` VALUES ('03', '542127', '八宿县', '542100');
INSERT INTO `t_def_address` VALUES ('03', '542128', '左贡县', '542100');
INSERT INTO `t_def_address` VALUES ('03', '542129', '芒康县', '542100');
INSERT INTO `t_def_address` VALUES ('03', '542132', '洛隆县', '542100');
INSERT INTO `t_def_address` VALUES ('03', '542133', '边坝县', '542100');
INSERT INTO `t_def_address` VALUES ('03', '542221', '乃东县', '542200');
INSERT INTO `t_def_address` VALUES ('03', '542222', '扎襄县', '542200');
INSERT INTO `t_def_address` VALUES ('03', '542223', '贡嘎县', '542200');
INSERT INTO `t_def_address` VALUES ('03', '542224', '桑日县', '542200');
INSERT INTO `t_def_address` VALUES ('03', '542225', '琼结县', '542200');
INSERT INTO `t_def_address` VALUES ('03', '542226', '曲松县', '542200');
INSERT INTO `t_def_address` VALUES ('03', '542227', '措美县', '542200');
INSERT INTO `t_def_address` VALUES ('03', '542228', '洛扎县', '542200');
INSERT INTO `t_def_address` VALUES ('03', '542229', '加查县', '542200');
INSERT INTO `t_def_address` VALUES ('03', '542231', '隆子县', '542200');
INSERT INTO `t_def_address` VALUES ('03', '542232', '错那县', '542200');
INSERT INTO `t_def_address` VALUES ('03', '542233', '浪卡子县', '542200');
INSERT INTO `t_def_address` VALUES ('03', '542301', '日喀则市', '542300');
INSERT INTO `t_def_address` VALUES ('03', '542322', '南木林县', '542300');
INSERT INTO `t_def_address` VALUES ('03', '542323', '江孜县', '542300');
INSERT INTO `t_def_address` VALUES ('03', '542324', '定日县', '542300');
INSERT INTO `t_def_address` VALUES ('03', '542325', '萨迦县', '542300');
INSERT INTO `t_def_address` VALUES ('03', '542326', '拉孜县', '542300');
INSERT INTO `t_def_address` VALUES ('03', '542327', '昂仁县', '542300');
INSERT INTO `t_def_address` VALUES ('03', '542328', '谢通门县', '542300');
INSERT INTO `t_def_address` VALUES ('03', '542329', '白朗县', '542300');
INSERT INTO `t_def_address` VALUES ('03', '542330', '仁布县', '542300');
INSERT INTO `t_def_address` VALUES ('03', '542331', '康马县', '542300');
INSERT INTO `t_def_address` VALUES ('03', '542332', '定结县', '542300');
INSERT INTO `t_def_address` VALUES ('03', '542333', '仲巴县', '542300');
INSERT INTO `t_def_address` VALUES ('03', '542334', '亚东县', '542300');
INSERT INTO `t_def_address` VALUES ('03', '542335', '吉隆县', '542300');
INSERT INTO `t_def_address` VALUES ('03', '542336', '聂拉木县', '542300');
INSERT INTO `t_def_address` VALUES ('03', '542337', '萨嘎县', '542300');
INSERT INTO `t_def_address` VALUES ('03', '542338', '岗巴县', '542300');
INSERT INTO `t_def_address` VALUES ('03', '542421', '那曲县', '542400');
INSERT INTO `t_def_address` VALUES ('03', '542422', '嘉黎县', '542400');
INSERT INTO `t_def_address` VALUES ('03', '542423', '比如县', '542400');
INSERT INTO `t_def_address` VALUES ('03', '542424', '聂荣县', '542400');
INSERT INTO `t_def_address` VALUES ('03', '542425', '安多县', '542400');
INSERT INTO `t_def_address` VALUES ('03', '542426', '申扎县', '542400');
INSERT INTO `t_def_address` VALUES ('03', '542427', '索县', '542400');
INSERT INTO `t_def_address` VALUES ('03', '542428', '班戈县', '542400');
INSERT INTO `t_def_address` VALUES ('03', '542429', '巴青县', '542400');
INSERT INTO `t_def_address` VALUES ('03', '542430', '尼玛县', '542400');
INSERT INTO `t_def_address` VALUES ('03', '542521', '普兰县', '542500');
INSERT INTO `t_def_address` VALUES ('03', '542522', '札达县', '542500');
INSERT INTO `t_def_address` VALUES ('03', '542523', '噶尔县', '542500');
INSERT INTO `t_def_address` VALUES ('03', '542524', '日土县', '542500');
INSERT INTO `t_def_address` VALUES ('03', '542525', '革吉县', '542500');
INSERT INTO `t_def_address` VALUES ('03', '542526', '改则县', '542500');
INSERT INTO `t_def_address` VALUES ('03', '542527', '措勤县', '542500');
INSERT INTO `t_def_address` VALUES ('03', '542621', '林芝县', '542600');
INSERT INTO `t_def_address` VALUES ('03', '542622', '工布江达县', '542600');
INSERT INTO `t_def_address` VALUES ('03', '542623', '米林县', '542600');
INSERT INTO `t_def_address` VALUES ('03', '542624', '墨脱县', '542600');
INSERT INTO `t_def_address` VALUES ('03', '542625', '波密县', '542600');
INSERT INTO `t_def_address` VALUES ('03', '542626', '察隅县', '542600');
INSERT INTO `t_def_address` VALUES ('03', '542627', '朗县', '542600');
INSERT INTO `t_def_address` VALUES ('03', '610101', '市辖区', '610100');
INSERT INTO `t_def_address` VALUES ('03', '610102', '新城区', '610100');
INSERT INTO `t_def_address` VALUES ('03', '610103', '碑林区', '610100');
INSERT INTO `t_def_address` VALUES ('03', '610104', '莲湖区', '610100');
INSERT INTO `t_def_address` VALUES ('03', '610111', '灞桥区', '610100');
INSERT INTO `t_def_address` VALUES ('03', '610112', '未央区', '610100');
INSERT INTO `t_def_address` VALUES ('03', '610113', '雁塔区', '610100');
INSERT INTO `t_def_address` VALUES ('03', '610114', '阎良区', '610100');
INSERT INTO `t_def_address` VALUES ('03', '610115', '临潼区', '610100');
INSERT INTO `t_def_address` VALUES ('03', '610116', '长安区', '610100');
INSERT INTO `t_def_address` VALUES ('03', '610122', '蓝田县', '610100');
INSERT INTO `t_def_address` VALUES ('03', '610124', '周至县', '610100');
INSERT INTO `t_def_address` VALUES ('03', '610125', '户县', '610100');
INSERT INTO `t_def_address` VALUES ('03', '610126', '高陵县', '610100');
INSERT INTO `t_def_address` VALUES ('03', '610201', '市辖区', '610200');
INSERT INTO `t_def_address` VALUES ('03', '610202', '王益区', '610200');
INSERT INTO `t_def_address` VALUES ('03', '610203', '印台区', '610200');
INSERT INTO `t_def_address` VALUES ('03', '610204', '耀州区', '610200');
INSERT INTO `t_def_address` VALUES ('03', '610222', '宜君县', '610200');
INSERT INTO `t_def_address` VALUES ('03', '610301', '市辖区', '610300');
INSERT INTO `t_def_address` VALUES ('03', '610302', '渭滨区', '610300');
INSERT INTO `t_def_address` VALUES ('03', '610303', '金台区', '610300');
INSERT INTO `t_def_address` VALUES ('03', '610304', '陈仓区', '610300');
INSERT INTO `t_def_address` VALUES ('03', '610322', '凤翔县', '610300');
INSERT INTO `t_def_address` VALUES ('03', '610323', '岐山县', '610300');
INSERT INTO `t_def_address` VALUES ('03', '610324', '扶风县', '610300');
INSERT INTO `t_def_address` VALUES ('03', '610326', '眉县', '610300');
INSERT INTO `t_def_address` VALUES ('03', '610327', '陇县', '610300');
INSERT INTO `t_def_address` VALUES ('03', '610328', '千阳县', '610300');
INSERT INTO `t_def_address` VALUES ('03', '610329', '麟游县', '610300');
INSERT INTO `t_def_address` VALUES ('03', '610330', '凤县', '610300');
INSERT INTO `t_def_address` VALUES ('03', '610331', '太白县', '610300');
INSERT INTO `t_def_address` VALUES ('03', '610401', '市辖区', '610400');
INSERT INTO `t_def_address` VALUES ('03', '610402', '秦都区', '610400');
INSERT INTO `t_def_address` VALUES ('03', '610403', '杨陵区', '610400');
INSERT INTO `t_def_address` VALUES ('03', '610404', '渭城区', '610400');
INSERT INTO `t_def_address` VALUES ('03', '610422', '三原县', '610400');
INSERT INTO `t_def_address` VALUES ('03', '610423', '泾阳县', '610400');
INSERT INTO `t_def_address` VALUES ('03', '610424', '乾县', '610400');
INSERT INTO `t_def_address` VALUES ('03', '610425', '礼泉县', '610400');
INSERT INTO `t_def_address` VALUES ('03', '610426', '永寿县', '610400');
INSERT INTO `t_def_address` VALUES ('03', '610427', '彬县', '610400');
INSERT INTO `t_def_address` VALUES ('03', '610428', '长武县', '610400');
INSERT INTO `t_def_address` VALUES ('03', '610429', '旬邑县', '610400');
INSERT INTO `t_def_address` VALUES ('03', '610430', '淳化县', '610400');
INSERT INTO `t_def_address` VALUES ('03', '610431', '武功县', '610400');
INSERT INTO `t_def_address` VALUES ('03', '610481', '兴平市', '610400');
INSERT INTO `t_def_address` VALUES ('03', '610501', '市辖区', '610500');
INSERT INTO `t_def_address` VALUES ('03', '610502', '临渭区', '610500');
INSERT INTO `t_def_address` VALUES ('03', '610521', '华县', '610500');
INSERT INTO `t_def_address` VALUES ('03', '610522', '潼关县', '610500');
INSERT INTO `t_def_address` VALUES ('03', '610523', '大荔县', '610500');
INSERT INTO `t_def_address` VALUES ('03', '610524', '合阳县', '610500');
INSERT INTO `t_def_address` VALUES ('03', '610525', '澄城县', '610500');
INSERT INTO `t_def_address` VALUES ('03', '610526', '蒲城县', '610500');
INSERT INTO `t_def_address` VALUES ('03', '610527', '白水县', '610500');
INSERT INTO `t_def_address` VALUES ('03', '610528', '富平县', '610500');
INSERT INTO `t_def_address` VALUES ('03', '610581', '韩城市', '610500');
INSERT INTO `t_def_address` VALUES ('03', '610582', '华阴市', '610500');
INSERT INTO `t_def_address` VALUES ('03', '610601', '市辖区', '610600');
INSERT INTO `t_def_address` VALUES ('03', '610602', '宝塔区', '610600');
INSERT INTO `t_def_address` VALUES ('03', '610621', '延长县', '610600');
INSERT INTO `t_def_address` VALUES ('03', '610622', '延川县', '610600');
INSERT INTO `t_def_address` VALUES ('03', '610623', '子长县', '610600');
INSERT INTO `t_def_address` VALUES ('03', '610624', '安塞县', '610600');
INSERT INTO `t_def_address` VALUES ('03', '610625', '志丹县', '610600');
INSERT INTO `t_def_address` VALUES ('03', '610626', '吴起县', '610600');
INSERT INTO `t_def_address` VALUES ('03', '610627', '甘泉县', '610600');
INSERT INTO `t_def_address` VALUES ('03', '610628', '富县', '610600');
INSERT INTO `t_def_address` VALUES ('03', '610629', '洛川县', '610600');
INSERT INTO `t_def_address` VALUES ('03', '610630', '宜川县', '610600');
INSERT INTO `t_def_address` VALUES ('03', '610631', '黄龙县', '610600');
INSERT INTO `t_def_address` VALUES ('03', '610632', '黄陵县', '610600');
INSERT INTO `t_def_address` VALUES ('03', '610701', '市辖区', '610700');
INSERT INTO `t_def_address` VALUES ('03', '610702', '汉台区', '610700');
INSERT INTO `t_def_address` VALUES ('03', '610721', '南郑县', '610700');
INSERT INTO `t_def_address` VALUES ('03', '610722', '城固县', '610700');
INSERT INTO `t_def_address` VALUES ('03', '610723', '洋县', '610700');
INSERT INTO `t_def_address` VALUES ('03', '610724', '西乡县', '610700');
INSERT INTO `t_def_address` VALUES ('03', '610725', '勉县', '610700');
INSERT INTO `t_def_address` VALUES ('03', '610726', '宁强县', '610700');
INSERT INTO `t_def_address` VALUES ('03', '610727', '略阳县', '610700');
INSERT INTO `t_def_address` VALUES ('03', '610728', '镇巴县', '610700');
INSERT INTO `t_def_address` VALUES ('03', '610729', '留坝县', '610700');
INSERT INTO `t_def_address` VALUES ('03', '610730', '佛坪县', '610700');
INSERT INTO `t_def_address` VALUES ('03', '610801', '市辖区', '610800');
INSERT INTO `t_def_address` VALUES ('03', '610802', '榆阳区', '610800');
INSERT INTO `t_def_address` VALUES ('03', '610821', '神木县', '610800');
INSERT INTO `t_def_address` VALUES ('03', '610822', '府谷县', '610800');
INSERT INTO `t_def_address` VALUES ('03', '610823', '横山县', '610800');
INSERT INTO `t_def_address` VALUES ('03', '610824', '靖边县', '610800');
INSERT INTO `t_def_address` VALUES ('03', '610825', '定边县', '610800');
INSERT INTO `t_def_address` VALUES ('03', '610826', '绥德县', '610800');
INSERT INTO `t_def_address` VALUES ('03', '610827', '米脂县', '610800');
INSERT INTO `t_def_address` VALUES ('03', '610828', '佳县', '610800');
INSERT INTO `t_def_address` VALUES ('03', '610829', '吴堡县', '610800');
INSERT INTO `t_def_address` VALUES ('03', '610830', '清涧县', '610800');
INSERT INTO `t_def_address` VALUES ('03', '610831', '子洲县', '610800');
INSERT INTO `t_def_address` VALUES ('03', '610901', '市辖区', '610900');
INSERT INTO `t_def_address` VALUES ('03', '610902', '汉滨区', '610900');
INSERT INTO `t_def_address` VALUES ('03', '610921', '汉阴县', '610900');
INSERT INTO `t_def_address` VALUES ('03', '610922', '石泉县', '610900');
INSERT INTO `t_def_address` VALUES ('03', '610923', '宁陕县', '610900');
INSERT INTO `t_def_address` VALUES ('03', '610924', '紫阳县', '610900');
INSERT INTO `t_def_address` VALUES ('03', '610925', '岚皋县', '610900');
INSERT INTO `t_def_address` VALUES ('03', '610926', '平利县', '610900');
INSERT INTO `t_def_address` VALUES ('03', '610927', '镇坪县', '610900');
INSERT INTO `t_def_address` VALUES ('03', '610928', '旬阳县', '610900');
INSERT INTO `t_def_address` VALUES ('03', '610929', '白河县', '610900');
INSERT INTO `t_def_address` VALUES ('03', '611001', '市辖区', '611000');
INSERT INTO `t_def_address` VALUES ('03', '611002', '商州区', '611000');
INSERT INTO `t_def_address` VALUES ('03', '611021', '洛南县', '611000');
INSERT INTO `t_def_address` VALUES ('03', '611022', '丹凤县', '611000');
INSERT INTO `t_def_address` VALUES ('03', '611023', '商南县', '611000');
INSERT INTO `t_def_address` VALUES ('03', '611024', '山阳县', '611000');
INSERT INTO `t_def_address` VALUES ('03', '611025', '镇安县', '611000');
INSERT INTO `t_def_address` VALUES ('03', '611026', '柞水县', '611000');
INSERT INTO `t_def_address` VALUES ('03', '620101', '市辖区', '620100');
INSERT INTO `t_def_address` VALUES ('03', '620102', '城关区', '620100');
INSERT INTO `t_def_address` VALUES ('03', '620103', '七里河区', '620100');
INSERT INTO `t_def_address` VALUES ('03', '620104', '西固区', '620100');
INSERT INTO `t_def_address` VALUES ('03', '620105', '安宁区', '620100');
INSERT INTO `t_def_address` VALUES ('03', '620111', '红古区', '620100');
INSERT INTO `t_def_address` VALUES ('03', '620121', '永登县', '620100');
INSERT INTO `t_def_address` VALUES ('03', '620122', '皋兰县', '620100');
INSERT INTO `t_def_address` VALUES ('03', '620123', '榆中县', '620100');
INSERT INTO `t_def_address` VALUES ('03', '620201', '市辖区', '620200');
INSERT INTO `t_def_address` VALUES ('03', '620301', '市辖区', '620300');
INSERT INTO `t_def_address` VALUES ('03', '620302', '金川区', '620300');
INSERT INTO `t_def_address` VALUES ('03', '620321', '永昌县', '620300');
INSERT INTO `t_def_address` VALUES ('03', '620401', '市辖区', '620400');
INSERT INTO `t_def_address` VALUES ('03', '620402', '白银区', '620400');
INSERT INTO `t_def_address` VALUES ('03', '620403', '平川区', '620400');
INSERT INTO `t_def_address` VALUES ('03', '620421', '靖远县', '620400');
INSERT INTO `t_def_address` VALUES ('03', '620422', '会宁县', '620400');
INSERT INTO `t_def_address` VALUES ('03', '620423', '景泰县', '620400');
INSERT INTO `t_def_address` VALUES ('03', '620501', '市辖区', '620500');
INSERT INTO `t_def_address` VALUES ('03', '620502', '秦城区', '620500');
INSERT INTO `t_def_address` VALUES ('03', '620503', '北道区', '620500');
INSERT INTO `t_def_address` VALUES ('03', '620521', '清水县', '620500');
INSERT INTO `t_def_address` VALUES ('03', '620522', '秦安县', '620500');
INSERT INTO `t_def_address` VALUES ('03', '620523', '甘谷县', '620500');
INSERT INTO `t_def_address` VALUES ('03', '620524', '武山县', '620500');
INSERT INTO `t_def_address` VALUES ('03', '620525', '张家川回族自治县', '620500');
INSERT INTO `t_def_address` VALUES ('03', '620601', '市辖区', '620600');
INSERT INTO `t_def_address` VALUES ('03', '620602', '凉州区', '620600');
INSERT INTO `t_def_address` VALUES ('03', '620621', '民勤县', '620600');
INSERT INTO `t_def_address` VALUES ('03', '620622', '古浪县', '620600');
INSERT INTO `t_def_address` VALUES ('03', '620623', '天祝藏族自治县', '620600');
INSERT INTO `t_def_address` VALUES ('03', '620701', '市辖区', '620700');
INSERT INTO `t_def_address` VALUES ('03', '620702', '甘州区', '620700');
INSERT INTO `t_def_address` VALUES ('03', '620721', '肃南裕固族自治县', '620700');
INSERT INTO `t_def_address` VALUES ('03', '620722', '民乐县', '620700');
INSERT INTO `t_def_address` VALUES ('03', '620723', '临泽县', '620700');
INSERT INTO `t_def_address` VALUES ('03', '620724', '高台县', '620700');
INSERT INTO `t_def_address` VALUES ('03', '620725', '山丹县', '620700');
INSERT INTO `t_def_address` VALUES ('03', '620801', '市辖区', '620800');
INSERT INTO `t_def_address` VALUES ('03', '620802', '崆峒区', '620800');
INSERT INTO `t_def_address` VALUES ('03', '620821', '泾川县', '620800');
INSERT INTO `t_def_address` VALUES ('03', '620822', '灵台县', '620800');
INSERT INTO `t_def_address` VALUES ('03', '620823', '崇信县', '620800');
INSERT INTO `t_def_address` VALUES ('03', '620824', '华亭县', '620800');
INSERT INTO `t_def_address` VALUES ('03', '620825', '庄浪县', '620800');
INSERT INTO `t_def_address` VALUES ('03', '620826', '静宁县', '620800');
INSERT INTO `t_def_address` VALUES ('03', '620901', '市辖区', '620900');
INSERT INTO `t_def_address` VALUES ('03', '620902', '肃州区', '620900');
INSERT INTO `t_def_address` VALUES ('03', '620921', '金塔县', '620900');
INSERT INTO `t_def_address` VALUES ('03', '620922', '安西县', '620900');
INSERT INTO `t_def_address` VALUES ('03', '620923', '肃北蒙古族自治县', '620900');
INSERT INTO `t_def_address` VALUES ('03', '620924', '阿克塞哈萨克族自治县', '620900');
INSERT INTO `t_def_address` VALUES ('03', '620981', '玉门市', '620900');
INSERT INTO `t_def_address` VALUES ('03', '620982', '敦煌市', '620900');
INSERT INTO `t_def_address` VALUES ('03', '621001', '市辖区', '621000');
INSERT INTO `t_def_address` VALUES ('03', '621002', '西峰区', '621000');
INSERT INTO `t_def_address` VALUES ('03', '621021', '庆城县', '621000');
INSERT INTO `t_def_address` VALUES ('03', '621022', '环县', '621000');
INSERT INTO `t_def_address` VALUES ('03', '621023', '华池县', '621000');
INSERT INTO `t_def_address` VALUES ('03', '621024', '合水县', '621000');
INSERT INTO `t_def_address` VALUES ('03', '621025', '正宁县', '621000');
INSERT INTO `t_def_address` VALUES ('03', '621026', '宁县', '621000');
INSERT INTO `t_def_address` VALUES ('03', '621027', '镇原县', '621000');
INSERT INTO `t_def_address` VALUES ('03', '621101', '市辖区', '621100');
INSERT INTO `t_def_address` VALUES ('03', '621102', '安定区', '621100');
INSERT INTO `t_def_address` VALUES ('03', '621121', '通渭县', '621100');
INSERT INTO `t_def_address` VALUES ('03', '621122', '陇西县', '621100');
INSERT INTO `t_def_address` VALUES ('03', '621123', '渭源县', '621100');
INSERT INTO `t_def_address` VALUES ('03', '621124', '临洮县', '621100');
INSERT INTO `t_def_address` VALUES ('03', '621125', '漳县', '621100');
INSERT INTO `t_def_address` VALUES ('03', '621126', '岷县', '621100');
INSERT INTO `t_def_address` VALUES ('03', '621201', '市辖区', '621200');
INSERT INTO `t_def_address` VALUES ('03', '621202', '武都区', '621200');
INSERT INTO `t_def_address` VALUES ('03', '621221', '成县', '621200');
INSERT INTO `t_def_address` VALUES ('03', '621222', '文县', '621200');
INSERT INTO `t_def_address` VALUES ('03', '621223', '宕昌县', '621200');
INSERT INTO `t_def_address` VALUES ('03', '621224', '康县', '621200');
INSERT INTO `t_def_address` VALUES ('03', '621225', '西和县', '621200');
INSERT INTO `t_def_address` VALUES ('03', '621226', '礼县', '621200');
INSERT INTO `t_def_address` VALUES ('03', '621227', '徽县', '621200');
INSERT INTO `t_def_address` VALUES ('03', '621228', '两当县', '621200');
INSERT INTO `t_def_address` VALUES ('03', '622901', '临夏市', '622900');
INSERT INTO `t_def_address` VALUES ('03', '622921', '临夏县', '622900');
INSERT INTO `t_def_address` VALUES ('03', '622922', '康乐县', '622900');
INSERT INTO `t_def_address` VALUES ('03', '622923', '永靖县', '622900');
INSERT INTO `t_def_address` VALUES ('03', '622924', '广河县', '622900');
INSERT INTO `t_def_address` VALUES ('03', '622925', '和政县', '622900');
INSERT INTO `t_def_address` VALUES ('03', '622926', '东乡族自治县', '622900');
INSERT INTO `t_def_address` VALUES ('03', '622927', '积石山保安族东乡族撒拉族自治县', '622900');
INSERT INTO `t_def_address` VALUES ('03', '623001', '合作市', '623000');
INSERT INTO `t_def_address` VALUES ('03', '623021', '临潭县', '623000');
INSERT INTO `t_def_address` VALUES ('03', '623022', '卓尼县', '623000');
INSERT INTO `t_def_address` VALUES ('03', '623023', '舟曲县', '623000');
INSERT INTO `t_def_address` VALUES ('03', '623024', '迭部县', '623000');
INSERT INTO `t_def_address` VALUES ('03', '623025', '玛曲县', '623000');
INSERT INTO `t_def_address` VALUES ('03', '623026', '碌曲县', '623000');
INSERT INTO `t_def_address` VALUES ('03', '623027', '夏河县', '623000');
INSERT INTO `t_def_address` VALUES ('03', '630101', '市辖区', '630100');
INSERT INTO `t_def_address` VALUES ('03', '630102', '城东区', '630100');
INSERT INTO `t_def_address` VALUES ('03', '630103', '城中区', '630100');
INSERT INTO `t_def_address` VALUES ('03', '630104', '城西区', '630100');
INSERT INTO `t_def_address` VALUES ('03', '630105', '城北区', '630100');
INSERT INTO `t_def_address` VALUES ('03', '630121', '大通回族土族自治县', '630100');
INSERT INTO `t_def_address` VALUES ('03', '630122', '湟中县', '630100');
INSERT INTO `t_def_address` VALUES ('03', '630123', '湟源县', '630100');
INSERT INTO `t_def_address` VALUES ('03', '632121', '平安县', '632100');
INSERT INTO `t_def_address` VALUES ('03', '632122', '民和回族土族自治县', '632100');
INSERT INTO `t_def_address` VALUES ('03', '632123', '乐都县', '632100');
INSERT INTO `t_def_address` VALUES ('03', '632126', '互助土族自治县', '632100');
INSERT INTO `t_def_address` VALUES ('03', '632127', '化隆回族自治县', '632100');
INSERT INTO `t_def_address` VALUES ('03', '632128', '循化撒拉族自治县', '632100');
INSERT INTO `t_def_address` VALUES ('03', '632221', '门源回族自治县', '632200');
INSERT INTO `t_def_address` VALUES ('03', '632222', '祁连县', '632200');
INSERT INTO `t_def_address` VALUES ('03', '632223', '海晏县', '632200');
INSERT INTO `t_def_address` VALUES ('03', '632224', '刚察县', '632200');
INSERT INTO `t_def_address` VALUES ('03', '632321', '同仁县', '632300');
INSERT INTO `t_def_address` VALUES ('03', '632322', '尖扎县', '632300');
INSERT INTO `t_def_address` VALUES ('03', '632323', '泽库县', '632300');
INSERT INTO `t_def_address` VALUES ('03', '632324', '河南蒙古族自治县', '632300');
INSERT INTO `t_def_address` VALUES ('03', '632521', '共和县', '632500');
INSERT INTO `t_def_address` VALUES ('03', '632522', '同德县', '632500');
INSERT INTO `t_def_address` VALUES ('03', '632523', '贵德县', '632500');
INSERT INTO `t_def_address` VALUES ('03', '632524', '兴海县', '632500');
INSERT INTO `t_def_address` VALUES ('03', '632525', '贵南县', '632500');
INSERT INTO `t_def_address` VALUES ('03', '632621', '玛沁县', '632600');
INSERT INTO `t_def_address` VALUES ('03', '632622', '班玛县', '632600');
INSERT INTO `t_def_address` VALUES ('03', '632623', '甘德县', '632600');
INSERT INTO `t_def_address` VALUES ('03', '632624', '达日县', '632600');
INSERT INTO `t_def_address` VALUES ('03', '632625', '久治县', '632600');
INSERT INTO `t_def_address` VALUES ('03', '632626', '玛多县', '632600');
INSERT INTO `t_def_address` VALUES ('03', '632721', '玉树县', '632700');
INSERT INTO `t_def_address` VALUES ('03', '632722', '杂多县', '632700');
INSERT INTO `t_def_address` VALUES ('03', '632723', '称多县', '632700');
INSERT INTO `t_def_address` VALUES ('03', '632724', '治多县', '632700');
INSERT INTO `t_def_address` VALUES ('03', '632725', '囊谦县', '632700');
INSERT INTO `t_def_address` VALUES ('03', '632726', '曲麻莱县', '632700');
INSERT INTO `t_def_address` VALUES ('03', '632801', '格尔木市', '632800');
INSERT INTO `t_def_address` VALUES ('03', '632802', '德令哈市', '632800');
INSERT INTO `t_def_address` VALUES ('03', '632821', '乌兰县', '632800');
INSERT INTO `t_def_address` VALUES ('03', '632822', '都兰县', '632800');
INSERT INTO `t_def_address` VALUES ('03', '632823', '天峻县', '632800');
INSERT INTO `t_def_address` VALUES ('03', '640101', '市辖区', '640100');
INSERT INTO `t_def_address` VALUES ('03', '640104', '兴庆区', '640100');
INSERT INTO `t_def_address` VALUES ('03', '640105', '西夏区', '640100');
INSERT INTO `t_def_address` VALUES ('03', '640106', '金凤区', '640100');
INSERT INTO `t_def_address` VALUES ('03', '640121', '永宁县', '640100');
INSERT INTO `t_def_address` VALUES ('03', '640122', '贺兰县', '640100');
INSERT INTO `t_def_address` VALUES ('03', '640181', '灵武市', '640100');
INSERT INTO `t_def_address` VALUES ('03', '640201', '市辖区', '640200');
INSERT INTO `t_def_address` VALUES ('03', '640202', '大武口区', '640200');
INSERT INTO `t_def_address` VALUES ('03', '640205', '惠农区', '640200');
INSERT INTO `t_def_address` VALUES ('03', '640221', '平罗县', '640200');
INSERT INTO `t_def_address` VALUES ('03', '640301', '市辖区', '640300');
INSERT INTO `t_def_address` VALUES ('03', '640302', '利通区', '640300');
INSERT INTO `t_def_address` VALUES ('03', '640323', '盐池县', '640300');
INSERT INTO `t_def_address` VALUES ('03', '640324', '同心县', '640300');
INSERT INTO `t_def_address` VALUES ('03', '640381', '青铜峡市', '640300');
INSERT INTO `t_def_address` VALUES ('03', '640401', '市辖区', '640400');
INSERT INTO `t_def_address` VALUES ('03', '640402', '原州区', '640400');
INSERT INTO `t_def_address` VALUES ('03', '640422', '西吉县', '640400');
INSERT INTO `t_def_address` VALUES ('03', '640423', '隆德县', '640400');
INSERT INTO `t_def_address` VALUES ('03', '640424', '泾源县', '640400');
INSERT INTO `t_def_address` VALUES ('03', '640425', '彭阳县', '640400');
INSERT INTO `t_def_address` VALUES ('03', '640501', '市辖区', '640500');
INSERT INTO `t_def_address` VALUES ('03', '640502', '沙坡头区', '640500');
INSERT INTO `t_def_address` VALUES ('03', '640521', '中宁县', '640500');
INSERT INTO `t_def_address` VALUES ('03', '640522', '海原县', '640500');
INSERT INTO `t_def_address` VALUES ('03', '650101', '市辖区', '650100');
INSERT INTO `t_def_address` VALUES ('03', '650102', '天山区', '650100');
INSERT INTO `t_def_address` VALUES ('03', '650103', '沙依巴克区', '650100');
INSERT INTO `t_def_address` VALUES ('03', '650104', '新市区', '650100');
INSERT INTO `t_def_address` VALUES ('03', '650105', '水磨沟区', '650100');
INSERT INTO `t_def_address` VALUES ('03', '650106', '头屯河区', '650100');
INSERT INTO `t_def_address` VALUES ('03', '650107', '达坂城区', '650100');
INSERT INTO `t_def_address` VALUES ('03', '650108', '东山区', '650100');
INSERT INTO `t_def_address` VALUES ('03', '650121', '乌鲁木齐县', '650100');
INSERT INTO `t_def_address` VALUES ('03', '650201', '市辖区', '650200');
INSERT INTO `t_def_address` VALUES ('03', '650202', '独山子区', '650200');
INSERT INTO `t_def_address` VALUES ('03', '650203', '克拉玛依区', '650200');
INSERT INTO `t_def_address` VALUES ('03', '650204', '白碱滩区', '650200');
INSERT INTO `t_def_address` VALUES ('03', '650205', '乌尔禾区', '650200');
INSERT INTO `t_def_address` VALUES ('03', '652101', '吐鲁番市', '652100');
INSERT INTO `t_def_address` VALUES ('03', '652122', '鄯善县', '652100');
INSERT INTO `t_def_address` VALUES ('03', '652123', '托克逊县', '652100');
INSERT INTO `t_def_address` VALUES ('03', '652201', '哈密市', '652200');
INSERT INTO `t_def_address` VALUES ('03', '652222', '哈密巴里坤哈萨克自治县', '652200');
INSERT INTO `t_def_address` VALUES ('03', '652223', '伊吾县', '652200');
INSERT INTO `t_def_address` VALUES ('03', '652301', '昌吉市', '652300');
INSERT INTO `t_def_address` VALUES ('03', '652302', '阜康市', '652300');
INSERT INTO `t_def_address` VALUES ('03', '652303', '米泉市', '652300');
INSERT INTO `t_def_address` VALUES ('03', '652323', '呼图壁县', '652300');
INSERT INTO `t_def_address` VALUES ('03', '652324', '玛纳斯县', '652300');
INSERT INTO `t_def_address` VALUES ('03', '652325', '奇台县', '652300');
INSERT INTO `t_def_address` VALUES ('03', '652327', '吉木萨尔县', '652300');
INSERT INTO `t_def_address` VALUES ('03', '652328', '木垒哈萨克自治县', '652300');
INSERT INTO `t_def_address` VALUES ('03', '652701', '博乐市', '652700');
INSERT INTO `t_def_address` VALUES ('03', '652722', '精河县', '652700');
INSERT INTO `t_def_address` VALUES ('03', '652723', '温泉县', '652700');
INSERT INTO `t_def_address` VALUES ('03', '652801', '库尔勒市', '652800');
INSERT INTO `t_def_address` VALUES ('03', '652822', '轮台县', '652800');
INSERT INTO `t_def_address` VALUES ('03', '652823', '尉犁县', '652800');
INSERT INTO `t_def_address` VALUES ('03', '652824', '若羌县', '652800');
INSERT INTO `t_def_address` VALUES ('03', '652825', '且末县', '652800');
INSERT INTO `t_def_address` VALUES ('03', '652826', '巴音郭楞焉耆回族自治县', '652800');
INSERT INTO `t_def_address` VALUES ('03', '652827', '和静县', '652800');
INSERT INTO `t_def_address` VALUES ('03', '652828', '和硕县', '652800');
INSERT INTO `t_def_address` VALUES ('03', '652829', '博湖县', '652800');
INSERT INTO `t_def_address` VALUES ('03', '652901', '阿克苏市', '652900');
INSERT INTO `t_def_address` VALUES ('03', '652922', '温宿县', '652900');
INSERT INTO `t_def_address` VALUES ('03', '652923', '库车县', '652900');
INSERT INTO `t_def_address` VALUES ('03', '652924', '沙雅县', '652900');
INSERT INTO `t_def_address` VALUES ('03', '652925', '新和县', '652900');
INSERT INTO `t_def_address` VALUES ('03', '652926', '拜城县', '652900');
INSERT INTO `t_def_address` VALUES ('03', '652927', '乌什县', '652900');
INSERT INTO `t_def_address` VALUES ('03', '652928', '阿瓦提县', '652900');
INSERT INTO `t_def_address` VALUES ('03', '652929', '柯坪县', '652900');
INSERT INTO `t_def_address` VALUES ('03', '653001', '阿图什市', '653000');
INSERT INTO `t_def_address` VALUES ('03', '653022', '阿克陶县', '653000');
INSERT INTO `t_def_address` VALUES ('03', '653023', '阿合奇县', '653000');
INSERT INTO `t_def_address` VALUES ('03', '653024', '乌恰县', '653000');
INSERT INTO `t_def_address` VALUES ('03', '653101', '喀什市', '653100');
INSERT INTO `t_def_address` VALUES ('03', '653121', '疏附县', '653100');
INSERT INTO `t_def_address` VALUES ('03', '653122', '疏勒县', '653100');
INSERT INTO `t_def_address` VALUES ('03', '653123', '英吉沙县', '653100');
INSERT INTO `t_def_address` VALUES ('03', '653124', '泽普县', '653100');
INSERT INTO `t_def_address` VALUES ('03', '653125', '莎车县', '653100');
INSERT INTO `t_def_address` VALUES ('03', '653126', '叶城县', '653100');
INSERT INTO `t_def_address` VALUES ('03', '653127', '麦盖提县', '653100');
INSERT INTO `t_def_address` VALUES ('03', '653128', '岳普湖县', '653100');
INSERT INTO `t_def_address` VALUES ('03', '653129', '伽师县', '653100');
INSERT INTO `t_def_address` VALUES ('03', '653130', '巴楚县', '653100');
INSERT INTO `t_def_address` VALUES ('03', '653131', '塔什库尔干塔吉克自治县', '653100');
INSERT INTO `t_def_address` VALUES ('03', '653201', '和田市', '653200');
INSERT INTO `t_def_address` VALUES ('03', '653221', '和田县', '653200');
INSERT INTO `t_def_address` VALUES ('03', '653222', '墨玉县', '653200');
INSERT INTO `t_def_address` VALUES ('03', '653223', '皮山县', '653200');
INSERT INTO `t_def_address` VALUES ('03', '653224', '洛浦县', '653200');
INSERT INTO `t_def_address` VALUES ('03', '653225', '策勒县', '653200');
INSERT INTO `t_def_address` VALUES ('03', '653226', '于田县', '653200');
INSERT INTO `t_def_address` VALUES ('03', '653227', '民丰县', '653200');
INSERT INTO `t_def_address` VALUES ('03', '654002', '伊宁市', '654000');
INSERT INTO `t_def_address` VALUES ('03', '654003', '奎屯市', '654000');
INSERT INTO `t_def_address` VALUES ('03', '654021', '伊宁县', '654000');
INSERT INTO `t_def_address` VALUES ('03', '654022', '察布查尔锡伯自治县', '654000');
INSERT INTO `t_def_address` VALUES ('03', '654023', '霍城县', '654000');
INSERT INTO `t_def_address` VALUES ('03', '654024', '巩留县', '654000');
INSERT INTO `t_def_address` VALUES ('03', '654025', '新源县', '654000');
INSERT INTO `t_def_address` VALUES ('03', '654026', '昭苏县', '654000');
INSERT INTO `t_def_address` VALUES ('03', '654027', '特克斯县', '654000');
INSERT INTO `t_def_address` VALUES ('03', '654028', '尼勒克县', '654000');
INSERT INTO `t_def_address` VALUES ('03', '654201', '塔城市', '654200');
INSERT INTO `t_def_address` VALUES ('03', '654202', '乌苏市', '654200');
INSERT INTO `t_def_address` VALUES ('03', '654221', '额敏县', '654200');
INSERT INTO `t_def_address` VALUES ('03', '654223', '沙湾县', '654200');
INSERT INTO `t_def_address` VALUES ('03', '654224', '托里县', '654200');
INSERT INTO `t_def_address` VALUES ('03', '654225', '裕民县', '654200');
INSERT INTO `t_def_address` VALUES ('03', '654226', '塔城和布克赛尔蒙古自治县', '654200');
INSERT INTO `t_def_address` VALUES ('03', '654301', '阿勒泰市', '654300');
INSERT INTO `t_def_address` VALUES ('03', '654321', '布尔津县', '654300');
INSERT INTO `t_def_address` VALUES ('03', '654322', '富蕴县', '654300');
INSERT INTO `t_def_address` VALUES ('03', '654323', '福海县', '654300');
INSERT INTO `t_def_address` VALUES ('03', '654324', '哈巴河县', '654300');
INSERT INTO `t_def_address` VALUES ('03', '654325', '青河县', '654300');
INSERT INTO `t_def_address` VALUES ('03', '654326', '吉木乃县', '654300');
INSERT INTO `t_def_address` VALUES ('03', '659001', '新疆石河子市', '659000');
INSERT INTO `t_def_address` VALUES ('03', '659002', '阿拉尔市', '659000');
INSERT INTO `t_def_address` VALUES ('03', '659003', '图木舒克市', '659000');
INSERT INTO `t_def_address` VALUES ('03', '659004', '五家渠市', '659000');
INSERT INTO `t_def_address` VALUES ('03', '710101', '中正区　', '710100');
INSERT INTO `t_def_address` VALUES ('03', '710102', '大同区', '710100');
INSERT INTO `t_def_address` VALUES ('03', '710103', '中山区', '710100');
INSERT INTO `t_def_address` VALUES ('03', '710104', '松山区', '710100');
INSERT INTO `t_def_address` VALUES ('03', '710105', '大安区', '710100');
INSERT INTO `t_def_address` VALUES ('03', '710106', '万华区', '710100');
INSERT INTO `t_def_address` VALUES ('03', '710107', '信义区', '710100');
INSERT INTO `t_def_address` VALUES ('03', '710108', '士林区', '710100');
INSERT INTO `t_def_address` VALUES ('03', '710109', '北投区', '710100');
INSERT INTO `t_def_address` VALUES ('03', '710110', '内湖区', '710100');
INSERT INTO `t_def_address` VALUES ('03', '710111', '南港区', '710100');
INSERT INTO `t_def_address` VALUES ('03', '710112', '文山区', '710100');
INSERT INTO `t_def_address` VALUES ('03', '710201', '新兴区', '710200');
INSERT INTO `t_def_address` VALUES ('03', '710202', '前金区', '710200');
INSERT INTO `t_def_address` VALUES ('03', '710203', '芩雅区', '710200');
INSERT INTO `t_def_address` VALUES ('03', '710204', '盐埕区', '710200');
INSERT INTO `t_def_address` VALUES ('03', '710205', '鼓山区', '710200');
INSERT INTO `t_def_address` VALUES ('03', '710206', '旗津区', '710200');
INSERT INTO `t_def_address` VALUES ('03', '710207', '前镇区', '710200');
INSERT INTO `t_def_address` VALUES ('03', '710208', '三民区', '710200');
INSERT INTO `t_def_address` VALUES ('03', '710209', '左营区', '710200');
INSERT INTO `t_def_address` VALUES ('03', '710210', '楠梓区', '710200');
INSERT INTO `t_def_address` VALUES ('03', '710211', '小港区', '710200');
INSERT INTO `t_def_address` VALUES ('03', '710301', '仁爱区', '710300');
INSERT INTO `t_def_address` VALUES ('03', '710302', '信义区', '710300');
INSERT INTO `t_def_address` VALUES ('03', '710303', '中正区', '710300');
INSERT INTO `t_def_address` VALUES ('03', '710304', '中山区', '710300');
INSERT INTO `t_def_address` VALUES ('03', '710305', '安乐区', '710300');
INSERT INTO `t_def_address` VALUES ('03', '710306', '暖暖区', '710300');
INSERT INTO `t_def_address` VALUES ('03', '710307', '七堵区', '710300');
INSERT INTO `t_def_address` VALUES ('03', '710401', '中区', '710400');
INSERT INTO `t_def_address` VALUES ('03', '710402', '东区', '710400');
INSERT INTO `t_def_address` VALUES ('03', '710403', '南区', '710400');
INSERT INTO `t_def_address` VALUES ('03', '710404', '西区', '710400');
INSERT INTO `t_def_address` VALUES ('03', '710405', '北区', '710400');
INSERT INTO `t_def_address` VALUES ('03', '710406', '北屯区', '710400');
INSERT INTO `t_def_address` VALUES ('03', '710407', '西屯区', '710400');
INSERT INTO `t_def_address` VALUES ('03', '710408', '南屯区', '710400');
INSERT INTO `t_def_address` VALUES ('03', '710501', '中西区', '710500');
INSERT INTO `t_def_address` VALUES ('03', '710502', '东区', '710500');
INSERT INTO `t_def_address` VALUES ('03', '710503', '南区', '710500');
INSERT INTO `t_def_address` VALUES ('03', '710504', '北区', '710500');
INSERT INTO `t_def_address` VALUES ('03', '710505', '安平区', '710500');
INSERT INTO `t_def_address` VALUES ('03', '710506', '安南区', '710500');
INSERT INTO `t_def_address` VALUES ('03', '710601', '东区', '710600');
INSERT INTO `t_def_address` VALUES ('03', '710602', '北区', '710600');
INSERT INTO `t_def_address` VALUES ('03', '710603', '香山区', '710600');
INSERT INTO `t_def_address` VALUES ('03', '710701', '东区', '710700');
INSERT INTO `t_def_address` VALUES ('03', '710702', '西区', '710700');
INSERT INTO `t_def_address` VALUES ('03', '710801', '台北县(板桥市)　', '710800');
INSERT INTO `t_def_address` VALUES ('03', '710901', '宜兰县(宜兰市)', '710900');
INSERT INTO `t_def_address` VALUES ('03', '711001', '新竹县(竹北市)', '711000');
INSERT INTO `t_def_address` VALUES ('03', '711101', '桃园县(桃园市)', '711100');
INSERT INTO `t_def_address` VALUES ('03', '711201', '苗栗县(苗栗市)', '711200');
INSERT INTO `t_def_address` VALUES ('03', '711301', '台中县(丰原市) ', '711300');
INSERT INTO `t_def_address` VALUES ('03', '711401', '彰化县(彰化市)', '711400');
INSERT INTO `t_def_address` VALUES ('03', '711501', '南投县(南投市)', '711500');
INSERT INTO `t_def_address` VALUES ('03', '711601', '嘉义县(太保市)', '711600');
INSERT INTO `t_def_address` VALUES ('03', '711701', '云林县(斗六市)', '711700');
INSERT INTO `t_def_address` VALUES ('03', '711801', '台南县(新营市)', '711800');
INSERT INTO `t_def_address` VALUES ('03', '711901', '高雄县(凤山市)', '711900');
INSERT INTO `t_def_address` VALUES ('03', '712001', '屏东县(屏东市)', '712000');
INSERT INTO `t_def_address` VALUES ('03', '712101', '台东县(台东市)　', '712100');
INSERT INTO `t_def_address` VALUES ('03', '712201', '花莲县(花莲市)', '712200');
INSERT INTO `t_def_address` VALUES ('03', '712301', '澎湖县(马公市)', '712300');
INSERT INTO `t_def_address` VALUES ('03', '810101', '中西区', '810100');
INSERT INTO `t_def_address` VALUES ('03', '810102', '东区', '810100');
INSERT INTO `t_def_address` VALUES ('03', '810103', '九龙城区', '810100');
INSERT INTO `t_def_address` VALUES ('03', '810104', '观塘区', '810100');
INSERT INTO `t_def_address` VALUES ('03', '810105', '南区', '810100');
INSERT INTO `t_def_address` VALUES ('03', '810106', '深水埗区', '810100');
INSERT INTO `t_def_address` VALUES ('03', '810107', '黄大仙区', '810100');
INSERT INTO `t_def_address` VALUES ('03', '810108', '湾仔区', '810100');
INSERT INTO `t_def_address` VALUES ('03', '810109', '油尖旺区', '810100');
INSERT INTO `t_def_address` VALUES ('03', '810110', '离岛区', '810100');
INSERT INTO `t_def_address` VALUES ('03', '810111', '葵青区', '810100');
INSERT INTO `t_def_address` VALUES ('03', '810112', '北区', '810100');
INSERT INTO `t_def_address` VALUES ('03', '810113', '西贡区', '810100');
INSERT INTO `t_def_address` VALUES ('03', '810114', '沙田区', '810100');
INSERT INTO `t_def_address` VALUES ('03', '810115', '屯门区', '810100');
INSERT INTO `t_def_address` VALUES ('03', '810116', '大埔区', '810100');
INSERT INTO `t_def_address` VALUES ('03', '810117', '荃湾区', '810100');
INSERT INTO `t_def_address` VALUES ('03', '810118', '元朗区', '810100');

-- ----------------------------
-- Table structure for t_def_bank
-- ----------------------------
DROP TABLE IF EXISTS `t_def_bank`;
CREATE TABLE `t_def_bank` (
  `BANK_ID` bigint(20) NOT NULL AUTO_INCREMENT,
  `BANK_CODE` varchar(20) NOT NULL,
  `BANK_NAME` varchar(60) NOT NULL,
  `BANK_ALIAS` varchar(60) DEFAULT NULL,
  PRIMARY KEY (`BANK_ID`)
) ENGINE=InnoDB AUTO_INCREMENT=100159 DEFAULT CHARSET=utf8;

-- ----------------------------
-- Records of t_def_bank
-- ----------------------------
INSERT INTO `t_def_bank` VALUES ('100000', 'ICBC', '中国工商银行', '工行');
INSERT INTO `t_def_bank` VALUES ('100001', 'BOC', '中国银行', '中国银行');
INSERT INTO `t_def_bank` VALUES ('100002', 'CCCB', '城市商业银行', '城市商业银行');
INSERT INTO `t_def_bank` VALUES ('100003', 'DGCB', '东莞银行', '东莞银行');
INSERT INTO `t_def_bank` VALUES ('100004', 'GDB', '广发行', '广发行');
INSERT INTO `t_def_bank` VALUES ('100005', 'CitiBank', '美国花旗银行', '美国花旗银行');
INSERT INTO `t_def_bank` VALUES ('100006', 'HXB', '华夏银行', '华夏银行');
INSERT INTO `t_def_bank` VALUES ('100007', 'BOCOM', '交通银行', '交行');
INSERT INTO `t_def_bank` VALUES ('100008', 'HSBC', '汇丰银行', '汇丰银行');
INSERT INTO `t_def_bank` VALUES ('100009', 'CMBC', '中国民生银行', '民生银行');
INSERT INTO `t_def_bank` VALUES ('100010', 'BON', '南京银行', '南京银行');
INSERT INTO `t_def_bank` VALUES ('100011', 'NBCB', '宁波银行', '宁波银行');
INSERT INTO `t_def_bank` VALUES ('100012', 'RCB', '农商行', '农商行');
INSERT INTO `t_def_bank` VALUES ('100013', 'RCU', '农信社', '农信社');
INSERT INTO `t_def_bank` VALUES ('100014', 'ABC', '中国农业银行', '农行');
INSERT INTO `t_def_bank` VALUES ('100015', 'SPDB', '浦发银行', '浦发银行');
INSERT INTO `t_def_bank` VALUES ('100016', 'SDB', '深发行', '深发行');
INSERT INTO `t_def_bank` VALUES ('100017', 'CMB', '招商银行', '招行');
INSERT INTO `t_def_bank` VALUES ('100018', 'ZZCCCB', '郑州银行', '郑州银行');
INSERT INTO `t_def_bank` VALUES ('100019', 'CITIC', '中信银行', '中信银行');
INSERT INTO `t_def_bank` VALUES ('100020', 'PSBC', '中国邮政储蓄银行', '中国邮政储蓄银行');
INSERT INTO `t_def_bank` VALUES ('100021', 'AllInPay', '通联', '通联');
INSERT INTO `t_def_bank` VALUES ('100022', 'GZELINK', '广银联', '广银联');
INSERT INTO `t_def_bank` VALUES ('100023', 'SCB', '渣打银行', '渣打银行');
INSERT INTO `t_def_bank` VALUES ('100024', 'CIB', '兴业银行', '兴业银行');
INSERT INTO `t_def_bank` VALUES ('100025', 'GTJA', '国泰君安', '国泰君安');
INSERT INTO `t_def_bank` VALUES ('100026', 'CICC', '中国国际金融有限公司', '中国国际金融有限公司');
INSERT INTO `t_def_bank` VALUES ('100027', 'CCB', '中国建设银行', '建行');
INSERT INTO `t_def_bank` VALUES ('100028', 'BOS', '上海银行', '上海银行');
INSERT INTO `t_def_bank` VALUES ('100029', 'BNPChina', '巴黎银行中国', '巴黎银行中国');
INSERT INTO `t_def_bank` VALUES ('100030', 'MUFJBANK', '日本三菱东京日联银行', '日本三菱东京日联银行');
INSERT INTO `t_def_bank` VALUES ('100031', 'UFJBANK', '日本日联银行', '日本日联银行');
INSERT INTO `t_def_bank` VALUES ('100032', 'BOXM', '美国建东银行', '美国建东银行');
INSERT INTO `t_def_bank` VALUES ('100033', 'DBSSG', '新加坡星展银行', '新加坡星展银行');
INSERT INTO `t_def_bank` VALUES ('100034', 'JPM', '美国摩根大通银行', '美国摩根大通银行');
INSERT INTO `t_def_bank` VALUES ('100035', 'BOA', '美国银行', '美国银行');
INSERT INTO `t_def_bank` VALUES ('100036', 'SG', '法国兴业银行', '法国兴业银行');
INSERT INTO `t_def_bank` VALUES ('100037', 'ABN AMRO', '荷兰银行', '荷兰银行');
INSERT INTO `t_def_bank` VALUES ('100038', 'DSSZ', '大新银行', '大新银行');
INSERT INTO `t_def_bank` VALUES ('100039', 'WHB', '永亨银行', '永亨银行');
INSERT INTO `t_def_bank` VALUES ('100040', 'DBSHK', '星展银行（香港）', '星展银行（香港）');
INSERT INTO `t_def_bank` VALUES ('100041', 'LCHS', '创兴银行有限公司', '创兴银行有限公司');
INSERT INTO `t_def_bank` VALUES ('100042', 'SHRB', '上海农村商业银行', '上海农村商业银行');
INSERT INTO `t_def_bank` VALUES ('100043', 'ChiyuBank', '集友银行', '集友银行');
INSERT INTO `t_def_bank` VALUES ('100044', 'BEA', '东亚银行', '东亚银行');
INSERT INTO `t_def_bank` VALUES ('100045', 'UCCO', '城市信用社', '城市信用社');
INSERT INTO `t_def_bank` VALUES ('100046', 'CQSX', '重庆三峡银行股份有限公司', '重庆三峡银行股份有限公司');
INSERT INTO `t_def_bank` VALUES ('100047', 'B0T', '村镇银行', '村镇银行');
INSERT INTO `t_def_bank` VALUES ('100048', 'HSBANK', '徽商银行', '徽商银行');
INSERT INTO `t_def_bank` VALUES ('100049', 'CBHB', '渤海银行', '渤海银行');
INSERT INTO `t_def_bank` VALUES ('100050', 'RCOB', '农村合作银行', '农村合作银行');
INSERT INTO `t_def_bank` VALUES ('100051', 'CZB', '浙商银行', '浙商银行');
INSERT INTO `t_def_bank` VALUES ('100052', 'EGBANK', '恒丰银行', '恒丰银行');
INSERT INTO `t_def_bank` VALUES ('100053', 'ADBC', '中国农业发展银行', '中国农业发展银行');
INSERT INTO `t_def_bank` VALUES ('100054', 'EXIMBC', '中国进出口银行', '中国进出口银行');
INSERT INTO `t_def_bank` VALUES ('100055', 'CDB', '国家开发银行', '国家开发银行');
INSERT INTO `t_def_bank` VALUES ('100056', 'GZRCB', '广州农村商业银行', '广州农村商业银行');
INSERT INTO `t_def_bank` VALUES ('100057', 'BBG', '北部湾银行', '北部湾银行');
INSERT INTO `t_def_bank` VALUES ('100058', 'HXBC', '华融湘江银行', '华融湘江银行');
INSERT INTO `t_def_bank` VALUES ('100059', 'CSCB', '长沙银行', '长沙银行');
INSERT INTO `t_def_bank` VALUES ('100060', 'KMCB', '富滇银行', '富滇银行');
INSERT INTO `t_def_bank` VALUES ('100061', 'LYOB', '洛阳市商业银行(洛阳银行)', '洛阳市商业银行(洛阳银行)');
INSERT INTO `t_def_bank` VALUES ('100062', 'LYCB', '临商银行', '临商银行');
INSERT INTO `t_def_bank` VALUES ('100063', 'NXCB', '宁夏银行', '宁夏银行');
INSERT INTO `t_def_bank` VALUES ('100064', 'WZCB', '温州银行', '温州银行');
INSERT INTO `t_def_bank` VALUES ('100065', 'ZBCB', '齐商银行', '齐商银行');
INSERT INTO `t_def_bank` VALUES ('100066', 'QDCB', '青岛银行', '青岛银行');
INSERT INTO `t_def_bank` VALUES ('100067', 'LZCB', '兰州银行', '兰州银行');
INSERT INTO `t_def_bank` VALUES ('100068', 'NCCB', '南昌银行', '南昌银行');
INSERT INTO `t_def_bank` VALUES ('100069', 'BTCB', '包商银行', '包商银行');
INSERT INTO `t_def_bank` VALUES ('100070', 'HBCB', '哈尔滨银行', '哈尔滨银行');
INSERT INTO `t_def_bank` VALUES ('100071', 'CQCB', '重庆银行', '重庆银行');
INSERT INTO `t_def_bank` VALUES ('100072', 'DLCB', '大连银行', '大连银行');
INSERT INTO `t_def_bank` VALUES ('100073', 'TJCB', '天津银行', '天津银行');
INSERT INTO `t_def_bank` VALUES ('100074', 'YCCB', '宜昌市商业银行', '宜昌市商业银行');
INSERT INTO `t_def_bank` VALUES ('100075', 'HZCB', '杭州银行股份有限公司', '杭州银行股份有限公司');
INSERT INTO `t_def_bank` VALUES ('100076', 'FSBK', '华一银行', '华一银行');
INSERT INTO `t_def_bank` VALUES ('100077', 'QBA', '青岛国际银行', '青岛国际银行');
INSERT INTO `t_def_bank` VALUES ('100078', 'CMBH', '华商银行', '华商银行');
INSERT INTO `t_def_bank` VALUES ('100079', 'PAB', '平安银行', '平安银行');
INSERT INTO `t_def_bank` VALUES ('100080', 'XIB', '厦门国际银行', '厦门国际银行');
INSERT INTO `t_def_bank` VALUES ('100081', 'CEB', '中国光大银行', '光大银行');
INSERT INTO `t_def_bank` VALUES ('100082', 'DresdnerBank', '德国德累斯登银行', '德国德累斯登银行');
INSERT INTO `t_def_bank` VALUES ('100083', 'DeutscheBank', '德意志银行', '德意志银行');
INSERT INTO `t_def_bank` VALUES ('100084', 'CommerzBank', '德国商业银行', '德国商业银行');
INSERT INTO `t_def_bank` VALUES ('100085', 'WDB', '德国西德银行', '德国西德银行');
INSERT INTO `t_def_bank` VALUES ('100086', 'bayernlb', '德国巴伐利亚州银行', '德国巴伐利亚州银行');
INSERT INTO `t_def_bank` VALUES ('100087', 'NLBG', '德国北德意志州银行', '德国北德意志州银行');
INSERT INTO `t_def_bank` VALUES ('100088', 'CGHS', '中德住房储蓄银行', '中德住房储蓄银行');
INSERT INTO `t_def_bank` VALUES ('100089', 'SPIMI', '意大利联合圣保罗银行股份有限公司', '意大利联合圣保罗银行股份有限公司');
INSERT INTO `t_def_bank` VALUES ('100090', 'CreditSuisse', '瑞士信贷银行', '瑞士信贷银行');
INSERT INTO `t_def_bank` VALUES ('100091', 'Scotiabank', '加拿大丰业银行', '加拿大丰业银行');
INSERT INTO `t_def_bank` VALUES ('100092', 'BMO', '加拿大蒙特利尔银行', '加拿大蒙特利尔银行');
INSERT INTO `t_def_bank` VALUES ('100093', 'ANZBANK', '澳大利亚和新西兰银行集团', '澳大利亚和新西兰银行集团');
INSERT INTO `t_def_bank` VALUES ('100094', 'MSBC', '摩根士丹利国际银行（中国）有限公司', '摩根士丹利国际银行（中国）有限公司');
INSERT INTO `t_def_bank` VALUES ('100095', 'Globrand', '德富泰银行', '德富泰银行');
INSERT INTO `t_def_bank` VALUES ('100096', 'UOBS', '大华银行（中国）有限公司', '大华银行（中国）有限公司');
INSERT INTO `t_def_bank` VALUES ('100097', 'BBPL', '泰国盘谷银行(大众有限公司)', '泰国盘谷银行(大众有限公司)');
INSERT INTO `t_def_bank` VALUES ('100098', 'RZB', '奥地利中央合作银行', '奥地利中央合作银行');
INSERT INTO `t_def_bank` VALUES ('100099', 'KBC', '比利时联合银行', '比利时联合银行');
INSERT INTO `t_def_bank` VALUES ('100100', 'BFB', '比利时富通银行有限公司', '比利时富通银行有限公司');
INSERT INTO `t_def_bank` VALUES ('100101', 'ING Bank', '荷兰商业银行', '荷兰商业银行');
INSERT INTO `t_def_bank` VALUES ('100102', 'RBS', '英国苏格兰皇家银行公众有限公司', '英国苏格兰皇家银行公众有限公司');
INSERT INTO `t_def_bank` VALUES ('100103', 'SBBank', '瑞典商业银行', '瑞典商业银行');
INSERT INTO `t_def_bank` VALUES ('100104', 'RBNA', '荷兰合作银行有限公司', '荷兰合作银行有限公司');
INSERT INTO `t_def_bank` VALUES ('100105', 'SHBC', '新韩银行（中国）有限公司', '新韩银行（中国）有限公司');
INSERT INTO `t_def_bank` VALUES ('100106', 'KDB', '韩国产业银行', '韩国产业银行');
INSERT INTO `t_def_bank` VALUES ('100107', 'WooriBank', '韩国友利银行', '韩国友利银行');
INSERT INTO `t_def_bank` VALUES ('100108', 'ShinhanBank', '韩国新韩银行', '韩国新韩银行');
INSERT INTO `t_def_bank` VALUES ('100109', 'KEB', '韩国外换银行', '韩国外换银行');
INSERT INTO `t_def_bank` VALUES ('100110', 'YamaguchiBANK', '日本山口银行', '日本山口银行');
INSERT INTO `t_def_bank` VALUES ('100111', 'Mizuhocbk', '日本瑞穗实业银行', '日本瑞穗实业银行');
INSERT INTO `t_def_bank` VALUES ('100112', 'SMBC', '日本三井住友银行', '日本三井住友银行');
INSERT INTO `t_def_bank` VALUES ('100113', 'HBC', '恒生银行', '恒生银行');
INSERT INTO `t_def_bank` VALUES ('100114', 'CSRB', '江苏常熟农村商业银行', '江苏常熟农村商业银行');
INSERT INTO `t_def_bank` VALUES ('100115', 'JYRB', '江苏江阴农村商业银行', '江苏江阴农村商业银行');
INSERT INTO `t_def_bank` VALUES ('100116', 'YTCB', '烟台市商业银行', '烟台市商业银行');
INSERT INTO `t_def_bank` VALUES ('100117', 'CDCB', '成都市商业银行', '成都市商业银行');
INSERT INTO `t_def_bank` VALUES ('100118', 'GYCB', '贵阳市商业银行', '贵阳市商业银行');
INSERT INTO `t_def_bank` VALUES ('100119', 'JNCB', '齐鲁银行', '齐鲁银行');
INSERT INTO `t_def_bank` VALUES ('100120', 'XACB', '西安市商业银行', '西安市商业银行');
INSERT INTO `t_def_bank` VALUES ('100121', 'BJRC', '北京农村商业银行', '北京农村商业银行');
INSERT INTO `t_def_bank` VALUES ('100122', 'BOB', '北京银行', '北京银行');
INSERT INTO `t_def_bank` VALUES ('100123', 'SZRB', '深圳农村商业银行', '深圳农村商业银行');
INSERT INTO `t_def_bank` VALUES ('100124', 'HOS', '韩国中小企业银行', '韩国中小企业银行');
INSERT INTO `t_def_bank` VALUES ('100125', 'HNBK', '韩亚银行(中国)有限公司', '韩亚银行(中国)有限公司');
INSERT INTO `t_def_bank` VALUES ('100126', 'CTBank', '首都银行', '首都银行');
INSERT INTO `t_def_bank` VALUES ('100127', 'OCBS', '华侨银行（中国）有限公司', '华侨银行（中国）有限公司');
INSERT INTO `t_def_bank` VALUES ('100128', 'SXCB', '绍兴银行股份有限公司', '绍兴银行股份有限公司');
INSERT INTO `t_def_bank` VALUES ('100129', 'UQCB', '乌鲁木齐市商业银行', '乌鲁木齐市商业银行');
INSERT INTO `t_def_bank` VALUES ('100130', 'SJCB', '石家庄市商业银行', '石家庄市商业银行');
INSERT INTO `t_def_bank` VALUES ('100131', 'QZCCB', '泉州市商业银行股份有限公司', '泉州市商业银行股份有限公司');
INSERT INTO `t_def_bank` VALUES ('100132', 'ASCB', '鞍山市商业银行股份有限公司', '鞍山市商业银行股份有限公司');
INSERT INTO `t_def_bank` VALUES ('100133', 'ZZCB', '株洲市商业银行', '株洲市商业银行');
INSERT INTO `t_def_bank` VALUES ('100134', 'ZJRB', '张家港农村商业银行', '张家港农村商业银行');
INSERT INTO `t_def_bank` VALUES ('100135', 'FZCB', '福州市商业银行', '福州市商业银行');
INSERT INTO `t_def_bank` VALUES ('100136', 'JDRCB', '江苏东吴农村商业银行', '江苏东吴农村商业银行');
INSERT INTO `t_def_bank` VALUES ('100137', 'WJRB', '吴江农村商业银行', '吴江农村商业银行');
INSERT INTO `t_def_bank` VALUES ('100138', 'SNEBank', '瑞典北欧斯安银行', '瑞典北欧斯安银行');
INSERT INTO `t_def_bank` VALUES ('100139', 'BNPParibas', '法国巴黎银行', '法国巴黎银行');
INSERT INTO `t_def_bank` VALUES ('100140', 'Calyon', '法国东方汇理银行', '法国东方汇理银行');
INSERT INTO `t_def_bank` VALUES ('100141', 'BFCE', '法国外贸银行股份有限公司', '法国外贸银行股份有限公司');
INSERT INTO `t_def_bank` VALUES ('100142', 'BOCHK', '中国银行（香港）', '中国银行（香港）');
INSERT INTO `t_def_bank` VALUES ('100143', 'NCB', '南洋商业银行', '南洋商业银行');
INSERT INTO `t_def_bank` VALUES ('100144', 'CUP', '中国银联', '中国银联');
INSERT INTO `t_def_bank` VALUES ('100145', 'BOM', '（澳门地区）银行', '（澳门地区）银行');
INSERT INTO `t_def_bank` VALUES ('100146', 'BOH', '（香港地区）银行', '（香港地区）银行');
INSERT INTO `t_def_bank` VALUES ('100147', 'JSBK', '江苏银行', '江苏银行');
INSERT INTO `t_def_bank` VALUES ('100148', 'YKCCCB', '营口银行', '营口银行');
INSERT INTO `t_def_bank` VALUES ('100149', 'GZCCCB', '广州商业银行', '广州商业银行');
INSERT INTO `t_def_bank` VALUES ('100150', 'DWRCU', '东莞农村商业银行', '东莞农村商业银行');
INSERT INTO `t_def_bank` VALUES ('100151', 'HBRCU', '湖北农信社', '湖北农信社');
INSERT INTO `t_def_bank` VALUES ('100152', 'SHENGJCB', '盛京银行', '盛京银行');
INSERT INTO `t_def_bank` VALUES ('100153', 'ZCCBBGS', '张家口市商业银行', '张家口市商业银行');
INSERT INTO `t_def_bank` VALUES ('100154', 'HZUB', '杭州联合农村商业银行', '杭州联合农村商业银行');
INSERT INTO `t_def_bank` VALUES ('100155', 'MTBk', '浙江民泰商业银行', '浙江民泰商业银行');
INSERT INTO `t_def_bank` VALUES ('100156', 'ZJTLCB', '浙江泰隆商业银行', '浙江泰隆商业银行');
INSERT INTO `t_def_bank` VALUES ('100157', 'ZJCCCO', '浙江省农村信用社', '浙江省农村信用社');
INSERT INTO `t_def_bank` VALUES ('100158', 'CZCB', '浙江稠州商业银行', '浙江稠州商业银行');

-- ----------------------------
-- Table structure for t_def_building
-- ----------------------------
DROP TABLE IF EXISTS `t_def_building`;
CREATE TABLE `t_def_building` (
  `BUILDING_ID` bigint(20) NOT NULL AUTO_INCREMENT,
  `BUILDING_CODE` varchar(20) DEFAULT NULL,
  `BUILDING_NAME` varchar(200) DEFAULT NULL,
  `BUILDING_TYPE` varchar(2) DEFAULT NULL,
  `STAY_NUM` bigint(10) DEFAULT NULL,
  `STAY_RATE` decimal(12,2) DEFAULT NULL,
  `STAR_DATE` date DEFAULT NULL,
  `DEVELOPER` varchar(200) DEFAULT NULL,
  `AVGPRICE` decimal(12,2) DEFAULT NULL,
  `PROPERTIES_YEARS` bigint(5) DEFAULT NULL,
  `PROVINCE` varchar(20) DEFAULT NULL,
  `CITY` varchar(20) DEFAULT NULL,
  `COUNTRY` varchar(40) DEFAULT NULL,
  `STREET` varchar(100) DEFAULT NULL,
  `ZIP_CODE` varchar(6) DEFAULT NULL,
  `ESTATE_TYPE` varchar(5) DEFAULT NULL,
  `ESTATE_PHONE` varchar(20) DEFAULT NULL,
  `CONTROL_AREA` varchar(20) DEFAULT NULL,
  `CONTROL_STATE` varchar(20) DEFAULT NULL,
  `CONTROL_HOURSE` bigint(5) DEFAULT NULL,
  `DEAL_DATE` date DEFAULT NULL,
  `RC_STATE` varchar(1) NOT NULL,
  `CREATE_DATE` datetime NOT NULL,
  `MODIFY_DATE` datetime NOT NULL,
  `OPER_COM_ID` bigint(20) NOT NULL,
  `CREATE_USER_ID` bigint(20) NOT NULL,
  `MODIFY_USER_ID` bigint(20) NOT NULL,
  `SERVICE_STORE_ID` bigint(20) DEFAULT NULL,
  `IS_COOPERATION` varchar(2) DEFAULT NULL,
  PRIMARY KEY (`BUILDING_ID`)
) ENGINE=InnoDB DEFAULT CHARSET=utf8;

-- ----------------------------
-- Records of t_def_building
-- ----------------------------

-- ----------------------------
-- Table structure for t_def_code
-- ----------------------------
DROP TABLE IF EXISTS `t_def_code`;
CREATE TABLE `t_def_code` (
  `CODE_TYPE` varchar(30) NOT NULL,
  `CODE` varchar(20) NOT NULL,
  `CODE_NAME` varchar(120) DEFAULT NULL,
  `CODE_ALIAS` varchar(120) DEFAULT NULL,
  `OTHER_SIGN` varchar(2000) DEFAULT NULL,
  PRIMARY KEY (`CODE_TYPE`,`CODE`)
) ENGINE=InnoDB DEFAULT CHARSET=utf8;

-- ----------------------------
-- Records of t_def_code
-- ----------------------------
INSERT INTO `t_def_code` VALUES ('addNetValueIsOrder', '01', '是', '是否生成预估短信', '');
INSERT INTO `t_def_code` VALUES ('addNetValueIsOrder', '02', '否', '是否生成预估短信', '');
INSERT INTO `t_def_code` VALUES ('addressType', '01', '工作地址', '地址类型', '');
INSERT INTO `t_def_code` VALUES ('addressType', '02', '家庭地址', '地址类型', '');
INSERT INTO `t_def_code` VALUES ('addressType', '03', '其它', '地址类型', '');
INSERT INTO `t_def_code` VALUES ('agencytype', '01', '信托', '合作机构类型', ' ');
INSERT INTO `t_def_code` VALUES ('agencytype', '02', '劵商', '合作机构类型', ' ');
INSERT INTO `t_def_code` VALUES ('agencytype', '03', '期货', '合作机构类型', ' ');
INSERT INTO `t_def_code` VALUES ('agencytype', '04', '私募投顾', '合作机构类型', ' ');
INSERT INTO `t_def_code` VALUES ('agencytype', '05', '基金子公司', '合作机构类型', ' ');
INSERT INTO `t_def_code` VALUES ('agencytype', '06', '劵商子公司', '合作机构类型', ' ');
INSERT INTO `t_def_code` VALUES ('agencytype', '07', '第三方', '合作机构类型', ' ');
INSERT INTO `t_def_code` VALUES ('agencytype', '08', '银行', '合作机构类型', ' ');
INSERT INTO `t_def_code` VALUES ('agencytype', '09', '保险', '合作机构类型', ' ');
INSERT INTO `t_def_code` VALUES ('agencytype', '10', '其他', '合作机构类型', ' ');
INSERT INTO `t_def_code` VALUES ('agentDuties', '01', '管理类', '理财经理从业经历职务', '');
INSERT INTO `t_def_code` VALUES ('agentDuties', '02', '销售类', '理财经理从业经历职务', '');
INSERT INTO `t_def_code` VALUES ('agentDuties', '03', '其他', '理财经理从业经历职务', '');
INSERT INTO `t_def_code` VALUES ('agentIsOrder', '01', '是', '是否指定理财经理', '');
INSERT INTO `t_def_code` VALUES ('agentIsOrder', '02', '否', '是否指定理财经理', '');
INSERT INTO `t_def_code` VALUES ('agentOccupation', '01', '金融', '理财经理从业经历行业', '');
INSERT INTO `t_def_code` VALUES ('agentOccupation', '02', '零售', '理财经理从业经历行业', '');
INSERT INTO `t_def_code` VALUES ('agentOccupation', '03', '其他', '理财经理从业经历行业', '');
INSERT INTO `t_def_code` VALUES ('agentRank', '01', '产品经理', '理财经理从业经历职级', '');
INSERT INTO `t_def_code` VALUES ('agentRank', '02', '高级产品经理', '理财经理从业经历职级', '');
INSERT INTO `t_def_code` VALUES ('agentRank', '03', '投资经理', '理财经理从业经历职级', '');
INSERT INTO `t_def_code` VALUES ('agentRank', '04', '高级投资经理', '理财经理从业经历职级', '');
INSERT INTO `t_def_code` VALUES ('agentRank', '05', '投资总监', '理财经理从业经历职级', '');
INSERT INTO `t_def_code` VALUES ('agentRank', '06', '运营经理', '理财经理从业经历职级', '');
INSERT INTO `t_def_code` VALUES ('agentRank', '07', '高级运营经理', '理财经理从业经历职级', '');
INSERT INTO `t_def_code` VALUES ('agentRank', '08', '行政内勤', '理财经理从业经历职级', '');
INSERT INTO `t_def_code` VALUES ('agentRank', '09', '销售管理', '理财经理从业经历职级', '');
INSERT INTO `t_def_code` VALUES ('agentRank', '10', '营销经理', '理财经理从业经历职级', '');
INSERT INTO `t_def_code` VALUES ('agentRank', '11', '营销总监', '理财经理从业经历职级', '');
INSERT INTO `t_def_code` VALUES ('agentRank', '12', '人事经理', '理财经理从业经历职级', '');
INSERT INTO `t_def_code` VALUES ('agentRank', '13', '人力资源总监', '理财经理从业经历职级', '');
INSERT INTO `t_def_code` VALUES ('agentRank', '14', '公司副总经理', '理财经理从业经历职级', '');
INSERT INTO `t_def_code` VALUES ('agentRank', '15', '公司总经理', '理财经理从业经历职级', '');
INSERT INTO `t_def_code` VALUES ('agentSubOccupation', '01', '银行', '理财经理从业经历行业小类', '');
INSERT INTO `t_def_code` VALUES ('agentSubOccupation', '02', '保险', '理财经理从业经历行业小类', '');
INSERT INTO `t_def_code` VALUES ('agentSubOccupation', '03', '证券', '理财经理从业经历行业小类', '');
INSERT INTO `t_def_code` VALUES ('agentSubOccupation', '04', '信托', '理财经理从业经历行业小类', '');
INSERT INTO `t_def_code` VALUES ('agentSubOccupation', '05', '第三方财富管理', '理财经理从业经历行业小类', '');
INSERT INTO `t_def_code` VALUES ('agentSubOccupation', '06', '商超', '理财经理从业经历行业小类', '');
INSERT INTO `t_def_code` VALUES ('agentSubOccupation', '07', '房地产', '理财经理从业经历行业小类', '');
INSERT INTO `t_def_code` VALUES ('agentSubOccupation', '08', '汽车', '理财经理从业经历行业小类', '');
INSERT INTO `t_def_code` VALUES ('agentSubOccupation', '09', '其他', '理财经理从业经历行业小类', '');
INSERT INTO `t_def_code` VALUES ('agentType', '01', '内勤', '理财顾问类别', '');
INSERT INTO `t_def_code` VALUES ('agentType', '02', '外勤', '理财顾问类别', '');
INSERT INTO `t_def_code` VALUES ('agentType', '03', '其它', '理财顾问类别', '');
INSERT INTO `t_def_code` VALUES ('assessParam', 'duration', '久期', '久期', '');
INSERT INTO `t_def_code` VALUES ('assessParam', 'payPeriod', '缴费期间', '缴费期间', '');
INSERT INTO `t_def_code` VALUES ('assessState', '1', '考核预警', '考核状态', '');
INSERT INTO `t_def_code` VALUES ('assessState', '2', '考核结转', '考核状态', '');
INSERT INTO `t_def_code` VALUES ('assessUnit', 'S', '半年', '考核单位', '');
INSERT INTO `t_def_code` VALUES ('assetComposition', '01', '存款', '资产构成', '');
INSERT INTO `t_def_code` VALUES ('assetComposition', '02', '股票', '资产构成', '');
INSERT INTO `t_def_code` VALUES ('assetComposition', '03', '债券', '资产构成', '');
INSERT INTO `t_def_code` VALUES ('assetComposition', '04', '房产', '资产构成', '');
INSERT INTO `t_def_code` VALUES ('assetComposition', '05', '房屋租赁', '资产构成', '');
INSERT INTO `t_def_code` VALUES ('assetComposition', '06', '房产投资', '资产构成', '');
INSERT INTO `t_def_code` VALUES ('assetComposition', '07', '其它', '资产构成', '');
INSERT INTO `t_def_code` VALUES ('autoRenewal', '0', '是', '自动续保要素单位', '');
INSERT INTO `t_def_code` VALUES ('autoRenewal', '1', '否', '自动续保要素单位', '');
INSERT INTO `t_def_code` VALUES ('bankCode', '100000', '中国银行', '银行编码', '');
INSERT INTO `t_def_code` VALUES ('bankCode', '110000', '中国工商银行', '银行编码', '');
INSERT INTO `t_def_code` VALUES ('bankCode', '120000', '中国建设银行', '银行编码', '');
INSERT INTO `t_def_code` VALUES ('bankCode', '130000', '中国农业银行', '银行编码', '');
INSERT INTO `t_def_code` VALUES ('bankCode', '140000', '中国邮政储蓄银行', '银行编码', '');
INSERT INTO `t_def_code` VALUES ('bankCode', '150000', '招商银行', '银行编码', '');
INSERT INTO `t_def_code` VALUES ('bankCode', '160000', '浦发银行', '银行编码', '');
INSERT INTO `t_def_code` VALUES ('bankCode', '170000', '中信银行', '银行编码', '');
INSERT INTO `t_def_code` VALUES ('bearStatus', '01', '未育', '生育状况', ' ');
INSERT INTO `t_def_code` VALUES ('bearStatus', '02', '已育', '生育状况', ' ');
INSERT INTO `t_def_code` VALUES ('beneficialType', '001', 'A类', '受益权类型要素单位', '');
INSERT INTO `t_def_code` VALUES ('beneficialType', '002', 'B类', '受益权类型要素单位', '');
INSERT INTO `t_def_code` VALUES ('beneficialType', '003', 'C类', '受益权类型要素单位', '');
INSERT INTO `t_def_code` VALUES ('beneficialType', '004', 'D类', '受益权类型要素单位', '');
INSERT INTO `t_def_code` VALUES ('beneficialType', '005', 'E类', '受益权类型要素单位', '');
INSERT INTO `t_def_code` VALUES ('beneficialType', '006', 'F类', '受益权类型要素单位', '');
INSERT INTO `t_def_code` VALUES ('beneficialType', '007', 'A1类', '受益权类型要素单位', '');
INSERT INTO `t_def_code` VALUES ('beneficialType', '008', 'A2类', '受益权类型要素单位', '');
INSERT INTO `t_def_code` VALUES ('beneficialType', '009', 'A3类', '受益权类型要素单位', '');
INSERT INTO `t_def_code` VALUES ('beneficialType', '010', 'A4类', '受益权类型要素单位', '');
INSERT INTO `t_def_code` VALUES ('beneficialType', '011', '优先级', '受益权类型要素单位', '');
INSERT INTO `t_def_code` VALUES ('beneficialType', '012', '中间级', '受益权类型要素单位', '');
INSERT INTO `t_def_code` VALUES ('beneficialType', '013', '劣后级', '受益权类型要素单位', '');
INSERT INTO `t_def_code` VALUES ('beneficialType', '014', '普通', '受益权类型要素单位', '');
INSERT INTO `t_def_code` VALUES ('beneficialType', '015', '未分类', '受益权类型要素单位', '');
INSERT INTO `t_def_code` VALUES ('beneficialType', '016', 'G类', '受益权类型要素单位', '');
INSERT INTO `t_def_code` VALUES ('beneficialType', '017', 'H类', '受益权类型要素单位', '');
INSERT INTO `t_def_code` VALUES ('beneficialType', '018', 'B1类', '受益权类型要素单位', '');
INSERT INTO `t_def_code` VALUES ('beneficialType', '019', 'B2类', '受益权类型要素单位', '');
INSERT INTO `t_def_code` VALUES ('beneficialType', '020', 'B3类', '受益权类型要素单位', '');
INSERT INTO `t_def_code` VALUES ('beneficialType', '021', 'C1类', '受益权类型要素单位', '');
INSERT INTO `t_def_code` VALUES ('beneficialType', '022', 'C2类', '受益权类型要素单位', '');
INSERT INTO `t_def_code` VALUES ('beneficialType', '023', 'C3类', '受益权类型要素单位', '');
INSERT INTO `t_def_code` VALUES ('birthMonth', '01', '一月', '出生月份', '');
INSERT INTO `t_def_code` VALUES ('birthMonth', '02', '二月', '出生月份', '');
INSERT INTO `t_def_code` VALUES ('birthMonth', '03', '三月', '出生月份', '');
INSERT INTO `t_def_code` VALUES ('birthMonth', '04', '四月', '出生月份', '');
INSERT INTO `t_def_code` VALUES ('birthMonth', '05', '五月', '出生月份', '');
INSERT INTO `t_def_code` VALUES ('birthMonth', '06', '六月', '出生月份', '');
INSERT INTO `t_def_code` VALUES ('birthMonth', '07', '七月', '出生月份', '');
INSERT INTO `t_def_code` VALUES ('birthMonth', '08', '八月', '出生月份', '');
INSERT INTO `t_def_code` VALUES ('birthMonth', '09', '九月', '出生月份', '');
INSERT INTO `t_def_code` VALUES ('birthMonth', '10', '十月', '出生月份', '');
INSERT INTO `t_def_code` VALUES ('birthMonth', '11', '十一月', '出生月份', '');
INSERT INTO `t_def_code` VALUES ('birthMonth', '12', '十二月', '出生月份', '');
INSERT INTO `t_def_code` VALUES ('bonusGetWay', '01', '累计生息', '红利领取方式要素单位', '');
INSERT INTO `t_def_code` VALUES ('bonusGetWay', '02', '抵交保费', '红利领取方式要素单位', '');
INSERT INTO `t_def_code` VALUES ('bonusGetWay', '03', '购买交清增额保险', '红利领取方式要素单位', '');
INSERT INTO `t_def_code` VALUES ('buildingtype', '1', '住宅', '楼盘类型', '');
INSERT INTO `t_def_code` VALUES ('buildingtype', '2', '排屋', '楼盘类型', '');
INSERT INTO `t_def_code` VALUES ('buildingtype', '3', '写字楼', '楼盘类型', '');
INSERT INTO `t_def_code` VALUES ('buildingtype', '4', '综合体', '楼盘类型', '');
INSERT INTO `t_def_code` VALUES ('businessSubType', '01', '升级签约视频', '产品类附件子类型', '15');
INSERT INTO `t_def_code` VALUES ('businessSubType', '02', '升级签约单', '产品类附件子类型', '15');
INSERT INTO `t_def_code` VALUES ('businessSubType', '03', '资产证明', '产品类附件子类型', '15');
INSERT INTO `t_def_code` VALUES ('businessSubType', '1', '资金端协议', '产品查询附件子类型', '09');
INSERT INTO `t_def_code` VALUES ('businessSubType', '101', '合同', '产品类附件子类型', '01');
INSERT INTO `t_def_code` VALUES ('businessSubType', '102', '风险提示书', '产品类附件子类型', '01');
INSERT INTO `t_def_code` VALUES ('businessSubType', '103', '推介材料', '产品类附件子类型', '01');
INSERT INTO `t_def_code` VALUES ('businessSubType', '104', '产品报告', '产品类附件子类型', '01');
INSERT INTO `t_def_code` VALUES ('businessSubType', '105', '产品底层材料', '产品类附件子类型', '14');
INSERT INTO `t_def_code` VALUES ('businessSubType', '2.1', '投资协议', '产品查询附件子类型', '09');
INSERT INTO `t_def_code` VALUES ('businessSubType', '2.2', '増信协议', '产品查询附件子类型', '09');
INSERT INTO `t_def_code` VALUES ('businessSubType', '3', '其他协议', '产品查询附件子类型', '09');
INSERT INTO `t_def_code` VALUES ('businessSubType', '4', '备案材料', '产品查询附件子类型', '09');
INSERT INTO `t_def_code` VALUES ('businessSubType', '5', '过会材料', '产品查询附件子类型', '09');
INSERT INTO `t_def_code` VALUES ('businessSubType', '6', '推介材料', '产品查询附件子类型', '09');
INSERT INTO `t_def_code` VALUES ('businessSubType', '7', '其他', '产品查询附件子类型', '09');
INSERT INTO `t_def_code` VALUES ('businessType', '01', '产品附件', '附件类型', '');
INSERT INTO `t_def_code` VALUES ('businessType', '02', '合作机构协议附件', '附件类型', '');
INSERT INTO `t_def_code` VALUES ('businessType', '03', '合作机构子协议附件', '附件类型', '');
INSERT INTO `t_def_code` VALUES ('businessType', '04', '交易附件', '附件类型', '');
INSERT INTO `t_def_code` VALUES ('businessType', '05', '门店相关附件', '附件类型', '');
INSERT INTO `t_def_code` VALUES ('businessType', '06', '赎回附件', '附件类型', '');
INSERT INTO `t_def_code` VALUES ('businessType', '07', '客户风控问卷', '附件类型', '');
INSERT INTO `t_def_code` VALUES ('businessType', '08', '调整凭证', '附件类型', '');
INSERT INTO `t_def_code` VALUES ('businessType', '10', '身份证图片', '附件类型', '');
INSERT INTO `t_def_code` VALUES ('businessType', '11', '银行卡图片', '附件类型', '');
INSERT INTO `t_def_code` VALUES ('businessType', '12', '资产证明', '附件类型', '');
INSERT INTO `t_def_code` VALUES ('businessType', '13', '交易信息视频', '附件类型', '');
INSERT INTO `t_def_code` VALUES ('businessType', '14', '底层材料', '附件类型', '');
INSERT INTO `t_def_code` VALUES ('businessType', '15', '客户升级材料', '附件类型', '');
INSERT INTO `t_def_code` VALUES ('businessType', '9', '产品查询附件', '附件类型', '');
INSERT INTO `t_def_code` VALUES ('certificationType', '01', '保险经纪资格证', '理财顾问资格证书', '');
INSERT INTO `t_def_code` VALUES ('certificationType', '02', '保险经纪执业资格证', '理财顾问资格证书', '');
INSERT INTO `t_def_code` VALUES ('certificationType', '03', '基金从业资格证', '理财顾问资格证书', '');
INSERT INTO `t_def_code` VALUES ('certificationType', '04', '证券从业资格证', '理财顾问资格证书', '');
INSERT INTO `t_def_code` VALUES ('certificationType', '05', 'AFP', '理财顾问资格证书', '');
INSERT INTO `t_def_code` VALUES ('changeType', '01', '部分转让', '基金份额转让类型', '');
INSERT INTO `t_def_code` VALUES ('changeType', '02', '全部转让', '基金份额转让类型', '');
INSERT INTO `t_def_code` VALUES ('cloPeriUnit', 'D', '天', '封闭期间数值单位', '');
INSERT INTO `t_def_code` VALUES ('cloPeriUnit', 'M', '月', '封闭期间数值单位', '');
INSERT INTO `t_def_code` VALUES ('cloPeriUnit', 'Y', '年', '封闭期间数值单位', '');
INSERT INTO `t_def_code` VALUES ('closeDperiodType', '1', '可赎回型封闭期', '封闭期类型', '');
INSERT INTO `t_def_code` VALUES ('closeDperiodType', '2', '不可赎回型封闭期', '封闭期类型', '');
INSERT INTO `t_def_code` VALUES ('closedPeriodUnit', 'D', '日', '封闭期单位要素单位', '');
INSERT INTO `t_def_code` VALUES ('closedPeriodUnit', 'M', '月', '封闭期单位要素单位', '');
INSERT INTO `t_def_code` VALUES ('closedPeriodUnit', 'Y', '年', '封闭期单位要素单位', '');
INSERT INTO `t_def_code` VALUES ('comGrade', '01', '总公司', '机构级别', '');
INSERT INTO `t_def_code` VALUES ('comGrade', '02', '分公司', '机构级别', '');
INSERT INTO `t_def_code` VALUES ('comGroup', 'A', '产品额度分配A组', '产品额度分配时分组', '');
INSERT INTO `t_def_code` VALUES ('comGroup', 'B', '产品额度分配B组', '产品额度分配时分组', '');
INSERT INTO `t_def_code` VALUES ('commissionType', '02', '销售佣金', '工资文件类型', '');
INSERT INTO `t_def_code` VALUES ('commissionType', '03', '国金交易佣金', '工资文件类型', '');
INSERT INTO `t_def_code` VALUES ('commissionType', '04', '海外投资佣金', '工资文件类型', '');
INSERT INTO `t_def_code` VALUES ('commissionType', '05', '补发利益', '工资文件类型', '');
INSERT INTO `t_def_code` VALUES ('commissionType', '06', '暂扣利益', '工资文件类型', '');
INSERT INTO `t_def_code` VALUES ('commissionType', '07', '项目端佣金', '工资文件类型', '');
INSERT INTO `t_def_code` VALUES ('commissionType', '08', '佣金总览', '工资文件类型', null);
INSERT INTO `t_def_code` VALUES ('comState', '01', '有效', '机构状态', '');
INSERT INTO `t_def_code` VALUES ('comState', '02', '失效', '机构状态', '');
INSERT INTO `t_def_code` VALUES ('contractStatus', '01', '已签署', '门店租赁合同状况', '');
INSERT INTO `t_def_code` VALUES ('contractStatus', '02', '未签署', '门店租赁合同状况', '');
INSERT INTO `t_def_code` VALUES ('controlState', '01', '已接管', '接管类型', ' ');
INSERT INTO `t_def_code` VALUES ('controlState', '02', '未接管', '接管类型', ' ');
INSERT INTO `t_def_code` VALUES ('currency', 'CAD', '加拿大元', '币种', '');
INSERT INTO `t_def_code` VALUES ('currency', 'CNY', '人民币', '币种', '');
INSERT INTO `t_def_code` VALUES ('currency', 'EUR', '欧元', '币种', '');
INSERT INTO `t_def_code` VALUES ('currency', 'GBP', '英镑', '币种', '');
INSERT INTO `t_def_code` VALUES ('currency', 'HKD', '港币', '币种', '');
INSERT INTO `t_def_code` VALUES ('currency', 'JPY', '日元', '币种', '');
INSERT INTO `t_def_code` VALUES ('currency', 'MOP', '澳门币', '币种', '');
INSERT INTO `t_def_code` VALUES ('currency', 'USD', '美元', '币种', '');
INSERT INTO `t_def_code` VALUES ('custAssetEstimate', '01', '50万以下', '客户投资信息', '');
INSERT INTO `t_def_code` VALUES ('custAssetEstimate', '02', '50万至300万', '客户投资信息', '');
INSERT INTO `t_def_code` VALUES ('custAssetEstimate', '03', '300万至1000万', '客户投资信息', '');
INSERT INTO `t_def_code` VALUES ('custAssetEstimate', '04', '1000万以上', '客户投资信息', '');
INSERT INTO `t_def_code` VALUES ('custCheckConclusion', '01', '通过', '客户升级审核结论', '');
INSERT INTO `t_def_code` VALUES ('custCheckConclusion', '02', '退回', '客户升级审核结论', '');
INSERT INTO `t_def_code` VALUES ('custLevel', '01', '签单客户', '客户级别', '');
INSERT INTO `t_def_code` VALUES ('custLevel', '02', '准客户', '客户级别', '');
INSERT INTO `t_def_code` VALUES ('custObtainWay', '01', '老客户', '客户获取方式', '');
INSERT INTO `t_def_code` VALUES ('custObtainWay', '02', '上门客户', '客户获取方式', '');
INSERT INTO `t_def_code` VALUES ('custObtainWay', '03', '转介绍', '客户获取方式', '');
INSERT INTO `t_def_code` VALUES ('custObtainWay', '04', '陌生拜访', '客户获取方式', '');
INSERT INTO `t_def_code` VALUES ('custObtainWay', '05', '亲朋好友', '客户获取方式', '');
INSERT INTO `t_def_code` VALUES ('custObtainWay', '06', '主顾开拓活动', '客户获取方式', '');
INSERT INTO `t_def_code` VALUES ('custObtainWay', '07', '网站微信', '客户获取方式', '');
INSERT INTO `t_def_code` VALUES ('customerHobby', '01', '养生保健', '客户兴趣爱好', '');
INSERT INTO `t_def_code` VALUES ('customerHobby', '02', '风水', '客户兴趣爱好', '');
INSERT INTO `t_def_code` VALUES ('customerHobby', '03', '奢侈品', '客户兴趣爱好', '');
INSERT INTO `t_def_code` VALUES ('customerHobby', '04', '红酒', '客户兴趣爱好', '');
INSERT INTO `t_def_code` VALUES ('customerHobby', '05', '雪茄', '客户兴趣爱好', '');
INSERT INTO `t_def_code` VALUES ('customerHobby', '06', '美容', '客户兴趣爱好', '');
INSERT INTO `t_def_code` VALUES ('customerHobby', '07', '旅游', '客户兴趣爱好', '');
INSERT INTO `t_def_code` VALUES ('customerHobby', '08', '收藏', '客户兴趣爱好', '');
INSERT INTO `t_def_code` VALUES ('customerHobby', '09', '高尔夫', '客户兴趣爱好', '');
INSERT INTO `t_def_code` VALUES ('customerHobby', '10', '名表', '客户兴趣爱好', '');
INSERT INTO `t_def_code` VALUES ('customerHobby', '11', '马术', '客户兴趣爱好', '');
INSERT INTO `t_def_code` VALUES ('customerHobby', '12', '帆船', '客户兴趣爱好', '');
INSERT INTO `t_def_code` VALUES ('customerHobby', '13', '跑车', '客户兴趣爱好', '');
INSERT INTO `t_def_code` VALUES ('customerHobby', '14', '品茶', '客户兴趣爱好', '');
INSERT INTO `t_def_code` VALUES ('customerHobby', '15', '慈善', '客户兴趣爱好', '');
INSERT INTO `t_def_code` VALUES ('customerHobby', '16', '珠宝', '客户兴趣爱好', '');
INSERT INTO `t_def_code` VALUES ('customerHobby', '17', '时尚派', '客户兴趣爱好', '');
INSERT INTO `t_def_code` VALUES ('customerHobby', '18', '极限运动', '客户兴趣爱好', '');
INSERT INTO `t_def_code` VALUES ('customerHobby', '19', '心理咨询', '客户兴趣爱好', '');
INSERT INTO `t_def_code` VALUES ('customerType', '01', '普通客户', '客户类型', '');
INSERT INTO `t_def_code` VALUES ('customerType', '02', '员工', '客户类型', '');
INSERT INTO `t_def_code` VALUES ('customerType', '03', '员工亲属', '客户类型', '');
INSERT INTO `t_def_code` VALUES ('customerType', '04', '渠道客户', '客户类型', '');
INSERT INTO `t_def_code` VALUES ('customerType', '05', '机构客户', '客户类型', '');
INSERT INTO `t_def_code` VALUES ('customerType', '06', '其他', '客户类型', '');
INSERT INTO `t_def_code` VALUES ('custOrderStatus', '01', '预约未打款', '客户预约状态', '');
INSERT INTO `t_def_code` VALUES ('custOrderStatus', '02', '全款已到账', '客户预约状态', '');
INSERT INTO `t_def_code` VALUES ('custOrderStatus', '03', '预约撤销', '客户预约状态', '');
INSERT INTO `t_def_code` VALUES ('custOrderStatus', '04', '预约队列中', '客户预约状态', '');
INSERT INTO `t_def_code` VALUES ('custOrderStatus', '05', '定金已到账', '客户预约状态', '');
INSERT INTO `t_def_code` VALUES ('custQuality', '01', '重要', '客户投资信息', '');
INSERT INTO `t_def_code` VALUES ('custQuality', '02', '普通', '客户投资信息', '');
INSERT INTO `t_def_code` VALUES ('custQuality', '03', '不重要', '客户投资信息', '');
INSERT INTO `t_def_code` VALUES ('custRiskLevel', '01', '保守型', '0', '30');
INSERT INTO `t_def_code` VALUES ('custRiskLevel', '02', '稳健型', '31', '60');
INSERT INTO `t_def_code` VALUES ('custRiskLevel', '03', '平衡型', '61', '90');
INSERT INTO `t_def_code` VALUES ('custRiskLevel', '04', '成长型', '91', '120');
INSERT INTO `t_def_code` VALUES ('custRiskLevel', '05', '进取型', '121', '150');
INSERT INTO `t_def_code` VALUES ('defaultAgent', 'CF04', '默认的理财师工号', '', '默认的理财师工号(接口)');
INSERT INTO `t_def_code` VALUES ('defaultFlag', '0', '否', '默认标记', '');
INSERT INTO `t_def_code` VALUES ('defaultFlag', '1', '是', '默认标记', '');
INSERT INTO `t_def_code` VALUES ('degree', '01', '博士后', '教育水平', '');
INSERT INTO `t_def_code` VALUES ('degree', '02', '博士研究生', '教育水平', '');
INSERT INTO `t_def_code` VALUES ('degree', '03', '硕士研究生', '教育水平', '');
INSERT INTO `t_def_code` VALUES ('degree', '04', '大学本科生', '教育水平', '');
INSERT INTO `t_def_code` VALUES ('degree', '05', '大学专科', '教育水平', '');
INSERT INTO `t_def_code` VALUES ('degree', '06', '中专', '教育水平', '');
INSERT INTO `t_def_code` VALUES ('degree', '07', '高中', '教育水平', '');
INSERT INTO `t_def_code` VALUES ('degree', '08', '初中', '教育水平', '');
INSERT INTO `t_def_code` VALUES ('degree', '09', '小学', '教育水平', '');
INSERT INTO `t_def_code` VALUES ('degree', '10', '小学以下', '教育水平', '');
INSERT INTO `t_def_code` VALUES ('degree', '11', '其它', '教育水平', '');
INSERT INTO `t_def_code` VALUES ('degree', '12', '不详', '教育水平', '');
INSERT INTO `t_def_code` VALUES ('departmentState', '0', '无效', '业务部状态', ' ');
INSERT INTO `t_def_code` VALUES ('departmentState', '1', '有效', '业务部状态', ' ');
INSERT INTO `t_def_code` VALUES ('distributeStatus', '01', '待分配', '收益分配状态', '');
INSERT INTO `t_def_code` VALUES ('distributeStatus', '02', '已分配', '收益分配状态', '');
INSERT INTO `t_def_code` VALUES ('docmentType', '01', '客户认购申请书', '客户认购书和申请书存放', '');
INSERT INTO `t_def_code` VALUES ('docmentType', '02', '客户认购确认书', '客户认购书和申请书存放', '');
INSERT INTO `t_def_code` VALUES ('education', '01', '博士后', '学历', ' ');
INSERT INTO `t_def_code` VALUES ('education', '02', '博士研究生', '学历', ' ');
INSERT INTO `t_def_code` VALUES ('education', '03', '硕士研究生', '学历', ' ');
INSERT INTO `t_def_code` VALUES ('education', '04', '大学本科生', '学历', ' ');
INSERT INTO `t_def_code` VALUES ('education', '05', '大学专科', '学历', ' ');
INSERT INTO `t_def_code` VALUES ('education', '06', '中专', '学历', ' ');
INSERT INTO `t_def_code` VALUES ('education', '07', '高中', '学历', ' ');
INSERT INTO `t_def_code` VALUES ('education', '08', '初中', '学历', ' ');
INSERT INTO `t_def_code` VALUES ('education', '09', '小学', '学历', ' ');
INSERT INTO `t_def_code` VALUES ('education', '10', '小学以下', '学历', ' ');
INSERT INTO `t_def_code` VALUES ('education', '12', '其它', '学历', ' ');
INSERT INTO `t_def_code` VALUES ('education', '99', '不详', '学历', ' ');
INSERT INTO `t_def_code` VALUES ('emailStatus', '01', '未发送', '邮件发送状态', '');
INSERT INTO `t_def_code` VALUES ('emailStatus', '02', '已发送', '邮件发送状态', '');
INSERT INTO `t_def_code` VALUES ('emailStatus', '03', '发送失败', '邮件发送状态', '');
INSERT INTO `t_def_code` VALUES ('emailType', '01', '交易录入邮件', '邮件类型', '');
INSERT INTO `t_def_code` VALUES ('emailType', '02', '交易审核邮件', '邮件类型', '');
INSERT INTO `t_def_code` VALUES ('emailType', '03', '赎回录入邮件', '邮件类型', '');
INSERT INTO `t_def_code` VALUES ('emailType', '04', '产品录入邮件', '邮件类型', '');
INSERT INTO `t_def_code` VALUES ('emailType', '05', '产品发布邮件', '邮件类型', '');
INSERT INTO `t_def_code` VALUES ('emailType', '06', '产品成立邮件', '邮件类型', '');
INSERT INTO `t_def_code` VALUES ('emailType', '07', '产品期间分配邮件', '邮件类型', '');
INSERT INTO `t_def_code` VALUES ('emailType', '08', '产品到期清算邮件', '邮件类型', '');
INSERT INTO `t_def_code` VALUES ('estatetype', '1', '巨鲸物业', '物业类型', ' ');
INSERT INTO `t_def_code` VALUES ('estatetype', '2', '非巨鲸物业', '物业类型', ' ');
INSERT INTO `t_def_code` VALUES ('ethnicity', '01', '汉族', '民族', '');
INSERT INTO `t_def_code` VALUES ('ethnicity', '02', '蒙古族', '民族', '');
INSERT INTO `t_def_code` VALUES ('ethnicity', '03', '回族', '民族', '');
INSERT INTO `t_def_code` VALUES ('ethnicity', '04', '藏族', '民族', '');
INSERT INTO `t_def_code` VALUES ('ethnicity', '05', '维吾尔族', '民族', '');
INSERT INTO `t_def_code` VALUES ('ethnicity', '06', '苗族', '民族', '');
INSERT INTO `t_def_code` VALUES ('ethnicity', '07', '彝族', '民族', '');
INSERT INTO `t_def_code` VALUES ('ethnicity', '08', '壮族', '民族', '');
INSERT INTO `t_def_code` VALUES ('ethnicity', '09', '布依族', '民族', '');
INSERT INTO `t_def_code` VALUES ('ethnicity', '10', '朝鲜族', '民族', '');
INSERT INTO `t_def_code` VALUES ('ethnicity', '11', '满族', '民族', '');
INSERT INTO `t_def_code` VALUES ('ethnicity', '12', '侗族', '民族', '');
INSERT INTO `t_def_code` VALUES ('ethnicity', '13', '瑶族', '民族', '');
INSERT INTO `t_def_code` VALUES ('ethnicity', '14', '白族', '民族', '');
INSERT INTO `t_def_code` VALUES ('ethnicity', '15', '土家族', '民族', '');
INSERT INTO `t_def_code` VALUES ('ethnicity', '16', '哈尼族', '民族', '');
INSERT INTO `t_def_code` VALUES ('ethnicity', '17', '哈萨克族', '民族', '');
INSERT INTO `t_def_code` VALUES ('ethnicity', '18', '傣族', '民族', '');
INSERT INTO `t_def_code` VALUES ('ethnicity', '19', '黎族', '民族', '');
INSERT INTO `t_def_code` VALUES ('ethnicity', '20', '傈僳族', '民族', '');
INSERT INTO `t_def_code` VALUES ('ethnicity', '21', '佤族', '民族', '');
INSERT INTO `t_def_code` VALUES ('ethnicity', '22', '畲族', '民族', '');
INSERT INTO `t_def_code` VALUES ('ethnicity', '23', '高山族', '民族', '');
INSERT INTO `t_def_code` VALUES ('ethnicity', '24', '拉祜族', '民族', '');
INSERT INTO `t_def_code` VALUES ('ethnicity', '25', '水族', '民族', '');
INSERT INTO `t_def_code` VALUES ('ethnicity', '26', '东乡族', '民族', '');
INSERT INTO `t_def_code` VALUES ('ethnicity', '27', '纳西族', '民族', '');
INSERT INTO `t_def_code` VALUES ('ethnicity', '28', '景颇族', '民族', '');
INSERT INTO `t_def_code` VALUES ('ethnicity', '29', '柯尔克孜族', '民族', '');
INSERT INTO `t_def_code` VALUES ('ethnicity', '30', '土族', '民族', '');
INSERT INTO `t_def_code` VALUES ('ethnicity', '31', '达斡尔族', '民族', '');
INSERT INTO `t_def_code` VALUES ('ethnicity', '32', '仫佬族', '民族', '');
INSERT INTO `t_def_code` VALUES ('ethnicity', '33', '羌族', '民族', '');
INSERT INTO `t_def_code` VALUES ('ethnicity', '34', '布朗族', '民族', '');
INSERT INTO `t_def_code` VALUES ('ethnicity', '35', '撒拉族', '民族', '');
INSERT INTO `t_def_code` VALUES ('ethnicity', '36', '毛难族', '民族', '');
INSERT INTO `t_def_code` VALUES ('ethnicity', '37', '仡佬族', '民族', '');
INSERT INTO `t_def_code` VALUES ('ethnicity', '38', '锡伯族', '民族', '');
INSERT INTO `t_def_code` VALUES ('ethnicity', '39', '阿昌族', '民族', '');
INSERT INTO `t_def_code` VALUES ('ethnicity', '40', '普米族', '民族', '');
INSERT INTO `t_def_code` VALUES ('ethnicity', '41', '塔吉克族', '民族', '');
INSERT INTO `t_def_code` VALUES ('ethnicity', '42', '怒族', '民族', '');
INSERT INTO `t_def_code` VALUES ('ethnicity', '43', '乌孜别克族', '民族', '');
INSERT INTO `t_def_code` VALUES ('ethnicity', '44', '俄罗斯族', '民族', '');
INSERT INTO `t_def_code` VALUES ('ethnicity', '45', '鄂温克族', '民族', '');
INSERT INTO `t_def_code` VALUES ('ethnicity', '46', '崩龙族', '民族', '');
INSERT INTO `t_def_code` VALUES ('ethnicity', '47', '保安族', '民族', '');
INSERT INTO `t_def_code` VALUES ('ethnicity', '48', '裕固族', '民族', '');
INSERT INTO `t_def_code` VALUES ('ethnicity', '49', '京族', '民族', '');
INSERT INTO `t_def_code` VALUES ('ethnicity', '50', '塔塔尔族', '民族', '');
INSERT INTO `t_def_code` VALUES ('ethnicity', '51', '独龙族', '民族', '');
INSERT INTO `t_def_code` VALUES ('ethnicity', '52', '鄂伦春族', '民族', '');
INSERT INTO `t_def_code` VALUES ('ethnicity', '53', '赫哲族', '民族', '');
INSERT INTO `t_def_code` VALUES ('ethnicity', '54', '门巴族', '民族', '');
INSERT INTO `t_def_code` VALUES ('ethnicity', '55', '珞巴族', '民族', '');
INSERT INTO `t_def_code` VALUES ('ethnicity', '56', '基诺族', '民族', '');
INSERT INTO `t_def_code` VALUES ('ethnicity', '57', '其他', '民族', '');
INSERT INTO `t_def_code` VALUES ('ethnicity', '58', '外国血统', '民族', '');
INSERT INTO `t_def_code` VALUES ('execState', '0', '无效', '保险费用比例执行状态', '');
INSERT INTO `t_def_code` VALUES ('execState', '1', '有效', '保险费用比例执行状态', '');
INSERT INTO `t_def_code` VALUES ('factorType', '0', '文本', '录入项类型', '');
INSERT INTO `t_def_code` VALUES ('factorType', '1', '下拉项', '录入项类型', '');
INSERT INTO `t_def_code` VALUES ('factorType', '2', '日期', '录入项类型', '');
INSERT INTO `t_def_code` VALUES ('factorType', '3', '数值', '录入项类型', '');
INSERT INTO `t_def_code` VALUES ('fdWealthCategory', '031', '私募基金', '浮动收益类产品类别', '');
INSERT INTO `t_def_code` VALUES ('fdWealthCategory', '032', '对冲基金', '浮动收益类产品类别', '');
INSERT INTO `t_def_code` VALUES ('fdWealthCategory', '033', '地产基金', '浮动收益类产品类别', '');
INSERT INTO `t_def_code` VALUES ('fileSavePath', '01', '/mnt/data/fms_upload/files/', '文件存储目录', '附件');
INSERT INTO `t_def_code` VALUES ('fileSavePath', '02', '/mnt/data/fms_upload/files/', '文件存储目录', '附件');
INSERT INTO `t_def_code` VALUES ('fileSavePath', '03', 'fms/agentImage/', '理财经理照片存储目录', '附件');
INSERT INTO `t_def_code` VALUES ('fileSavePath', '04', 'fms/storeImage/', '门店照片存储目录', '附件');
INSERT INTO `t_def_code` VALUES ('fileSavePath', '05', '/mnt/data/tradeVideo/', '交易视频存储目录', '文件保存目录');
INSERT INTO `t_def_code` VALUES ('fileSavePath', '06', '/mnt/data/investCustFile/', '升级客户文件存储目录', '文件保存目录');
INSERT INTO `t_def_code` VALUES ('fileSaveServer', '03', 'http://localhost:8888/', '文件存储服务器', '');
INSERT INTO `t_def_code` VALUES ('fileSaveServerParam', '01', 'http://localhost:8888/', '文件存储服务器访问地址', '');
INSERT INTO `t_def_code` VALUES ('fileSaveServerParam', '02', 'E:/wlbx/file', '文件存储服务器文档存储目录', '');
INSERT INTO `t_def_code` VALUES ('gdWealthCategory', '021', '政信', '固定收益类产品类别', '');
INSERT INTO `t_def_code` VALUES ('gdWealthCategory', '022', '地产', '固定收益类产品类别', '');
INSERT INTO `t_def_code` VALUES ('gdWealthCategory', '023', '其他', '固定收益类产品类别', '');
INSERT INTO `t_def_code` VALUES ('gdWealthCategory', '024', '并购夹层', '固定收益类产品类别', '');
INSERT INTO `t_def_code` VALUES ('gdWealthCategory', '025', '上市公司定增', '固定收益类产品类别', '');
INSERT INTO `t_def_code` VALUES ('gdWealthCategory', '026', '结构化证券', '固定收益类产品类别', '');
INSERT INTO `t_def_code` VALUES ('getTimeUnit', 'A', '岁', '起领区间单位要素单位', '');
INSERT INTO `t_def_code` VALUES ('getTimeUnit', 'D', '天', '起领区间单位要素单位', '');
INSERT INTO `t_def_code` VALUES ('getTimeUnit', 'M', '月', '起领区间单位要素单位', '');
INSERT INTO `t_def_code` VALUES ('getTimeUnit', 'Y', '年', '起领区间单位要素单位', '');
INSERT INTO `t_def_code` VALUES ('gqWealthCategory', '011', 'PE', '股权类产品类别', '');
INSERT INTO `t_def_code` VALUES ('gqWealthCategory', '012', '定向增发', '股权类产品类别', '');
INSERT INTO `t_def_code` VALUES ('gradeCode', '01', '一级', '级别', ' ');
INSERT INTO `t_def_code` VALUES ('gradeCode', '02', '二级', '级别', ' ');
INSERT INTO `t_def_code` VALUES ('gradeCode', '03', '三级', '级别', ' ');
INSERT INTO `t_def_code` VALUES ('historyInvestProject', '01', '信托计划', '历史投资项目', '');
INSERT INTO `t_def_code` VALUES ('historyInvestProject', '02', '资管计划', '历史投资项目', '');
INSERT INTO `t_def_code` VALUES ('historyInvestProject', '03', '私募基金', '历史投资项目', '');
INSERT INTO `t_def_code` VALUES ('historyInvestProject', '04', 'PE', '历史投资项目', '');
INSERT INTO `t_def_code` VALUES ('historyInvestProject', '05', '并购基金', '历史投资项目', '');
INSERT INTO `t_def_code` VALUES ('historyInvestProject', '06', '个人寿险', '历史投资项目', '');
INSERT INTO `t_def_code` VALUES ('historyInvestProject', '07', '银行大额存款', '历史投资项目', '');
INSERT INTO `t_def_code` VALUES ('historyInvestProject', '08', '新三板', '历史投资项目', '');
INSERT INTO `t_def_code` VALUES ('historyInvestProject', '09', 'P2P', '历史投资项目', '');
INSERT INTO `t_def_code` VALUES ('historyInvestProject', '10', '贷款', '历史投资项目', '');
INSERT INTO `t_def_code` VALUES ('historyInvestProject', '11', '其他', '历史投资项目', '');
INSERT INTO `t_def_code` VALUES ('houseState', '01', '单位分配', '房产状况', '');
INSERT INTO `t_def_code` VALUES ('houseState', '02', '自购无贷款', '房产状况', '');
INSERT INTO `t_def_code` VALUES ('houseState', '03', '自购有贷款', '房产状况', '');
INSERT INTO `t_def_code` VALUES ('houseState', '04', '租用', '房产状况', '');
INSERT INTO `t_def_code` VALUES ('houseState', '05', '亲属住房', '房产状况', '');
INSERT INTO `t_def_code` VALUES ('houseState', '06', '其它', '房产状况', '');
INSERT INTO `t_def_code` VALUES ('houseType', '01', '单位分配', '房产状况', '');
INSERT INTO `t_def_code` VALUES ('houseType', '02', '自购无贷款', '房产状况', '');
INSERT INTO `t_def_code` VALUES ('houseType', '03', '自购有贷款', '房产状况', '');
INSERT INTO `t_def_code` VALUES ('houseType', '04', '租用', '房产状况', '');
INSERT INTO `t_def_code` VALUES ('houseType', '05', '亲属住房', '房产状况', '');
INSERT INTO `t_def_code` VALUES ('houseType', '06', '其他', '房产状况', '');
INSERT INTO `t_def_code` VALUES ('idType', '0', '其它', '证件类型', ' ');
INSERT INTO `t_def_code` VALUES ('idType', '1', '身份证', '证件类型', ' ');
INSERT INTO `t_def_code` VALUES ('idType', '2', '护照', '证件类型', ' ');
INSERT INTO `t_def_code` VALUES ('idType', '3', '军官证', '证件类型', ' ');
INSERT INTO `t_def_code` VALUES ('idType', '4', '港澳通行证', '证件类型', ' ');
INSERT INTO `t_def_code` VALUES ('idType', '5', '台胞证', '证件类型', ' ');
INSERT INTO `t_def_code` VALUES ('idType', '6', '户口本', '证件类型', ' ');
INSERT INTO `t_def_code` VALUES ('idType', '7', '营业执照', '证件类型', ' ');
INSERT INTO `t_def_code` VALUES ('idType', '8', '组织机构代码证', '证件类型', ' ');
INSERT INTO `t_def_code` VALUES ('idType', '9', '税务登记证', '证件类型', ' ');
INSERT INTO `t_def_code` VALUES ('incomeSource', '01', '薪酬', '收入来源', '');
INSERT INTO `t_def_code` VALUES ('incomeSource', '02', '企业经营', '收入来源', '');
INSERT INTO `t_def_code` VALUES ('incomeSource', '03', '股息分红', '收入来源', '');
INSERT INTO `t_def_code` VALUES ('incomeSource', '04', '投资理财', '收入来源', '');
INSERT INTO `t_def_code` VALUES ('incomeSource', '05', '房屋租赁', '收入来源', '');
INSERT INTO `t_def_code` VALUES ('incomeSource', '06', '房产投资', '收入来源', '');
INSERT INTO `t_def_code` VALUES ('incomeSource', '07', '其它', '收入来源', '');
INSERT INTO `t_def_code` VALUES ('incomeWay', '01', '到期还本付息', '收益方式', '');
INSERT INTO `t_def_code` VALUES ('incomeWay', '02', '月度付息', '收益方式', '');
INSERT INTO `t_def_code` VALUES ('incomeWay', '03', '季度付息', '收益方式', '');
INSERT INTO `t_def_code` VALUES ('incomeWay', '04', '半年付息', '收益方式', '');
INSERT INTO `t_def_code` VALUES ('incomeWay', '05', '择期付息', '收益方式', '');
INSERT INTO `t_def_code` VALUES ('incomeWay', '06', '年度付息', '收益方式', '');
INSERT INTO `t_def_code` VALUES ('insProSubType', '01', '个人寿险', '销售状态', '2');
INSERT INTO `t_def_code` VALUES ('insProSubType', '02', '车险', '销售状态', '2');
INSERT INTO `t_def_code` VALUES ('insProSubType', '03', '银保', '销售状态', '2');
INSERT INTO `t_def_code` VALUES ('insurdPeriodUnit', 'A', '岁', '保险期间要素单位', '');
INSERT INTO `t_def_code` VALUES ('insurdPeriodUnit', 'D', '天', '保险期间要素单位', '');
INSERT INTO `t_def_code` VALUES ('insurdPeriodUnit', 'E', '保终身', '保险期间要素单位', '');
INSERT INTO `t_def_code` VALUES ('insurdPeriodUnit', 'M', '月', '保险期间要素单位', '');
INSERT INTO `t_def_code` VALUES ('insurdPeriodUnit', 'Y', '年', '保险期间要素单位', '');
INSERT INTO `t_def_code` VALUES ('insuredDateUnit', 'D', '天', '投保年龄单位', '');
INSERT INTO `t_def_code` VALUES ('insuredDateUnit', 'M', '月', '投保年龄单位', '');
INSERT INTO `t_def_code` VALUES ('insuredDateUnit', 'Y', '岁', '投保年龄单位', '');
INSERT INTO `t_def_code` VALUES ('insuredFeeType', '01', '手续费', '保险类费用类型', '');
INSERT INTO `t_def_code` VALUES ('insuredFeeType', '02', '咨询服务费', '保险类费用类型', '');
INSERT INTO `t_def_code` VALUES ('insuredFeeType', '03', '营销费', '保险类费用类型', '');
INSERT INTO `t_def_code` VALUES ('insuredFeeType', '04', '其他', '保险类费用类型', '');
INSERT INTO `t_def_code` VALUES ('insurfactorCode', 'insuredYear', '保单年度', '保险费用类型参数', '');
INSERT INTO `t_def_code` VALUES ('insurObj', '0', '被保人', '保障对象', '');
INSERT INTO `t_def_code` VALUES ('insurObj', '1', '投保人', '保障对象', '');
INSERT INTO `t_def_code` VALUES ('insurPeriod', 'D', '天', '保障期间要素单位', '');
INSERT INTO `t_def_code` VALUES ('insurPeriod', 'M', '月', '保障期间要素单位', '');
INSERT INTO `t_def_code` VALUES ('insurPeriod', 'Y', '年', '保障期间要素单位', '');
INSERT INTO `t_def_code` VALUES ('internetProductSubType', '501', '汽车保险', '网销产品保险子类型', '005');
INSERT INTO `t_def_code` VALUES ('internetProductSubType', '502', '人身意外', '网销产品保险子类型', '005');
INSERT INTO `t_def_code` VALUES ('internetProductSubType', '503', '重疾防癌', '网销产品保险子类型', '005');
INSERT INTO `t_def_code` VALUES ('internetProductSubType', '504', '教育养老', '网销产品保险子类型', '005');
INSERT INTO `t_def_code` VALUES ('internetProductSubType', '505', '财税规划', '网销产品保险子类型', '005');
INSERT INTO `t_def_code` VALUES ('internetProductType', '001', '宝宝理财', '网销产品类型', '');
INSERT INTO `t_def_code` VALUES ('internetProductType', '002', '私募', '网销产品类型', '');
INSERT INTO `t_def_code` VALUES ('internetProductType', '003', '信托', '网销产品类型', '');
INSERT INTO `t_def_code` VALUES ('internetProductType', '004', '公募', '网销产品类型', '');
INSERT INTO `t_def_code` VALUES ('internetProductType', '005', '保险', '网销产品类型', '');
INSERT INTO `t_def_code` VALUES ('internetProductType', '006', '融资', '网销产品类型', '');
INSERT INTO `t_def_code` VALUES ('investAuditState', '01', '审核中', '投资客户审核状态', '');
INSERT INTO `t_def_code` VALUES ('investAuditState', '02', '退回', '投资客户审核状态', '');
INSERT INTO `t_def_code` VALUES ('investAuditState', '03', '', '投资客户审核状态', '');
INSERT INTO `t_def_code` VALUES ('investComposition', '01', '黄金', '投资构成', '');
INSERT INTO `t_def_code` VALUES ('investComposition', '02', '股票', '投资构成', '');
INSERT INTO `t_def_code` VALUES ('investComposition', '03', '债券', '投资构成', '');
INSERT INTO `t_def_code` VALUES ('investComposition', '04', '信托', '投资构成', '');
INSERT INTO `t_def_code` VALUES ('investComposition', '05', '艺术品', '投资构成', '');
INSERT INTO `t_def_code` VALUES ('investComposition', '06', '银行存款', '投资构成', '');
INSERT INTO `t_def_code` VALUES ('investComposition', '07', '银行理财', '投资构成', '');
INSERT INTO `t_def_code` VALUES ('investCustomerType', '01', '普通投资者', '投资客户类型', '');
INSERT INTO `t_def_code` VALUES ('investCustomerType', '02', '专业投资者', '投资客户类型', '');
INSERT INTO `t_def_code` VALUES ('investmentType', '01', '保险', '客户投资类型', '');
INSERT INTO `t_def_code` VALUES ('investProject', '01', '信托计划', '客户关注的投资项目', '');
INSERT INTO `t_def_code` VALUES ('investProject', '02', '资管计划', '客户关注的投资项目', '');
INSERT INTO `t_def_code` VALUES ('investProject', '03', '私募基金', '客户关注的投资项目', '');
INSERT INTO `t_def_code` VALUES ('investProject', '04', 'PE', '客户关注的投资项目', '');
INSERT INTO `t_def_code` VALUES ('investProject', '05', '并购基金', '客户关注的投资项目', '');
INSERT INTO `t_def_code` VALUES ('investProject', '06', '个人寿险', '客户关注的投资项目', '');
INSERT INTO `t_def_code` VALUES ('investProject', '07', '银行大额存款', '客户关注的投资项目', '');
INSERT INTO `t_def_code` VALUES ('investProject', '08', '新三板', '客户关注的投资项目', '');
INSERT INTO `t_def_code` VALUES ('investProject', '09', 'P2P', '客户关注的投资项目', '');
INSERT INTO `t_def_code` VALUES ('investProject', '10', '贷款', '客户关注的投资项目', '');
INSERT INTO `t_def_code` VALUES ('investProject', '11', '其他', '客户关注的投资项目', '');
INSERT INTO `t_def_code` VALUES ('isCooperation', '01', '是', '楼盘合作关系', '');
INSERT INTO `t_def_code` VALUES ('isCooperation', '02', '否', '楼盘合作关系', '');
INSERT INTO `t_def_code` VALUES ('isDrivingLicense', '01', '是', '是否有驾照', '');
INSERT INTO `t_def_code` VALUES ('isDrivingLicense', '02', '否', '是否有驾照', '');
INSERT INTO `t_def_code` VALUES ('isGoldenStateopen', '01', '是', '是否国金开户', '');
INSERT INTO `t_def_code` VALUES ('isGoldenStateopen', '02', '否', '是否国金开户', '');
INSERT INTO `t_def_code` VALUES ('isInviteCode', '01', '是', '是否需要邀请码', '');
INSERT INTO `t_def_code` VALUES ('isInviteCode', '02', '否', '是否需要邀请码', '');
INSERT INTO `t_def_code` VALUES ('isLeader', 'N', '否', '是否业务部负责人', '');
INSERT INTO `t_def_code` VALUES ('isLeader', 'Y', '是', '是否业务部负责人', '');
INSERT INTO `t_def_code` VALUES ('isOldCustomer', '01', '是', '是否老客户', '');
INSERT INTO `t_def_code` VALUES ('isOldCustomer', '02', '否', '是否老客户', '');
INSERT INTO `t_def_code` VALUES ('isOrder', '01', '是', '是否可预约', '');
INSERT INTO `t_def_code` VALUES ('isOrder', '02', '否', '是否可预约', '');
INSERT INTO `t_def_code` VALUES ('isOrNot', '0', '是', '是否XXX', '');
INSERT INTO `t_def_code` VALUES ('isOrNot', '1', '否', '是否XXX', '');
INSERT INTO `t_def_code` VALUES ('isPrintTradeConfirmPDF', '01', '是', '是否出具确认书', '');
INSERT INTO `t_def_code` VALUES ('isPrintTradeConfirmPDF', '02', '否', '是否出具确认书', '');
INSERT INTO `t_def_code` VALUES ('isProbationPeriod', '01', '是', '是否试用期', '');
INSERT INTO `t_def_code` VALUES ('isProbationPeriod', '02', '否', '是否试用期', '');
INSERT INTO `t_def_code` VALUES ('isUseContract', '01', '已使用', '合同号使用中', '');
INSERT INTO `t_def_code` VALUES ('isUseContract', '02', '未使用', '合同号没使用', '');
INSERT INTO `t_def_code` VALUES ('lateProcessWay', '01', '自动垫交', '逾期处理方式要素单位', '');
INSERT INTO `t_def_code` VALUES ('lateProcessWay', '02', '终止合同', '逾期处理方式要素单位', '');
INSERT INTO `t_def_code` VALUES ('lawExecState', '0', '停用', '基本法执行状态', '');
INSERT INTO `t_def_code` VALUES ('lawExecState', '1', '启用', '基本法执行状态', '');
INSERT INTO `t_def_code` VALUES ('level', '01', '低', '风险等级', '');
INSERT INTO `t_def_code` VALUES ('level', '02', '中低', '风险等级', '');
INSERT INTO `t_def_code` VALUES ('level', '03', '中', '风险等级', '');
INSERT INTO `t_def_code` VALUES ('level', '04', '中高', '风险等级', '');
INSERT INTO `t_def_code` VALUES ('level', '05', '高', '风险等级', '');
INSERT INTO `t_def_code` VALUES ('lifeStage', '01', '单身贵族', '人生阶段', '');
INSERT INTO `t_def_code` VALUES ('lifeStage', '02', '二人世界', '人生阶段', '');
INSERT INTO `t_def_code` VALUES ('lifeStage', '03', '有未成年子女', '人生阶段', '');
INSERT INTO `t_def_code` VALUES ('lifeStage', '04', '有成年子女', '人生阶段', '');
INSERT INTO `t_def_code` VALUES ('lifeStage', '05', '退休人生', '人生阶段', '');
INSERT INTO `t_def_code` VALUES ('loanProSubType', '01', '房屋抵押贷款', '产品子类型', null);
INSERT INTO `t_def_code` VALUES ('marriage', '01', '未婚', '婚姻状况', '');
INSERT INTO `t_def_code` VALUES ('marriage', '02', '已婚', '婚姻状况', '');
INSERT INTO `t_def_code` VALUES ('marriage', '03', '离婚', '婚姻状况', '');
INSERT INTO `t_def_code` VALUES ('marriage', '04', '再婚', '婚姻状况', '');
INSERT INTO `t_def_code` VALUES ('marriage', '05', '丧偶', '婚姻状况', '');
INSERT INTO `t_def_code` VALUES ('marriage', '06', '分居', '婚姻状况', '');
INSERT INTO `t_def_code` VALUES ('marriage', '07', '同居', '婚姻状况', '');
INSERT INTO `t_def_code` VALUES ('marriage', '08', '不详', '婚姻状况', '');
INSERT INTO `t_def_code` VALUES ('marriageStatus', '1', '未婚', '婚姻状况', ' ');
INSERT INTO `t_def_code` VALUES ('marriageStatus', '2', '已婚', '婚姻状况', ' ');
INSERT INTO `t_def_code` VALUES ('marriageStatus', '3', '离婚', '婚姻状况', ' ');
INSERT INTO `t_def_code` VALUES ('marriageStatus', '4', '再婚', '婚姻状况', ' ');
INSERT INTO `t_def_code` VALUES ('marriageStatus', '5', '丧偶', '婚姻状况', ' ');
INSERT INTO `t_def_code` VALUES ('marriageStatus', '6', '分居', '婚姻状况', ' ');
INSERT INTO `t_def_code` VALUES ('marriageStatus', '7', '同居', '婚姻状况', ' ');
INSERT INTO `t_def_code` VALUES ('marriageStatus', '8', '不详', '婚姻状况', ' ');
INSERT INTO `t_def_code` VALUES ('maxNoType', '01', '交易号码', '最大号码类型', '');
INSERT INTO `t_def_code` VALUES ('maxNoType', '02', '客户号', '最大号码类型', '');
INSERT INTO `t_def_code` VALUES ('maxNoType', '04', '产品预约号码', '最大号码类型', '');
INSERT INTO `t_def_code` VALUES ('nationality', '000', '不详', 'Unknown', '国籍');
INSERT INTO `t_def_code` VALUES ('nationality', '004', '阿富汗', 'I.S.of Afghanistan', '国籍');
INSERT INTO `t_def_code` VALUES ('nationality', '008', '阿尔巴尼亚', 'Albania', '国籍');
INSERT INTO `t_def_code` VALUES ('nationality', '010', '南极洲', 'Antarctica', '国籍');
INSERT INTO `t_def_code` VALUES ('nationality', '012', '阿尔及利亚', 'Algeria', '国籍');
INSERT INTO `t_def_code` VALUES ('nationality', '016', '美属萨摩亚', 'American Samoa', '国籍');
INSERT INTO `t_def_code` VALUES ('nationality', '020', '安道尔', 'Andorra', '国籍');
INSERT INTO `t_def_code` VALUES ('nationality', '024', '安哥拉', 'Angola', '国籍');
INSERT INTO `t_def_code` VALUES ('nationality', '028', '安提瓜和巴布拉', 'Antigua and Barbuda', '国籍');
INSERT INTO `t_def_code` VALUES ('nationality', '031', '阿塞拜疆共和国', 'Azerbaijan', '国籍');
INSERT INTO `t_def_code` VALUES ('nationality', '032', '阿根廷', 'Argentina', '国籍');
INSERT INTO `t_def_code` VALUES ('nationality', '036', '澳大利亚', 'Australia', '国籍');
INSERT INTO `t_def_code` VALUES ('nationality', '040', '澳地利', 'Austria', '国籍');
INSERT INTO `t_def_code` VALUES ('nationality', '044', '巴哈马 ', 'Bahamas', '国籍');
INSERT INTO `t_def_code` VALUES ('nationality', '048', '巴林', 'Bahrain', '国籍');
INSERT INTO `t_def_code` VALUES ('nationality', '050', '孟加拉国', 'Bangladesh', '国籍');
INSERT INTO `t_def_code` VALUES ('nationality', '051', '亚美尼亚共和国', 'Armenia', '国籍');
INSERT INTO `t_def_code` VALUES ('nationality', '052', '巴巴多斯', 'Barbados', '国籍');
INSERT INTO `t_def_code` VALUES ('nationality', '056', '比利时', 'Belgium', '国籍');
INSERT INTO `t_def_code` VALUES ('nationality', '060', '百慕大', 'Bermuda', '国籍');
INSERT INTO `t_def_code` VALUES ('nationality', '064', '布丹', 'Bhutan', '国籍');
INSERT INTO `t_def_code` VALUES ('nationality', '068', '玻利维亚', 'Bolivia', '国籍');
INSERT INTO `t_def_code` VALUES ('nationality', '070', '波斯尼亚和黑塞哥维那共和国', 'Bosnia and Herzegovina', '国籍');
INSERT INTO `t_def_code` VALUES ('nationality', '072', '博茨瓦纳', 'Botswana', '国籍');
INSERT INTO `t_def_code` VALUES ('nationality', '074', '布维岛', 'Bouverlsland', '国籍');
INSERT INTO `t_def_code` VALUES ('nationality', '076', '巴西', 'Brazil', '国籍');
INSERT INTO `t_def_code` VALUES ('nationality', '084', '伯利兹', 'Belize', '国籍');
INSERT INTO `t_def_code` VALUES ('nationality', '086', '英属印度洋领土', 'British Indian Ocean Territory', '国籍');
INSERT INTO `t_def_code` VALUES ('nationality', '090', '所罗门群岛', 'Solomon Islands', '国籍');
INSERT INTO `t_def_code` VALUES ('nationality', '092', '英属维尔克群岛', 'British Virgin Islands', '国籍');
INSERT INTO `t_def_code` VALUES ('nationality', '096', '文莱', 'Brunei', '国籍');
INSERT INTO `t_def_code` VALUES ('nationality', '100', '保加利亚', 'Bulgaria', '国籍');
INSERT INTO `t_def_code` VALUES ('nationality', '104', '缅甸', 'Burma', '国籍');
INSERT INTO `t_def_code` VALUES ('nationality', '108', '布隆迪', 'Burundi', '国籍');
INSERT INTO `t_def_code` VALUES ('nationality', '112', '白俄罗斯', 'Belarus', '国籍');
INSERT INTO `t_def_code` VALUES ('nationality', '116', '东埔寨', 'Cambodia', '国籍');
INSERT INTO `t_def_code` VALUES ('nationality', '120', '喀麦隆', 'Cameroon', '国籍');
INSERT INTO `t_def_code` VALUES ('nationality', '124', '加拿大', 'Ganada', '国籍');
INSERT INTO `t_def_code` VALUES ('nationality', '132', '佛得角', 'Cape Verde', '国籍');
INSERT INTO `t_def_code` VALUES ('nationality', '136', '开曼群岛', 'Cayman Islands', '国籍');
INSERT INTO `t_def_code` VALUES ('nationality', '140', '中非', 'Central Africa', '国籍');
INSERT INTO `t_def_code` VALUES ('nationality', '144', '斯里兰卡', 'Sri Lanka', '国籍');
INSERT INTO `t_def_code` VALUES ('nationality', '148', '乍得', 'Chad', '国籍');
INSERT INTO `t_def_code` VALUES ('nationality', '152', '智利', 'Chile', '国籍');
INSERT INTO `t_def_code` VALUES ('nationality', '156', '中国', 'China', '国籍');
INSERT INTO `t_def_code` VALUES ('nationality', '158', '附：台湾省', 'Taiwan Province of China', '国籍');
INSERT INTO `t_def_code` VALUES ('nationality', '162', '圣诞岛', 'Christmas Island', '国籍');
INSERT INTO `t_def_code` VALUES ('nationality', '166', '可可(基林)群岛', 'Cocos(keeling) Islands', '国籍');
INSERT INTO `t_def_code` VALUES ('nationality', '170', '哥伦比亚', 'Colombia', '国籍');
INSERT INTO `t_def_code` VALUES ('nationality', '174', '科摩罗', 'Comoros', '国籍');
INSERT INTO `t_def_code` VALUES ('nationality', '178', '刚果', 'Congo', '国籍');
INSERT INTO `t_def_code` VALUES ('nationality', '180', '扎伊尔', 'Zaire', '国籍');
INSERT INTO `t_def_code` VALUES ('nationality', '184', '库克群岛', 'Cook  Islands', '国籍');
INSERT INTO `t_def_code` VALUES ('nationality', '188', '哥斯达黎加', 'Costa Rica', '国籍');
INSERT INTO `t_def_code` VALUES ('nationality', '191', '克罗地亚共和国', 'Croatia', '国籍');
INSERT INTO `t_def_code` VALUES ('nationality', '192', '古巴', 'Cuba', '国籍');
INSERT INTO `t_def_code` VALUES ('nationality', '196', '塞蒲路斯', 'Cyprus', '国籍');
INSERT INTO `t_def_code` VALUES ('nationality', '202', '多米尼克联邦', 'Dominica', '国籍');
INSERT INTO `t_def_code` VALUES ('nationality', '203', '捷克共和国', 'Czech Republic', '国籍');
INSERT INTO `t_def_code` VALUES ('nationality', '204', '贝宁 ', 'Benin', '国籍');
INSERT INTO `t_def_code` VALUES ('nationality', '208', '丹麦', 'Denmark', '国籍');
INSERT INTO `t_def_code` VALUES ('nationality', '214', '多米尼加共和国', 'Dominican Republic', '国籍');
INSERT INTO `t_def_code` VALUES ('nationality', '218', '厄瓜多尔', 'Ecuador', '国籍');
INSERT INTO `t_def_code` VALUES ('nationality', '222', '萨尔瓦多', 'El Saluador', '国籍');
INSERT INTO `t_def_code` VALUES ('nationality', '226', '赤道几内亚', 'Equatorial Guinea', '国籍');
INSERT INTO `t_def_code` VALUES ('nationality', '231', '埃塞俄比亚', 'Egypt', '国籍');
INSERT INTO `t_def_code` VALUES ('nationality', '232', '厄立特里亚国', 'Eritrea', '国籍');
INSERT INTO `t_def_code` VALUES ('nationality', '233', '爱沙尼亚共和国', 'Estonia', '国籍');
INSERT INTO `t_def_code` VALUES ('nationality', '234', '法罗群岛', 'Faeroe Islands', '国籍');
INSERT INTO `t_def_code` VALUES ('nationality', '238', '马尔维纳斯群岛', 'Malvinas', '国籍');
INSERT INTO `t_def_code` VALUES ('nationality', '242', '斐济', 'Fiji', '国籍');
INSERT INTO `t_def_code` VALUES ('nationality', '246', '芬兰', 'Finland', '国籍');
INSERT INTO `t_def_code` VALUES ('nationality', '250', '法国', 'France', '国籍');
INSERT INTO `t_def_code` VALUES ('nationality', '254', '法属圭亚那', 'French guiana', '国籍');
INSERT INTO `t_def_code` VALUES ('nationality', '258', '法属波利尼西亚', 'French Polynesia', '国籍');
INSERT INTO `t_def_code` VALUES ('nationality', '260', '法属南部领土', 'French southern territories', '国籍');
INSERT INTO `t_def_code` VALUES ('nationality', '262', '吉布提共和国', 'Djibouti', '国籍');
INSERT INTO `t_def_code` VALUES ('nationality', '266', '加篷', 'Gabon', '国籍');
INSERT INTO `t_def_code` VALUES ('nationality', '268', '格鲁吉亚', 'Georgia', '国籍');
INSERT INTO `t_def_code` VALUES ('nationality', '270', '冈比亚', 'Gambia', '国籍');
INSERT INTO `t_def_code` VALUES ('nationality', '276', '徳意志联邦共和国', 'Germany', '国籍');
INSERT INTO `t_def_code` VALUES ('nationality', '288', '加纳', 'Ghana', '国籍');
INSERT INTO `t_def_code` VALUES ('nationality', '292', '直布罗陀', 'Gibraltar', '国籍');
INSERT INTO `t_def_code` VALUES ('nationality', '296', '基里巴斯', 'Kiribati', '国籍');
INSERT INTO `t_def_code` VALUES ('nationality', '300', '希腊', 'Greece', '国籍');
INSERT INTO `t_def_code` VALUES ('nationality', '304', '格陵兰', 'Greenland', '国籍');
INSERT INTO `t_def_code` VALUES ('nationality', '308', '格林纳达', 'Grenada', '国籍');
INSERT INTO `t_def_code` VALUES ('nationality', '312', '瓜德罗普', 'Guadeloupe', '国籍');
INSERT INTO `t_def_code` VALUES ('nationality', '316', '关岛', 'Guam', '国籍');
INSERT INTO `t_def_code` VALUES ('nationality', '320', '危地马拉', 'Guatemala', '国籍');
INSERT INTO `t_def_code` VALUES ('nationality', '324', '几内亚', 'Guinea', '国籍');
INSERT INTO `t_def_code` VALUES ('nationality', '328', '圭亚那', 'Guyana', '国籍');
INSERT INTO `t_def_code` VALUES ('nationality', '332', '海地', 'Haiti', '国籍');
INSERT INTO `t_def_code` VALUES ('nationality', '334', '赫德岛和麦克唐纳岛', 'Heard and Mc Donald Island', '国籍');
INSERT INTO `t_def_code` VALUES ('nationality', '336', '梵帝冈', 'Vatican', '国籍');
INSERT INTO `t_def_code` VALUES ('nationality', '340', '洪都拉斯', 'Honduras', '国籍');
INSERT INTO `t_def_code` VALUES ('nationality', '344', '香港', 'Hongkong', '国籍');
INSERT INTO `t_def_code` VALUES ('nationality', '348', '匈牙利', 'Hungary', '国籍');
INSERT INTO `t_def_code` VALUES ('nationality', '352', '冰岛', 'Lceland', '国籍');
INSERT INTO `t_def_code` VALUES ('nationality', '356', '印度', 'India', '国籍');
INSERT INTO `t_def_code` VALUES ('nationality', '360', '印度尼西亚', 'Lndonesia', '国籍');
INSERT INTO `t_def_code` VALUES ('nationality', '364', '伊朗', 'Lran', '国籍');
INSERT INTO `t_def_code` VALUES ('nationality', '368', '伊拉克', 'Lraq', '国籍');
INSERT INTO `t_def_code` VALUES ('nationality', '372', '爱尔兰', 'Ireland', '国籍');
INSERT INTO `t_def_code` VALUES ('nationality', '374', '巴勒斯坦 ', 'Palestine', '国籍');
INSERT INTO `t_def_code` VALUES ('nationality', '376', '以色列', 'Djibouti', '国籍');
INSERT INTO `t_def_code` VALUES ('nationality', '380', '意大利', 'Italy', '国籍');
INSERT INTO `t_def_code` VALUES ('nationality', '384', '科特迪瓦', 'Cote Divoire', '国籍');
INSERT INTO `t_def_code` VALUES ('nationality', '388', '牙买加', 'Jamaica', '国籍');
INSERT INTO `t_def_code` VALUES ('nationality', '392', '日本', 'Japan', '国籍');
INSERT INTO `t_def_code` VALUES ('nationality', '398', '哈萨克斯坦共和国', 'Kazakistan', '国籍');
INSERT INTO `t_def_code` VALUES ('nationality', '400', '约旦', 'Jordan ', '国籍');
INSERT INTO `t_def_code` VALUES ('nationality', '404', '肯尼亚', 'Kenya', '国籍');
INSERT INTO `t_def_code` VALUES ('nationality', '408', '朝鲜', 'Korea,PDR', '国籍');
INSERT INTO `t_def_code` VALUES ('nationality', '410', '大韩民国', 'Korea', '国籍');
INSERT INTO `t_def_code` VALUES ('nationality', '414', '科威特', 'Kuwait', '国籍');
INSERT INTO `t_def_code` VALUES ('nationality', '417', '吉尔吉斯共和国', 'Kyrgyz Repbulic', '国籍');
INSERT INTO `t_def_code` VALUES ('nationality', '418', '老挝', 'Laos', '国籍');
INSERT INTO `t_def_code` VALUES ('nationality', '422', '卢森堡', 'Luxembourg', '国籍');
INSERT INTO `t_def_code` VALUES ('nationality', '426', '莱索托', 'Lesotho', '国籍');
INSERT INTO `t_def_code` VALUES ('nationality', '428', '拉脱维亚共和国', 'Latavia', '国籍');
INSERT INTO `t_def_code` VALUES ('nationality', '430', '利比里亚', 'Liberia', '国籍');
INSERT INTO `t_def_code` VALUES ('nationality', '434', '利比亚', 'Libya ', '国籍');
INSERT INTO `t_def_code` VALUES ('nationality', '438', '列支敦土登', 'Liechterstein', '国籍');
INSERT INTO `t_def_code` VALUES ('nationality', '440', '立陶宛共和国', 'Lithuania', '国籍');
INSERT INTO `t_def_code` VALUES ('nationality', '442', '黎巴嫩', 'Lebanon', '国籍');
INSERT INTO `t_def_code` VALUES ('nationality', '446', '澳门', 'Macma', '国籍');
INSERT INTO `t_def_code` VALUES ('nationality', '450', '马达加斯加', 'Madagascar', '国籍');
INSERT INTO `t_def_code` VALUES ('nationality', '454', '马拉维', 'Malawi', '国籍');
INSERT INTO `t_def_code` VALUES ('nationality', '458', '马来西亞', 'Malaysia', '国籍');
INSERT INTO `t_def_code` VALUES ('nationality', '462', '马尔代夫', 'Maldives', '国籍');
INSERT INTO `t_def_code` VALUES ('nationality', '466', '马里', 'Mali', '国籍');
INSERT INTO `t_def_code` VALUES ('nationality', '470', '马耳他', 'Malta', '国籍');
INSERT INTO `t_def_code` VALUES ('nationality', '474', '马提尼克', 'Martinique', '国籍');
INSERT INTO `t_def_code` VALUES ('nationality', '478', '毛里塔尼亞', 'Mauritania', '国籍');
INSERT INTO `t_def_code` VALUES ('nationality', '480', '马里求斯', 'Mauritius', '国籍');
INSERT INTO `t_def_code` VALUES ('nationality', '484', '墨西哥', 'Mexico', '国籍');
INSERT INTO `t_def_code` VALUES ('nationality', '492', '摩纳哥', 'Monaco', '国籍');
INSERT INTO `t_def_code` VALUES ('nationality', '496', '蒙古', 'Mongolia', '国籍');
INSERT INTO `t_def_code` VALUES ('nationality', '498', '摩尔多瓦共和国', 'Moldova', '国籍');
INSERT INTO `t_def_code` VALUES ('nationality', '500', '蒙特塞拉特', 'Montserrat', '国籍');
INSERT INTO `t_def_code` VALUES ('nationality', '504', '摩洛哥', 'Morocco', '国籍');
INSERT INTO `t_def_code` VALUES ('nationality', '508', '莫桑比克', 'Mozambique', '国籍');
INSERT INTO `t_def_code` VALUES ('nationality', '512', '阿曼', 'United aArab Emirates', '国籍');
INSERT INTO `t_def_code` VALUES ('nationality', '516', '纳米比亚', 'Namibia ', '国籍');
INSERT INTO `t_def_code` VALUES ('nationality', '520', '瑙鲁', 'Nauru', '国籍');
INSERT INTO `t_def_code` VALUES ('nationality', '524', '尼伯尔', 'Nepal', '国籍');
INSERT INTO `t_def_code` VALUES ('nationality', '528', '荷兰', 'Netherlands', '国籍');
INSERT INTO `t_def_code` VALUES ('nationality', '530', '荷属安的列斯', 'Netherlands ANT', '国籍');
INSERT INTO `t_def_code` VALUES ('nationality', '533', '阿鲁巴', 'Aruba', '国籍');
INSERT INTO `t_def_code` VALUES ('nationality', '540', '新喀里多尼亚', 'New Calenonia', '国籍');
INSERT INTO `t_def_code` VALUES ('nationality', '548', '瓦努阿图', 'Vanuatu', '国籍');
INSERT INTO `t_def_code` VALUES ('nationality', '554', '新西兰', 'New Zealand', '国籍');
INSERT INTO `t_def_code` VALUES ('nationality', '558', '尼加拉瓜', 'Nicaragua', '国籍');
INSERT INTO `t_def_code` VALUES ('nationality', '562', '尼日尔', 'Niger', '国籍');
INSERT INTO `t_def_code` VALUES ('nationality', '566', '尼日利亚', 'Nigeria', '国籍');
INSERT INTO `t_def_code` VALUES ('nationality', '570', '钮埃', 'Niuelsland', '国籍');
INSERT INTO `t_def_code` VALUES ('nationality', '574', '诺福克岛', 'Norfolklsland', '国籍');
INSERT INTO `t_def_code` VALUES ('nationality', '578', '挪威', 'Norway', '国籍');
INSERT INTO `t_def_code` VALUES ('nationality', '581', '美属太平洋各群岛', 'US Miscellaneous Islands', '国籍');
INSERT INTO `t_def_code` VALUES ('nationality', '583', '密克罗尼西亚共和国', 'Micronesia', '国籍');
INSERT INTO `t_def_code` VALUES ('nationality', '584', '马绍尔群岛共和国', 'Maarshall Islands', '国籍');
INSERT INTO `t_def_code` VALUES ('nationality', '586', '巴基斯坦', 'Pakistan', '国籍');
INSERT INTO `t_def_code` VALUES ('nationality', '591', '巴拿马', 'Panama', '国籍');
INSERT INTO `t_def_code` VALUES ('nationality', '598', '巴布亚新几内亚', 'Papua New Guinea', '国籍');
INSERT INTO `t_def_code` VALUES ('nationality', '600', '巴拉圭', 'Paraguay', '国籍');
INSERT INTO `t_def_code` VALUES ('nationality', '604', '秘鲁', 'Peru', '国籍');
INSERT INTO `t_def_code` VALUES ('nationality', '608', '菲律宾', 'Philippines', '国籍');
INSERT INTO `t_def_code` VALUES ('nationality', '612', '皮特凯恩群岛', 'Pitacairn Islands Group', '国籍');
INSERT INTO `t_def_code` VALUES ('nationality', '616', '波兰', 'Poland', '国籍');
INSERT INTO `t_def_code` VALUES ('nationality', '620', '葡萄牙', 'Portugal', '国籍');
INSERT INTO `t_def_code` VALUES ('nationality', '624', '几内亚比绍', 'Guinea-bissau', '国籍');
INSERT INTO `t_def_code` VALUES ('nationality', '626', '东帝汶', 'East Timor', '国籍');
INSERT INTO `t_def_code` VALUES ('nationality', '630', '波多黎各', 'Puerto Rico', '国籍');
INSERT INTO `t_def_code` VALUES ('nationality', '634', '卡塔尔', 'Qatar', '国籍');
INSERT INTO `t_def_code` VALUES ('nationality', '638', '留尼汪', 'Reunion', '国籍');
INSERT INTO `t_def_code` VALUES ('nationality', '642', '罗马尼亚', 'Romania', '国籍');
INSERT INTO `t_def_code` VALUES ('nationality', '643', '俄罗斯联帮', 'Russia', '国籍');
INSERT INTO `t_def_code` VALUES ('nationality', '646', '卢旺达', 'Rwanda', '国籍');
INSERT INTO `t_def_code` VALUES ('nationality', '654', '圣赫勒拿', 'ST.Helena', '国籍');
INSERT INTO `t_def_code` VALUES ('nationality', '659', '圣基茨和尼维斯联邦', 'ST.Kitts and nevis', '国籍');
INSERT INTO `t_def_code` VALUES ('nationality', '660', '安圭拉', 'Anguilla', '国籍');
INSERT INTO `t_def_code` VALUES ('nationality', '662', '圣卢西亚', 'ST.Lucia', '国籍');
INSERT INTO `t_def_code` VALUES ('nationality', '666', '圣皮埃尔和密克隆', 'ST.Pierre and Miquelon', '国籍');
INSERT INTO `t_def_code` VALUES ('nationality', '670', '圣文森特和林纳丁斯', 'ST.Vincent and the Grenadines', '国籍');
INSERT INTO `t_def_code` VALUES ('nationality', '674', '圣马力诺', 'San Marino', '国籍');
INSERT INTO `t_def_code` VALUES ('nationality', '678', '圣多美和普林西比', 'Sao Tome and Principe', '国籍');
INSERT INTO `t_def_code` VALUES ('nationality', '682', '沙特阿拉伯', 'Saudi arabia', '国籍');
INSERT INTO `t_def_code` VALUES ('nationality', '686', '塞内加尔', 'Senegal', '国籍');
INSERT INTO `t_def_code` VALUES ('nationality', '690', '塞舌尔', 'Seychelles', '国籍');
INSERT INTO `t_def_code` VALUES ('nationality', '694', '塞拉利昂', 'Sierra Leone', '国籍');
INSERT INTO `t_def_code` VALUES ('nationality', '702', '新加坡', 'Singapore', '国籍');
INSERT INTO `t_def_code` VALUES ('nationality', '703', '斯洛伐克共和国', 'Slovad Republic', '国籍');
INSERT INTO `t_def_code` VALUES ('nationality', '704', '越南', 'Viet Nam', '国籍');
INSERT INTO `t_def_code` VALUES ('nationality', '705', '斯洛文尼亚共和国', 'Slovenia', '国籍');
INSERT INTO `t_def_code` VALUES ('nationality', '706', '索马里', 'Somalia', '国籍');
INSERT INTO `t_def_code` VALUES ('nationality', '710', '南非', 'South Africa', '国籍');
INSERT INTO `t_def_code` VALUES ('nationality', '716', '津巴布韦', 'Zimbabwe', '国籍');
INSERT INTO `t_def_code` VALUES ('nationality', '724', '西班牙', 'Spain', '国籍');
INSERT INTO `t_def_code` VALUES ('nationality', '732', '西撒哈拉', 'Western Sahara', '国籍');
INSERT INTO `t_def_code` VALUES ('nationality', '736', '苏丹', 'Sudan', '国籍');
INSERT INTO `t_def_code` VALUES ('nationality', '740', '苏里南', 'Suriname', '国籍');
INSERT INTO `t_def_code` VALUES ('nationality', '744', '斯瓦尔巴群岛', 'Svalbard and Jan Mayen Islands', '国籍');
INSERT INTO `t_def_code` VALUES ('nationality', '748', '斯威士兰', 'Swaziland', '国籍');
INSERT INTO `t_def_code` VALUES ('nationality', '752', '瑞典', 'Sweden', '国籍');
INSERT INTO `t_def_code` VALUES ('nationality', '756', '瑞士 ', 'Switzerland', '国籍');
INSERT INTO `t_def_code` VALUES ('nationality', '760', '叙利亚', 'Syria', '国籍');
INSERT INTO `t_def_code` VALUES ('nationality', '762', '塔吉克斯坦共和国', 'Tajikisan', '国籍');
INSERT INTO `t_def_code` VALUES ('nationality', '764', '泰国', 'Thailand', '国籍');
INSERT INTO `t_def_code` VALUES ('nationality', '768', '多哥', 'Togo', '国籍');
INSERT INTO `t_def_code` VALUES ('nationality', '772', '土克劳', 'Toklau', '国籍');
INSERT INTO `t_def_code` VALUES ('nationality', '776', '汤加', 'Tonga', '国籍');
INSERT INTO `t_def_code` VALUES ('nationality', '780', '特立达和多巴哥', 'Trinidad and Tobago', '国籍');
INSERT INTO `t_def_code` VALUES ('nationality', '784', '阿拉伯联合酋长国', 'United Arab Emirates', '国籍');
INSERT INTO `t_def_code` VALUES ('nationality', '788', '突尼斯', 'Tunisia', '国籍');
INSERT INTO `t_def_code` VALUES ('nationality', '792', '土耳其', 'Turkey', '国籍');
INSERT INTO `t_def_code` VALUES ('nationality', '795', '土库曼斯坦', 'Turkmenistan', '国籍');
INSERT INTO `t_def_code` VALUES ('nationality', '796', '特克斯和凯科斯群岛', 'Turks and Caicos Islands', '国籍');
INSERT INTO `t_def_code` VALUES ('nationality', '798', '图瓦卢', 'Tuvalu', '国籍');
INSERT INTO `t_def_code` VALUES ('nationality', '800', '乌干达', 'Uganda', '国籍');
INSERT INTO `t_def_code` VALUES ('nationality', '804', '乌克兰', 'Ukrainian SSR', '国籍');
INSERT INTO `t_def_code` VALUES ('nationality', '807', '马其顿共和国', 'Macedonia', '国籍');
INSERT INTO `t_def_code` VALUES ('nationality', '818', '埃及', 'Oman', '国籍');
INSERT INTO `t_def_code` VALUES ('nationality', '826', '英国', 'Unitde Kingdom', '国籍');
INSERT INTO `t_def_code` VALUES ('nationality', '834', '坦桑尼亚', 'Tanzania', '国籍');
INSERT INTO `t_def_code` VALUES ('nationality', '840', '美国', 'United States', '国籍');
INSERT INTO `t_def_code` VALUES ('nationality', '850', '美属維尔京群岛', 'Virgin lslands of the US', '国籍');
INSERT INTO `t_def_code` VALUES ('nationality', '854', '布基纳法索', 'Burkina Faso', '国籍');
INSERT INTO `t_def_code` VALUES ('nationality', '858', '乌拉圭', 'Uruguay', '国籍');
INSERT INTO `t_def_code` VALUES ('nationality', '860', '乌兹别克斯坦共和国', 'Uzbekistan', '国籍');
INSERT INTO `t_def_code` VALUES ('nationality', '862', '委内瑞拉共和国', 'Venezuela', '国籍');
INSERT INTO `t_def_code` VALUES ('nationality', '876', '瓦利斯和富图纳群', 'Wallis and Fuluna Islands', '国籍');
INSERT INTO `t_def_code` VALUES ('nationality', '882', '西萨摩亚', 'Western Samoa', '国籍');
INSERT INTO `t_def_code` VALUES ('nationality', '887', '也门民主人民共和国', 'PDR.of Yemen', '国籍');
INSERT INTO `t_def_code` VALUES ('nationality', '891', '南斯拉夫', 'Yugoslavia', '国籍');
INSERT INTO `t_def_code` VALUES ('nationality', '894', '赞比亚', 'Zambia', '国籍');
INSERT INTO `t_def_code` VALUES ('netValueDisclosure', '01', '一周一次', '净值披露频率', null);
INSERT INTO `t_def_code` VALUES ('netValueDisclosure', '02', '一月一次', '净值披露频率', null);
INSERT INTO `t_def_code` VALUES ('netValueDisclosure', '03', '不披露', '净值披露频率', null);
INSERT INTO `t_def_code` VALUES ('netValueSpecialType', '01', '月中', '特殊净值短信字段', '');
INSERT INTO `t_def_code` VALUES ('netValueSpecialType', '02', '月末', '特殊净值短信字段', '');
INSERT INTO `t_def_code` VALUES ('netValueType', '01', '费前', '净值类型', '');
INSERT INTO `t_def_code` VALUES ('netValueType', '02', '费后', '净值类型', '');
INSERT INTO `t_def_code` VALUES ('occupation', '01', '国家机关处级以上', '职业', '');
INSERT INTO `t_def_code` VALUES ('occupation', '02', '国家机关处级以下', '职业', '');
INSERT INTO `t_def_code` VALUES ('occupation', '03', '企业高级管理人员', '职业', '');
INSERT INTO `t_def_code` VALUES ('occupation', '04', '企业中级管理人员', '职业', '');
INSERT INTO `t_def_code` VALUES ('occupation', '05', '企业基层管理人员', '职业', '');
INSERT INTO `t_def_code` VALUES ('occupation', '06', '自营专业技术人员', '职业', '');
INSERT INTO `t_def_code` VALUES ('occupation', '07', '受雇专业技术人员', '职业', '');
INSERT INTO `t_def_code` VALUES ('occupation', '08', '私营业主', '职业', '');
INSERT INTO `t_def_code` VALUES ('occupation', '09', '个体业主', '职业', '');
INSERT INTO `t_def_code` VALUES ('occupation', '10', '文员', '职业', '');
INSERT INTO `t_def_code` VALUES ('occupation', '11', '工人', '职业', '');
INSERT INTO `t_def_code` VALUES ('occupation', '12', '学生', '职业', '');
INSERT INTO `t_def_code` VALUES ('occupation', '13', '离/退休', '职业', '');
INSERT INTO `t_def_code` VALUES ('occupation', '14', '军/警', '职业', '');
INSERT INTO `t_def_code` VALUES ('occupation', '15', '家庭主妇', '职业', '');
INSERT INTO `t_def_code` VALUES ('occupation', '16', '农民', '职业', '');
INSERT INTO `t_def_code` VALUES ('occupation', '17', '失业', '职业', '');
INSERT INTO `t_def_code` VALUES ('occupation', '18', '其它', '职业', '');
INSERT INTO `t_def_code` VALUES ('occupationType', '01', '国家机关处级及以上', '职业', ' ');
INSERT INTO `t_def_code` VALUES ('occupationType', '02', '国家机关处级以下', '职业', ' ');
INSERT INTO `t_def_code` VALUES ('occupationType', '03', '企业高级管理人员', '职业', ' ');
INSERT INTO `t_def_code` VALUES ('occupationType', '04', '企业中级管理人员', '职业', ' ');
INSERT INTO `t_def_code` VALUES ('occupationType', '05', '企业基层管理人员', '职业', ' ');
INSERT INTO `t_def_code` VALUES ('occupationType', '06', '自营专业技术人员', '职业', ' ');
INSERT INTO `t_def_code` VALUES ('occupationType', '07', '受雇专业技术人员', '职业', ' ');
INSERT INTO `t_def_code` VALUES ('occupationType', '08', '私营业主', '职业', ' ');
INSERT INTO `t_def_code` VALUES ('occupationType', '09', '个体业主', '职业', ' ');
INSERT INTO `t_def_code` VALUES ('occupationType', '10', '文员', '职业', ' ');
INSERT INTO `t_def_code` VALUES ('occupationType', '11', '工人', '职业', ' ');
INSERT INTO `t_def_code` VALUES ('occupationType', '12', '学生', '职业', ' ');
INSERT INTO `t_def_code` VALUES ('occupationType', '13', '离/退休', '职业', ' ');
INSERT INTO `t_def_code` VALUES ('occupationType', '14', '军/警', '职业', ' ');
INSERT INTO `t_def_code` VALUES ('occupationType', '15', '家庭主妇', '职业', ' ');
INSERT INTO `t_def_code` VALUES ('occupationType', '16', '农民', '职业', ' ');
INSERT INTO `t_def_code` VALUES ('occupationType', '17', '失业', '职业', ' ');
INSERT INTO `t_def_code` VALUES ('occupationType', '18', '其他', '职业', ' ');
INSERT INTO `t_def_code` VALUES ('openDaysIsOrder', '1', '是', '是否指定日期', '');
INSERT INTO `t_def_code` VALUES ('openDaysIsOrder', '2', '否', '是否指定日期', '');
INSERT INTO `t_def_code` VALUES ('openDaysRules', '1', '月末最后一个工作日', '开放日规则', '');
INSERT INTO `t_def_code` VALUES ('openDaysRules', '2', '每周周一', '开放日规则', '');
INSERT INTO `t_def_code` VALUES ('openDaysRules', '3', '每月月底前十个工作日', '开放日规则', '');
INSERT INTO `t_def_code` VALUES ('paramType', 'payPeriod', '缴费期间', '奖金比例参数类型', '奖金比例参数类型');
INSERT INTO `t_def_code` VALUES ('payIntv', '-1', '趸交', '交费频率要素单位', '');
INSERT INTO `t_def_code` VALUES ('payIntv', '0', '不定期交费', '交费频率要素单位', '');
INSERT INTO `t_def_code` VALUES ('payIntv', '1', '月缴', '交费频率要素单位', '');
INSERT INTO `t_def_code` VALUES ('payIntv', '12', '年缴', '交费频率要素单位', '');
INSERT INTO `t_def_code` VALUES ('payIntv', '3', '季缴', '交费频率要素单位', '');
INSERT INTO `t_def_code` VALUES ('payIntv', '6', '半年缴', '交费频率要素单位', '');
INSERT INTO `t_def_code` VALUES ('paymentPeriod', 'A', '岁', '缴费期间要素单位', '');
INSERT INTO `t_def_code` VALUES ('paymentPeriod', 'Y', '年', '缴费期间要素单位', '');
INSERT INTO `t_def_code` VALUES ('paymentType', '01', '先息后本', '还款方式', '');
INSERT INTO `t_def_code` VALUES ('paymentType', '02', '等额本息', '还款方式', '');
INSERT INTO `t_def_code` VALUES ('payPeriod', 'D', '天', '保障期间要素单位', '');
INSERT INTO `t_def_code` VALUES ('payPeriod', 'M', '月', '保障期间要素单位', '');
INSERT INTO `t_def_code` VALUES ('payPeriod', 'Y', '年', '保障期间要素单位', '');
INSERT INTO `t_def_code` VALUES ('payPeriodUnit', '0', '趸交', '交费期间要素单位', '');
INSERT INTO `t_def_code` VALUES ('payPeriodUnit', 'A', '岁', '交费期间要素单位', '');
INSERT INTO `t_def_code` VALUES ('payPeriodUnit', 'D', '天', '交费期间要素单位', '');
INSERT INTO `t_def_code` VALUES ('payPeriodUnit', 'M', '月', '交费期间要素单位', '');
INSERT INTO `t_def_code` VALUES ('payPeriodUnit', 'Y', '年', '交费期间要素单位', '');
INSERT INTO `t_def_code` VALUES ('payWay', '01', '网银支付', '销售渠道', '销售渠道');
INSERT INTO `t_def_code` VALUES ('payWay', '02', 'POS刷卡', '销售渠道', '销售渠道');
INSERT INTO `t_def_code` VALUES ('payWay', '03', '线下转账', '销售渠道', '销售渠道');
INSERT INTO `t_def_code` VALUES ('pdOrderStatus', '01', '待预约', '产品预约状态', '');
INSERT INTO `t_def_code` VALUES ('pdOrderStatus', '02', '预约中', '产品预约状态', '');
INSERT INTO `t_def_code` VALUES ('pdOrderStatus', '03', '已完成', '产品预约状态', '');
INSERT INTO `t_def_code` VALUES ('policyType', '01', '中共党员', '政治面貌', ' ');
INSERT INTO `t_def_code` VALUES ('policyType', '02', '中共预备党员', '政治面貌', ' ');
INSERT INTO `t_def_code` VALUES ('policyType', '03', '共青团员', '政治面貌', ' ');
INSERT INTO `t_def_code` VALUES ('policyType', '04', '民革党员', '政治面貌', ' ');
INSERT INTO `t_def_code` VALUES ('policyType', '05', '民盟盟员', '政治面貌', ' ');
INSERT INTO `t_def_code` VALUES ('policyType', '06', '民建会员', '政治面貌', ' ');
INSERT INTO `t_def_code` VALUES ('policyType', '07', '民进会员', '政治面貌', ' ');
INSERT INTO `t_def_code` VALUES ('policyType', '08', '农工党党员', '政治面貌', ' ');
INSERT INTO `t_def_code` VALUES ('policyType', '09', '致公党党员', '政治面貌', ' ');
INSERT INTO `t_def_code` VALUES ('policyType', '10', '九三学社社员', '政治面貌', ' ');
INSERT INTO `t_def_code` VALUES ('policyType', '11', '台盟盟员', '政治面貌', ' ');
INSERT INTO `t_def_code` VALUES ('policyType', '12', '无党派人士', '政治面貌', ' ');
INSERT INTO `t_def_code` VALUES ('policyType', '13', '普通居民', '政治面貌', ' ');
INSERT INTO `t_def_code` VALUES ('position', '1', '总经理', '职位', '');
INSERT INTO `t_def_code` VALUES ('position', '2', '经理', '职位', '');
INSERT INTO `t_def_code` VALUES ('position', '3', '员工', '职位', '');
INSERT INTO `t_def_code` VALUES ('positionCode', '01', '财富顾问', '职级', '');
INSERT INTO `t_def_code` VALUES ('positionCode', '02', '高级财富顾问', '职级', '');
INSERT INTO `t_def_code` VALUES ('positionCode', '03', '业务部门总经理', '职级', '');
INSERT INTO `t_def_code` VALUES ('positionCode', '04', '助理产品经理', '职级', '');
INSERT INTO `t_def_code` VALUES ('positionCode', '05', '产品经理', '职级', '');
INSERT INTO `t_def_code` VALUES ('positionCode', '06', '高级产品经理', '职级', '');
INSERT INTO `t_def_code` VALUES ('positionCode', '07', '高级投行经理', '职级', '');
INSERT INTO `t_def_code` VALUES ('positionCode', '08', '投行经理', '职级', '');
INSERT INTO `t_def_code` VALUES ('positionCode', '09', '助理投行经理', '职级', '');
INSERT INTO `t_def_code` VALUES ('positionCode', '10', '风控经理', '职级', '');
INSERT INTO `t_def_code` VALUES ('positionCode', '11', '部门副总经理', '职级', '');
INSERT INTO `t_def_code` VALUES ('positionCode', '12', '部门总经理', '职级', '');
INSERT INTO `t_def_code` VALUES ('positionCode', '13', '营销推动岗', '职级', '');
INSERT INTO `t_def_code` VALUES ('positionCode', '14', '客户服务岗', '职级', '');
INSERT INTO `t_def_code` VALUES ('positionCode', '15', '运营经理', '职级', '');
INSERT INTO `t_def_code` VALUES ('positionCode', '16', '销售管理岗', '职级', '');
INSERT INTO `t_def_code` VALUES ('positionCode', '17', '人事经理', '职级', '');
INSERT INTO `t_def_code` VALUES ('positionCode', '18', '行政内勤岗', '职级', '');
INSERT INTO `t_def_code` VALUES ('positionCode', '19', '出纳', '职级', '');
INSERT INTO `t_def_code` VALUES ('positionCode', '20', '会计', '职级', '');
INSERT INTO `t_def_code` VALUES ('positionCode', '21', '分公司总经理', '职级', '');
INSERT INTO `t_def_code` VALUES ('positionCode', '22', '公司副总经理', '职级', '');
INSERT INTO `t_def_code` VALUES ('positionCode', '23', '公司总经理', '职级', '');
INSERT INTO `t_def_code` VALUES ('preCustObtailWay', '01', '老客户', '准客户获客方式', '');
INSERT INTO `t_def_code` VALUES ('preCustObtailWay', '02', '上门客户', '准客户获客方式', '');
INSERT INTO `t_def_code` VALUES ('preCustObtailWay', '03', '园区活动', '准客户获客方式', '');
INSERT INTO `t_def_code` VALUES ('preCustObtailWay', '04', '陌生拜访', '准客户获客方式', '');
INSERT INTO `t_def_code` VALUES ('preCustObtailWay', '05', '客户转介绍', '准客户获客方式', '');
INSERT INTO `t_def_code` VALUES ('preCustObtailWay', '06', '亲朋好友', '准客户获客方式', '');
INSERT INTO `t_def_code` VALUES ('preCustObtailWay', '07', '网站注册', '准客户获客方式', '');
INSERT INTO `t_def_code` VALUES ('preCustVisitAction', '01', '介绍公司', '准客户拜访动作', '');
INSERT INTO `t_def_code` VALUES ('preCustVisitAction', '02', '介绍自己', '准客户拜访动作', '');
INSERT INTO `t_def_code` VALUES ('preCustVisitAction', '03', '推介股权投资', '准客户拜访动作', '');
INSERT INTO `t_def_code` VALUES ('preCustVisitAction', '04', '推介信托资管', '准客户拜访动作', '');
INSERT INTO `t_def_code` VALUES ('preCustVisitAction', '05', '推介私募基金', '准客户拜访动作', '');
INSERT INTO `t_def_code` VALUES ('preCustVisitAction', '06', '推介保险', '准客户拜访动作', '');
INSERT INTO `t_def_code` VALUES ('preCustVisitAction', '07', '推介融资', '准客户拜访动作', '');
INSERT INTO `t_def_code` VALUES ('preCustVisitAction', '08', '关注微信', '准客户拜访动作', '');
INSERT INTO `t_def_code` VALUES ('preCustVisitAction', '09', '存续产品回访', '准客户拜访动作', '');
INSERT INTO `t_def_code` VALUES ('preCustVisitType', '01', '电话', '准客户拜访类型', '');
INSERT INTO `t_def_code` VALUES ('preCustVisitType', '02', '约访', '准客户拜访类型', '');
INSERT INTO `t_def_code` VALUES ('preCustVisitType', '03', '面谈', '准客户拜访类型', '');
INSERT INTO `t_def_code` VALUES ('prFlag', 'M', '主险', '主附险标志', '');
INSERT INTO `t_def_code` VALUES ('prFlag', 'S', '附加险', '主附险标志', '');
INSERT INTO `t_def_code` VALUES ('productIsHot', '01', '是', '是否是热门产品', '');
INSERT INTO `t_def_code` VALUES ('productIsHot', '02', '否', '是否是热门产品', '');
INSERT INTO `t_def_code` VALUES ('productLine', '00', '其它', '网销产品系列', '');
INSERT INTO `t_def_code` VALUES ('productLine', '01', '物业宝分享', '网销产品系列', '');
INSERT INTO `t_def_code` VALUES ('productOpenDayRules', '01', '月末最后一个工作日', '开放日规则', '');
INSERT INTO `t_def_code` VALUES ('productOpenDayRules', '02', '每周周一', '开放日规则', '');
INSERT INTO `t_def_code` VALUES ('productOpenDayRules', '03', '每月月底前十个工作日', '开放日规则', '');
INSERT INTO `t_def_code` VALUES ('productOpenDayRules', '04', '每月15日', '开放日规则', '');
INSERT INTO `t_def_code` VALUES ('productOpenDayRules', '05', '每月10日', '开放日规则', '');
INSERT INTO `t_def_code` VALUES ('productOpenDayRules', '06', '每月25日', '开放日规则', '');
INSERT INTO `t_def_code` VALUES ('productStatus', '0', '待提交审核', '产品状态', '');
INSERT INTO `t_def_code` VALUES ('productStatus', '1', '待审核', '产品状态', '');
INSERT INTO `t_def_code` VALUES ('productStatus', '2', '审核发布', '产品状态', '');
INSERT INTO `t_def_code` VALUES ('productType', '1', '财富产品', '产品类型', '');
INSERT INTO `t_def_code` VALUES ('productType', '3', '融资产品', '产品类型', null);
INSERT INTO `t_def_code` VALUES ('productTypes', '2', '保险产品', '产品类型', '');
INSERT INTO `t_def_code` VALUES ('projectCost', '0', '无社保', '社保类型要素单位', '');
INSERT INTO `t_def_code` VALUES ('projectCost', '1', '有社保', '社保类型要素单位', '');
INSERT INTO `t_def_code` VALUES ('promotionWay', '01', '在线', '推介方式', '推介方式');
INSERT INTO `t_def_code` VALUES ('promotionWay', '02', '线下', '推介方式', '推介方式');
INSERT INTO `t_def_code` VALUES ('promotionWay', '03', '线上线下', '', '');
INSERT INTO `t_def_code` VALUES ('protocolState', '0', '有效', '合作协议状态', '');
INSERT INTO `t_def_code` VALUES ('protocolState', '1', '失效', '合作协议状态', '');
INSERT INTO `t_def_code` VALUES ('protocolType', '1', '资金端协议', '合作协议类型', '');
INSERT INTO `t_def_code` VALUES ('protocolType', '2.1', '投资协议', '合作协议类型', '');
INSERT INTO `t_def_code` VALUES ('protocolType', '2.2', '増信协议', '合作协议类型', '');
INSERT INTO `t_def_code` VALUES ('protocolType', '3', '其他协议', '合作协议类型', '');
INSERT INTO `t_def_code` VALUES ('protocolType', '4', '备案材料', '合作协议类型', '');
INSERT INTO `t_def_code` VALUES ('protocolType', '5', '过会材料', '合作协议类型', '');
INSERT INTO `t_def_code` VALUES ('protocolType', '6', '推介材料', '合作协议类型', '');
INSERT INTO `t_def_code` VALUES ('protocolType', '7', '其他', '合作协议类型', '');
INSERT INTO `t_def_code` VALUES ('questionnaireType', '01', '客户（机构）风控问卷', '风控问卷', '');
INSERT INTO `t_def_code` VALUES ('questionnaireType', '02', '客户（自然人）风控问卷', '风控问卷', '');
INSERT INTO `t_def_code` VALUES ('queueStatus', '01', '未分配', '排队预约分配状态', '');
INSERT INTO `t_def_code` VALUES ('queueStatus', '02', '已分配', '排队预约分配状态', '');
INSERT INTO `t_def_code` VALUES ('redemptionAuditConclusion', '01', '通过', '赎回上传结论', '');
INSERT INTO `t_def_code` VALUES ('redemptionAuditConclusion', '02', '不通过', '赎回明细上传结论', '');
INSERT INTO `t_def_code` VALUES ('redemptionAuditConclusion', '03', '退回复核', '赎回明细上传结论', '');
INSERT INTO `t_def_code` VALUES ('redemptionCheckConclusion', '01', '通过', '赎回复核结论', '');
INSERT INTO `t_def_code` VALUES ('redemptionCheckConclusion', '02', '不通过', '赎回复核结论', '');
INSERT INTO `t_def_code` VALUES ('redemptionCheckConclusion', '03', '退回申请', '赎回复核结论', '');
INSERT INTO `t_def_code` VALUES ('redemptionStatus', '01', '赎回中', '赎回预约中', '赎回状态');
INSERT INTO `t_def_code` VALUES ('redemptionStatus', '02', '复核中', '赎回复核中', '赎回状态');
INSERT INTO `t_def_code` VALUES ('redemptionStatus', '03', '确认中', '赎回确认中', '赎回状态');
INSERT INTO `t_def_code` VALUES ('redemptionStatus', '04', '已赎回', '赎回已完成', '赎回状态');
INSERT INTO `t_def_code` VALUES ('redemptionStatus', '05', '撤销赎回', '赎回已撤销', '赎回状态');
INSERT INTO `t_def_code` VALUES ('relation', '00', '本人', '关系', '');
INSERT INTO `t_def_code` VALUES ('relation', '01', '丈夫', '关系', '');
INSERT INTO `t_def_code` VALUES ('relation', '02', '妻子', '关系', '');
INSERT INTO `t_def_code` VALUES ('relation', '03', '父亲', '关系', '');
INSERT INTO `t_def_code` VALUES ('relation', '04', '母亲', '关系', '');
INSERT INTO `t_def_code` VALUES ('relation', '05', '儿子', '关系', '');
INSERT INTO `t_def_code` VALUES ('relation', '06', '女儿', '关系', '');
INSERT INTO `t_def_code` VALUES ('relation', '07', '祖父', '关系', '');
INSERT INTO `t_def_code` VALUES ('relation', '08', '祖母', '关系', '');
INSERT INTO `t_def_code` VALUES ('relation', '09', '孙子', '关系', '');
INSERT INTO `t_def_code` VALUES ('relation', '10', '孙女', '关系', '');
INSERT INTO `t_def_code` VALUES ('relation', '11', '外祖父', '关系', '');
INSERT INTO `t_def_code` VALUES ('relation', '12', '外祖母', '关系', '');
INSERT INTO `t_def_code` VALUES ('relation', '13', '外孙', '关系', '');
INSERT INTO `t_def_code` VALUES ('relation', '14', '外孙女', '关系', '');
INSERT INTO `t_def_code` VALUES ('relation', '15', '哥哥', '关系', '');
INSERT INTO `t_def_code` VALUES ('relation', '16', '姐姐', '关系', '');
INSERT INTO `t_def_code` VALUES ('relation', '17', '弟弟', '关系', '');
INSERT INTO `t_def_code` VALUES ('relation', '18', '妹妹', '关系', '');
INSERT INTO `t_def_code` VALUES ('relation', '19', '公公', '关系', '');
INSERT INTO `t_def_code` VALUES ('relation', '20', '婆婆', '关系', '');
INSERT INTO `t_def_code` VALUES ('relation', '21', '岳父', '关系', '');
INSERT INTO `t_def_code` VALUES ('relation', '22', '岳母', '关系', '');
INSERT INTO `t_def_code` VALUES ('relation', '23', '儿媳', '关系', '');
INSERT INTO `t_def_code` VALUES ('relation', '24', '女婿', '关系', '');
INSERT INTO `t_def_code` VALUES ('relation', '25', '其他亲属', '关系', '');
INSERT INTO `t_def_code` VALUES ('relation', '26', '同事', '关系', '');
INSERT INTO `t_def_code` VALUES ('relation', '27', '朋友', '关系', '');
INSERT INTO `t_def_code` VALUES ('relation', '28', '雇主', '关系', '');
INSERT INTO `t_def_code` VALUES ('relation', '29', '雇员', '关系', '');
INSERT INTO `t_def_code` VALUES ('relation', '30', '其他', '关系', '');
INSERT INTO `t_def_code` VALUES ('relation', '31', '父母', '关系', '');
INSERT INTO `t_def_code` VALUES ('relation', '32', '子女', '关系', '');
INSERT INTO `t_def_code` VALUES ('relation', '33', '配偶', '关系', '');
INSERT INTO `t_def_code` VALUES ('relationLevel', '01', '第一联系人', '联系人级别', '');
INSERT INTO `t_def_code` VALUES ('relationLevel', '02', '第二联系人', '联系人级别', '');
INSERT INTO `t_def_code` VALUES ('relationLevel', '03', '第三联系人', '联系人级别', '');
INSERT INTO `t_def_code` VALUES ('relationToAgent', '01', '本人', '与理财顾问关系', ' ');
INSERT INTO `t_def_code` VALUES ('relationToAgent', '02', '子女', '与理财顾问关系', ' ');
INSERT INTO `t_def_code` VALUES ('relationToAgent', '03', '夫妻', '与理财顾问关系', ' ');
INSERT INTO `t_def_code` VALUES ('relationToAgent', '04', '雇员', '与理财顾问关系', ' ');
INSERT INTO `t_def_code` VALUES ('relationToAgent', '05', '雇主', '与理财顾问关系', ' ');
INSERT INTO `t_def_code` VALUES ('relationToAgent', '06', '受监护的人', '与理财顾问关系', ' ');
INSERT INTO `t_def_code` VALUES ('relationToAgent', '07', '其他', '与理财顾问关系', ' ');
INSERT INTO `t_def_code` VALUES ('relationToAgent', '10', '父母', '与理财顾问关系', ' ');
INSERT INTO `t_def_code` VALUES ('relationToAgent', '11', '兄弟姐妹', '与理财顾问关系', ' ');
INSERT INTO `t_def_code` VALUES ('relationToAgent', '12', '祖父母', '与理财顾问关系', ' ');
INSERT INTO `t_def_code` VALUES ('relationToAgent', '13', '孙子/孙女/外孙/外孙女', '与理财顾问关系', ' ');
INSERT INTO `t_def_code` VALUES ('relationToAgent', '14', '其他亲戚', '与理财顾问关系', ' ');
INSERT INTO `t_def_code` VALUES ('relationToAgent', '15', '同居', '与理财顾问关系', ' ');
INSERT INTO `t_def_code` VALUES ('relationToAgent', '16', '法人', '与理财顾问关系', ' ');
INSERT INTO `t_def_code` VALUES ('relationToAgent', '17', '亲属', '与理财顾问关系', ' ');
INSERT INTO `t_def_code` VALUES ('relationToAgent', '18', '雇佣关系', '与理财顾问关系', ' ');
INSERT INTO `t_def_code` VALUES ('relationToAgent', '19', '无关或不确定', '与理财顾问关系', ' ');
INSERT INTO `t_def_code` VALUES ('relationToCust', '02', '子女', '家庭成员与客户关系', '');
INSERT INTO `t_def_code` VALUES ('relationToCust', '03', '夫妻', '家庭成员与客户关系', '');
INSERT INTO `t_def_code` VALUES ('relationToCust', '10', '父母', '家庭成员与客户关系', '');
INSERT INTO `t_def_code` VALUES ('relationToCust', '11', '兄弟姐妹', '家庭成员与客户关系', '');
INSERT INTO `t_def_code` VALUES ('renewalWay', '01', '银行转账', '续期交费方式要素单位', '');
INSERT INTO `t_def_code` VALUES ('renewalWay', '02', '其他', '续期交费方式要素单位', '');
INSERT INTO `t_def_code` VALUES ('repaymentPrincipalDay', '01', 'T-30', '还本提醒日', '30');
INSERT INTO `t_def_code` VALUES ('repaymentPrincipalDay', '02', 'T-15', '还本提醒日', '15');
INSERT INTO `t_def_code` VALUES ('repaymentPrincipalDay', '03', 'T-5', '还本提醒日', '5');
INSERT INTO `t_def_code` VALUES ('repaymentRemindDay', '01', 'T-7', '还息提醒日', '7');
INSERT INTO `t_def_code` VALUES ('reportCode', 'AllAssessDetail', '汇总清单', '考核报表定义', '');
INSERT INTO `t_def_code` VALUES ('reportCode', 'AllCalDetail', '汇总清单', '薪资报表定义', '');
INSERT INTO `t_def_code` VALUES ('reportCode', 'custBelongAdjust', '客户归属调整信息表', '报表定义', '');
INSERT INTO `t_def_code` VALUES ('reportCode', 'PdIncomeDisDetail', '产品收益分配明细', '报表定义', '');
INSERT INTO `t_def_code` VALUES ('reportCode', 'PreCustActGradManage', '准客户活动量打分管理表', '报表定义', '');
INSERT INTO `t_def_code` VALUES ('reportCode', 'PreCustActivityDel', '准客户活动量信息详情', '报表定义', '');
INSERT INTO `t_def_code` VALUES ('reportCode', 'ProductOrderDetail', '产品预约清单', '报表定义', '');
INSERT INTO `t_def_code` VALUES ('reportCode', 'RiskAssessDetail', '保险类明细清单', '考核报表定义', '');
INSERT INTO `t_def_code` VALUES ('reportCode', 'RiskBalanceDetail', '保险类明细清单', '报表定义', '');
INSERT INTO `t_def_code` VALUES ('reportCode', 'RiskCalDetail', '保险类明细清单', '薪资报表定义', '');
INSERT INTO `t_def_code` VALUES ('reportCode', 'WealthAssessDetail', '财富类明细清单', '考核报表定义', '');
INSERT INTO `t_def_code` VALUES ('reportCode', 'WealthBalanceDetail', '财富类明细清单', '报表定义', '');
INSERT INTO `t_def_code` VALUES ('reportCode', 'WealthCalDetail', '财富类明细清单', '薪资报表定义', '');
INSERT INTO `t_def_code` VALUES ('rgtType', '01', '农业', '户籍性质', '');
INSERT INTO `t_def_code` VALUES ('rgtType', '02', '非农业', '户籍性质', '');
INSERT INTO `t_def_code` VALUES ('riskfactorCode', ' bonusGetWay', '红利领取方式', '11', '01-累计生息，02-抵交保费，03-购买交清增额保险');
INSERT INTO `t_def_code` VALUES ('riskfactorCode', 'amnt', '基本保额/份', '1', '');
INSERT INTO `t_def_code` VALUES ('riskfactorCode', 'annuityGetWay', '年金领取方式', '13', '1-月度领取，12-年度领取，-1-一次领取');
INSERT INTO `t_def_code` VALUES ('riskfactorCode', 'annuityGetYear', '年金领取年龄', '12', '');
INSERT INTO `t_def_code` VALUES ('riskfactorCode', 'autoRenewal', '是否自动续保', '10', '0-是 -1-否');
INSERT INTO `t_def_code` VALUES ('riskfactorCode', 'carFee', '车船税', '30', '');
INSERT INTO `t_def_code` VALUES ('riskfactorCode', 'construnctionArea', '建筑面积', '25', '');
INSERT INTO `t_def_code` VALUES ('riskfactorCode', 'contributors', '参保人数', '26', '');
INSERT INTO `t_def_code` VALUES ('riskfactorCode', 'discount', '折扣比例', '18', '');
INSERT INTO `t_def_code` VALUES ('riskfactorCode', 'firstAddPremium', '首期追加保费', '8', '');
INSERT INTO `t_def_code` VALUES ('riskfactorCode', 'freeForeHead', '免赔额', '21', '');
INSERT INTO `t_def_code` VALUES ('riskfactorCode', 'getTime', '起领区间', '19', '');
INSERT INTO `t_def_code` VALUES ('riskfactorCode', 'getTimeUnit', '起领区间单位', '20', 'Y-年，M-月，D-日，A-岁');
INSERT INTO `t_def_code` VALUES ('riskfactorCode', 'insurdPeriod', '保险期间', '3', '');
INSERT INTO `t_def_code` VALUES ('riskfactorCode', 'insurdPeriodUnit', '保险期间单位', '4', 'Y-年，M-月，D-日，A-岁，E-保终身');
INSERT INTO `t_def_code` VALUES ('riskfactorCode', 'investAccountName', '投资账户名称', '28', '');
INSERT INTO `t_def_code` VALUES ('riskfactorCode', 'investmentTime', '投资时间', '27', '');
INSERT INTO `t_def_code` VALUES ('riskfactorCode', 'investProportion', '投资比例', '29', '');
INSERT INTO `t_def_code` VALUES ('riskfactorCode', 'lateProcessWay', '保费逾期处理方式', '17', '01-自动垫缴，02-终止合同');
INSERT INTO `t_def_code` VALUES ('riskfactorCode', 'mult', '份数', '14', '');
INSERT INTO `t_def_code` VALUES ('riskfactorCode', 'payIntv', '交费频率', '7', '-1-趸交，0-不定期交，1-月交，12-年交，3-季交，6-半年交');
INSERT INTO `t_def_code` VALUES ('riskfactorCode', 'payPeriod', '交费期间', '5', '');
INSERT INTO `t_def_code` VALUES ('riskfactorCode', 'payPeriodUnit', '交费期间单位', '6', 'Y-年，M-月，D-日，A-岁');
INSERT INTO `t_def_code` VALUES ('riskfactorCode', 'premium', '保费', '2', '');
INSERT INTO `t_def_code` VALUES ('riskfactorCode', 'projectCost', '社保类型', '24', '0-无社保，1-有社保');
INSERT INTO `t_def_code` VALUES ('riskfactorCode', 'regularAddPremium', '定期追加保费', '9', '');
INSERT INTO `t_def_code` VALUES ('riskfactorCode', 'renewalWay', '续期交费方式', '15', '01-银行转账，02-其他');
INSERT INTO `t_def_code` VALUES ('riskfactorCode', 'socialType', '工程造价', '23', '');
INSERT INTO `t_def_code` VALUES ('riskfactorCode', 'survivalWay', '生存金处理方式', '16', '01-累计生息，02-现金给付');
INSERT INTO `t_def_code` VALUES ('riskfactorCode', 'tFreeForeHead', '次免赔额', '22', '');
INSERT INTO `t_def_code` VALUES ('riskFeatures', '01', '传统型', '产品特征', '');
INSERT INTO `t_def_code` VALUES ('riskFeatures', '02', '非传统型', '产品特征', '');
INSERT INTO `t_def_code` VALUES ('rolePrivilege', '1', '本人', '角色查询权限', '');
INSERT INTO `t_def_code` VALUES ('rolePrivilege', '2', '本机构', '角色查询权限', '');
INSERT INTO `t_def_code` VALUES ('rolePrivilege', '3', '本机构及下属机构', '角色查询权限', '');
INSERT INTO `t_def_code` VALUES ('roleType', '0', '被保人', '角色类型', '');
INSERT INTO `t_def_code` VALUES ('roleType', '1', '投保人', '角色类型', '');
INSERT INTO `t_def_code` VALUES ('salaryType', '01', '基本工资', '工资文件类型', '');
INSERT INTO `t_def_code` VALUES ('saleChnnel', '01', 'PC', '销售渠道', '销售渠道');
INSERT INTO `t_def_code` VALUES ('saleChnnel', '02', 'APP', '销售渠道', '销售渠道');
INSERT INTO `t_def_code` VALUES ('saleChnnel', '03', '微信', '销售渠道', '销售渠道');
INSERT INTO `t_def_code` VALUES ('saleChnnel', '04', '幸福巨鲸APP', '销售渠道', '销售渠道');
INSERT INTO `t_def_code` VALUES ('salesStatus', '0', '在售', '销售状态', '');
INSERT INTO `t_def_code` VALUES ('salesStatus', '1', '已成立', '销售状态', '');
INSERT INTO `t_def_code` VALUES ('salesStatus', '2', '到期', '销售状态', '');
INSERT INTO `t_def_code` VALUES ('saleWay', '01', '在线交易', '销售方式', '销售方式');
INSERT INTO `t_def_code` VALUES ('saleWay', '02', '预约交易', '销售方式', '销售方式');
INSERT INTO `t_def_code` VALUES ('secretKey', '02', 'wechat', '微信密匙', '');
INSERT INTO `t_def_code` VALUES ('secretKey', 'ewealth', '网站秘钥', '1', '');
INSERT INTO `t_def_code` VALUES ('sendMailParam', '01', '111', 'mail.host', '发送邮件服务器');
INSERT INTO `t_def_code` VALUES ('sendMailParam', '02', '111', 'mail.from', '发送邮件来源');
INSERT INTO `t_def_code` VALUES ('sendMailParam', '03', '111', 'mail.user', '发送邮件账户');
INSERT INTO `t_def_code` VALUES ('sendMailParam', '04', '111', 'mail.user.password', '发送邮件账户密码');
INSERT INTO `t_def_code` VALUES ('serverAddress', '01', 'http://122.224.190.19:8089', '文件地址服务器', '');
INSERT INTO `t_def_code` VALUES ('sex', 'F', '女', '性别', '');
INSERT INTO `t_def_code` VALUES ('sex', 'M', '男', '性别', '');
INSERT INTO `t_def_code` VALUES ('smsAgentCode', '01', '0159', '净值短信人员工号', '李斌');
INSERT INTO `t_def_code` VALUES ('smsAgentCode', '02', '0096', '净值短信人员工号', '董嵩权');
INSERT INTO `t_def_code` VALUES ('smsAgentCode', '03', '0012', '净值短信人员工号', '程倩');
INSERT INTO `t_def_code` VALUES ('smsAgentCode', '05', '0202', '净值短信人员工号', '程兰');
INSERT INTO `t_def_code` VALUES ('smsAgentCode', '06', '0019', '净值短信人员工号', '王明燕');
INSERT INTO `t_def_code` VALUES ('smsAgentCode', '07', '0066', '净值短信人员工号', '何婷');
INSERT INTO `t_def_code` VALUES ('smsAgentCode', '08', '0009', '净值短信人员工号', '樊璐茜');
INSERT INTO `t_def_code` VALUES ('smsAgentCode', '09', '0007', '净值短信人员工号', '华华');
INSERT INTO `t_def_code` VALUES ('smsAgentCode', '10', '0011', '净值短信人员工号', '朱芾林');
INSERT INTO `t_def_code` VALUES ('smsBusinessType', '01', '交易流水号', '短信对应业务类型', '');
INSERT INTO `t_def_code` VALUES ('smsBusinessType', '02', '客户流水号', '短信对应业务类型', '');
INSERT INTO `t_def_code` VALUES ('smsCustType', '08', '手机变更短信', '短信类型', '');
INSERT INTO `t_def_code` VALUES ('smsCustType', '09', '邮箱变更短信', '短信类型', '');
INSERT INTO `t_def_code` VALUES ('smsCustType', '10', '账户变更短信', '短信类型', '');
INSERT INTO `t_def_code` VALUES ('smsDealStatus', '01', '未处理', '短信处理状态', '');
INSERT INTO `t_def_code` VALUES ('smsDealStatus', '02', '已处理', '短信处理状态', '');
INSERT INTO `t_def_code` VALUES ('smsSendFailReason', '0000', '系统异常，请联系IT运维人员', '短信发送失败原因', '');
INSERT INTO `t_def_code` VALUES ('smsSendFailReason', '6002', '用户帐号不正确', '短信发送失败原因', '');
INSERT INTO `t_def_code` VALUES ('smsSendFailReason', '6008', '无效的手机号码', '短信发送失败原因', '');
INSERT INTO `t_def_code` VALUES ('smsSendFailReason', '6009', '手机号码是黑名单', '短信发送失败原因', '');
INSERT INTO `t_def_code` VALUES ('smsSendFailReason', '6010', '用户密码不正确', '短信发送失败原因', '');
INSERT INTO `t_def_code` VALUES ('smsSendFailReason', '6011', '短信内容超过了最大长度限制', '短信发送失败原因', '');
INSERT INTO `t_def_code` VALUES ('smsSendFailReason', '6012', '该企业用户设置了ip限制', '短信发送失败原因', '');
INSERT INTO `t_def_code` VALUES ('smsSendFailReason', '6013', '该企业用户余额不足', '短信发送失败原因', '');
INSERT INTO `t_def_code` VALUES ('smsSendFailReason', '6014', '发送短信内容不能为空', '短信发送失败原因', '');
INSERT INTO `t_def_code` VALUES ('smsSendFailReason', '6015', '发送内容中含非法字符', '短信发送失败原因', '');
INSERT INTO `t_def_code` VALUES ('smsSendFailReason', '6019', '账户已停机，请联系客服', '短信发送失败原因', '');
INSERT INTO `t_def_code` VALUES ('smsSendFailReason', '6021', '扩展号码未备案', '短信发送失败原因', '');
INSERT INTO `t_def_code` VALUES ('smsSendFailReason', '6023', '发送手机号码超过太长，已超过300个号码', '短信发送失败原因', '');
INSERT INTO `t_def_code` VALUES ('smsSendFailReason', '6024', '定制时间不正确', '短信发送失败原因', '');
INSERT INTO `t_def_code` VALUES ('smsSendFailReason', '6025', '扩展号码太长（总长度超过20位）', '短信发送失败原因', '');
INSERT INTO `t_def_code` VALUES ('smsSendFailReason', '6080', '提交异常，请联系服务商解决', '短信发送失败原因', '');
INSERT INTO `t_def_code` VALUES ('smsSendFailReason', '6085', '短信内容为空', '短信发送失败原因', '');
INSERT INTO `t_def_code` VALUES ('smsSendObjType', '01', '客户', '短信发送对象', '');
INSERT INTO `t_def_code` VALUES ('smsSendObjType', '02', '理财经理', '短信发送对象', '');
INSERT INTO `t_def_code` VALUES ('smsSendObjType', '03', '内勤人员', '短信发送对象', '');
INSERT INTO `t_def_code` VALUES ('smsSendParam', '01', '111', '短信发送参数（接口地址）', '');
INSERT INTO `t_def_code` VALUES ('smsSendParam', '02', '111', '短信发送参数（接口方法）', '');
INSERT INTO `t_def_code` VALUES ('smsSendParam', '03', '111', '短信发送参数（账户）', '');
INSERT INTO `t_def_code` VALUES ('smsSendParam', '04', '111', '短信发送参数（密码）', '');
INSERT INTO `t_def_code` VALUES ('smsSendStatus', '01', '未发送', '短信发送状态', '');
INSERT INTO `t_def_code` VALUES ('smsSendStatus', '02', '已发送', '短信发送状态', '');
INSERT INTO `t_def_code` VALUES ('smsType', '01', '产品成立短信', '短信类型', '');
INSERT INTO `t_def_code` VALUES ('smsType', '02', '净值短信', '短信类型', '');
INSERT INTO `t_def_code` VALUES ('smsType', '03', '产品期间分配短信', '短信类型', '');
INSERT INTO `t_def_code` VALUES ('smsType', '04', '产品到期清算短信', '短信类型', '');
INSERT INTO `t_def_code` VALUES ('smsType', '15', '期间分配到账短信', '短信类型', '');
INSERT INTO `t_def_code` VALUES ('smsType', '16', '到期清算到账短信', '短信类型', '');
INSERT INTO `t_def_code` VALUES ('smsType', '17', '股权分配短信', '短信类型', '');
INSERT INTO `t_def_code` VALUES ('smsType', '18', '股权分配到账短信', '短信类型', '');
INSERT INTO `t_def_code` VALUES ('state', '0', '失效', '合作状态', ' ');
INSERT INTO `t_def_code` VALUES ('state', '1', '有效', '合作状态', ' ');
INSERT INTO `t_def_code` VALUES ('storeState', '00', '失效', '门店状态', '');
INSERT INTO `t_def_code` VALUES ('storeState', '01', '有效', '门店状态', '');
INSERT INTO `t_def_code` VALUES ('storeType', '01', '旗舰店', '门店类型', '');
INSERT INTO `t_def_code` VALUES ('storeType', '02', '财富角', '门店类型', '');
INSERT INTO `t_def_code` VALUES ('storeType', '03', '大堂店', '门店类型', '');
INSERT INTO `t_def_code` VALUES ('survivalWay', '01', '累计生息', '生存金处理方式要素单位', '');
INSERT INTO `t_def_code` VALUES ('survivalWay', '02', '现金给付', '生存金处理方式要素单位', '');
INSERT INTO `t_def_code` VALUES ('taskHandleState', '01', '未处理', '净值代办任务处理状态', '');
INSERT INTO `t_def_code` VALUES ('taskHandleState', '02', '已处理', '净值代办任务处理状态', '');
INSERT INTO `t_def_code` VALUES ('testRank', '01', '优秀', '绩效考核等级', '');
INSERT INTO `t_def_code` VALUES ('testRank', '02', '良好', '绩效考核等级', '');
INSERT INTO `t_def_code` VALUES ('testRank', '03', '合格', '绩效考核等级', '');
INSERT INTO `t_def_code` VALUES ('testRank', '04', '需改善', '绩效考核等级', '');
INSERT INTO `t_def_code` VALUES ('tradeAuditConclusion', '01', '通过', '交易审核结论', '');
INSERT INTO `t_def_code` VALUES ('tradeAuditConclusion', '03', '退回复核', '交易审核结论', '');
INSERT INTO `t_def_code` VALUES ('tradeCheckConclusion', '01', '通过', '交易复核结论', '');
INSERT INTO `t_def_code` VALUES ('tradeCheckConclusion', '03', '退回录入', '交易复核结论', '');
INSERT INTO `t_def_code` VALUES ('tradeShareChangeConclusion', '01', '审核通过', '基金份额转让审核结论', '');
INSERT INTO `t_def_code` VALUES ('tradeShareChangeConclusion', '02', '退回审核', '基金份额转让审核结论', '');
INSERT INTO `t_def_code` VALUES ('tradeStatus', '01', '录入中', '交易状态', '');
INSERT INTO `t_def_code` VALUES ('tradeStatus', '02', '复核中', '交易状态', '');
INSERT INTO `t_def_code` VALUES ('tradeStatus', '03', '审核中', '交易状态', '');
INSERT INTO `t_def_code` VALUES ('tradeStatus', '04', '审核通过', '交易状态', '');
INSERT INTO `t_def_code` VALUES ('tradeStatus', '05', '投保', '保险产品交易状态', '');
INSERT INTO `t_def_code` VALUES ('tradeStatus', '06', '承保', '保险产品交易状态', '');
INSERT INTO `t_def_code` VALUES ('tradeStatus', '07', '撤单', '保险产品交易状态', '');
INSERT INTO `t_def_code` VALUES ('tradeStatus', '08', '犹撤', '保险产品交易状态', '');
INSERT INTO `t_def_code` VALUES ('tradeStatus', '09', '撤销', '财富产品交易状态', '');
INSERT INTO `t_def_code` VALUES ('tradeStatus', '10', '成立', '财富产品交易状态', '');
INSERT INTO `t_def_code` VALUES ('tradeStatus', '11', '转让中', '基金份额转让交易状态', '');
INSERT INTO `t_def_code` VALUES ('tradeStatus', '12', '待审核', '基金份额转让交易状态', '');
INSERT INTO `t_def_code` VALUES ('tradeStatus', '13', '已转让', '基金份额转让交易状态', '');
INSERT INTO `t_def_code` VALUES ('tradeStatus', '14', '审核退回', '基金份额转让交易状态', '');
INSERT INTO `t_def_code` VALUES ('tradeStatus', '15', '退回', '交易状态', '');
INSERT INTO `t_def_code` VALUES ('tradetype', '01', '财富', '交易类型', ' ');
INSERT INTO `t_def_code` VALUES ('tradetype', '02', '保险', '交易类型', ' ');
INSERT INTO `t_def_code` VALUES ('uploadFileSize', '01', '300', '上传文件的大小（单位：M）', '');
INSERT INTO `t_def_code` VALUES ('uploadFileSize', '03', '5', '上传文件的大小（单位：M）', '');
INSERT INTO `t_def_code` VALUES ('uploadFileSize', '04', '5', '上传文件的大小（单位：M）', '');
INSERT INTO `t_def_code` VALUES ('uploadFileType', '01', '.doc', '可上传的文件类型', '');
INSERT INTO `t_def_code` VALUES ('uploadFileType', '02', '.xls', '可上传的文件类型', '');
INSERT INTO `t_def_code` VALUES ('uploadFileType', '03', '.pdf', '可上传的文件类型', '');
INSERT INTO `t_def_code` VALUES ('uploadFileType', '04', '.rar', '可上传的文件类型', '');
INSERT INTO `t_def_code` VALUES ('uploadFileType', '05', '.docx', '可上传的文件类型', '');
INSERT INTO `t_def_code` VALUES ('uploadFileType', '06', '.xlsx', '可上传的文件类型', '');
INSERT INTO `t_def_code` VALUES ('uploadFileType', '07', '.ppt', '可上传的文件类型', '');
INSERT INTO `t_def_code` VALUES ('uploadFileType', '08', '.pptx', '可上传的文件类型', '');
INSERT INTO `t_def_code` VALUES ('uploadFileType', '09', '.zip', '可上传的文件类型', '');
INSERT INTO `t_def_code` VALUES ('uploadFileType', '10', '.txt', '可上传的文件类型', '');
INSERT INTO `t_def_code` VALUES ('uploadFileType', '11', '.jpg', '可上传的文件类型', '');
INSERT INTO `t_def_code` VALUES ('uploadFileType', '12', '.jpeg', '可上传的文件类型', '');
INSERT INTO `t_def_code` VALUES ('uploadFileType', '13', '.bmp', '可上传的文件类型', '');
INSERT INTO `t_def_code` VALUES ('uploadFileType', '14', '.png', '可上传的文件类型', '');
INSERT INTO `t_def_code` VALUES ('uploadImageType', '01', '.jpg', '上传图片类型', '');
INSERT INTO `t_def_code` VALUES ('uploadImageType', '02', '.jpeg', '上传图片类型', '');
INSERT INTO `t_def_code` VALUES ('uploadImageType', '03', '.gif', '上传图片类型', '');
INSERT INTO `t_def_code` VALUES ('uploadImageType', '04', '.png', '上传图片类型', '');
INSERT INTO `t_def_code` VALUES ('uploadImageType', '05', '.bmp', '上传图片类型', '');
INSERT INTO `t_def_code` VALUES ('uploadVideoType', '01', '.mov', '上传视频类型', null);
INSERT INTO `t_def_code` VALUES ('uploadVideoType', '02', '.ogg', '上传视频类型', null);
INSERT INTO `t_def_code` VALUES ('uploadVideoType', '03', '.mp4', '上传视频类型', null);
INSERT INTO `t_def_code` VALUES ('userRoleType', '01', 'LCJL', '理财顾问角色编码', '');
INSERT INTO `t_def_code` VALUES ('userState', '00', '无效', '用户状态', '');
INSERT INTO `t_def_code` VALUES ('userState', '01', '有效', '用户状态', '');
INSERT INTO `t_def_code` VALUES ('wageState', '1', '结算', '薪资结算状态', '');
INSERT INTO `t_def_code` VALUES ('wageState', '2', '结转', '薪资结算状态', '');
INSERT INTO `t_def_code` VALUES ('wealthAgent', '01', '在职', '理财经理在职', '');
INSERT INTO `t_def_code` VALUES ('wealthAgent', '02', '离职', '理财经理离职', '');
INSERT INTO `t_def_code` VALUES ('wealthfactorCode', '50', '借款人类型', '50', null);
INSERT INTO `t_def_code` VALUES ('wealthfactorCode', '51', '评估价值（元）', null, null);
INSERT INTO `t_def_code` VALUES ('wealthfactorCode', '52', '借款期限（月）', null, null);
INSERT INTO `t_def_code` VALUES ('wealthfactorCode', '53', '借款利率（%/年）', null, null);
INSERT INTO `t_def_code` VALUES ('wealthfactorCode', '54', '风控信息费（%）', null, null);
INSERT INTO `t_def_code` VALUES ('wealthfactorCode', '55', '还款方式', null, null);
INSERT INTO `t_def_code` VALUES ('wealthfactorCode', '56', '补充说明', null, null);
INSERT INTO `t_def_code` VALUES ('wealthfactorCode', '57', '房产类型', null, null);
INSERT INTO `t_def_code` VALUES ('wealthfactorCode', '58', '借款用途', null, null);
INSERT INTO `t_def_code` VALUES ('wealthfactorCode', '59', '月均收入（元）', null, null);
INSERT INTO `t_def_code` VALUES ('wealthfactorCode', '60', '产权地址', null, null);
INSERT INTO `t_def_code` VALUES ('wealthfactorCode', '61', '建筑面积（m2）', null, null);
INSERT INTO `t_def_code` VALUES ('wealthfactorCode', '62', '产权证号码', null, null);
INSERT INTO `t_def_code` VALUES ('wealthfactorCode', '63', '土地证号', null, null);
INSERT INTO `t_def_code` VALUES ('wealthfactorCode', '64', '是否出租', null, null);
INSERT INTO `t_def_code` VALUES ('wealthfactorCode', '65', '借款人情况描述', null, null);
INSERT INTO `t_def_code` VALUES ('wealthfactorCode', '66', '抵押物情况描述', null, null);
INSERT INTO `t_def_code` VALUES ('wealthfactorCode', 'beneficialType', '受益权类型', '1', '');
INSERT INTO `t_def_code` VALUES ('wealthfactorCode', 'closedPeriods', '产品期限', '5', '');
INSERT INTO `t_def_code` VALUES ('wealthfactorCode', 'closedPeriodUnit', '产品期限单位', '6', '');
INSERT INTO `t_def_code` VALUES ('wealthfactorCode', 'expectOpenDay', '期望开放日', '2', '');
INSERT INTO `t_def_code` VALUES ('wealthfactorCode', 'reductionRadio', '减免比例(%)', '4', '');
INSERT INTO `t_def_code` VALUES ('wealthfactorCode', 'subscriptionFee', '认购金额', '3', '');
INSERT INTO `t_def_code` VALUES ('wealthFeeType', '01', '咨询服务费', '财富类费用类型', '');
INSERT INTO `t_def_code` VALUES ('wealthProSubType', '01', '股权类', '销售状态', '1');
INSERT INTO `t_def_code` VALUES ('wealthProSubType', '02', '固定收益类', '销售状态', '1');
INSERT INTO `t_def_code` VALUES ('wealthProSubType', '03', '浮动收益类', '销售状态', '1');
INSERT INTO `t_def_code` VALUES ('wealthProSubType', '04', '海外产品', '销售状态', '1');
INSERT INTO `t_def_code` VALUES ('workState', '0', '离职', '在职状态', ' ');
INSERT INTO `t_def_code` VALUES ('workState', '1', '在职', '在职状态', ' ');
INSERT INTO `t_def_code` VALUES ('workType', '01', '政府机关', '行业', '');
INSERT INTO `t_def_code` VALUES ('workType', '02', '电信', '行业', '');
INSERT INTO `t_def_code` VALUES ('workType', '03', '信息技术', '行业', '');
INSERT INTO `t_def_code` VALUES ('workType', '04', '商贸', '行业', '');
INSERT INTO `t_def_code` VALUES ('workType', '05', '文体', '行业', '');
INSERT INTO `t_def_code` VALUES ('workType', '06', '能源', '行业', '');
INSERT INTO `t_def_code` VALUES ('workType', '07', '社会服务', '行业', '');
INSERT INTO `t_def_code` VALUES ('workType', '08', '旅游', '行业', '');
INSERT INTO `t_def_code` VALUES ('workType', '09', '医疗', '行业', '');
INSERT INTO `t_def_code` VALUES ('workType', '10', '房地产', '行业', '');
INSERT INTO `t_def_code` VALUES ('workType', '11', '交通运输', '行业', '');
INSERT INTO `t_def_code` VALUES ('workType', '12', '法律、司法', '行业', '');
INSERT INTO `t_def_code` VALUES ('workType', '13', '媒介、广告', '行业', '');
INSERT INTO `t_def_code` VALUES ('workType', '14', '科教', '行业', '');
INSERT INTO `t_def_code` VALUES ('workType', '15', '农林牧渔', '行业', '');
INSERT INTO `t_def_code` VALUES ('workType', '16', '制造业', '行业', '');
INSERT INTO `t_def_code` VALUES ('workType', '17', '金融', '行业', '');
INSERT INTO `t_def_code` VALUES ('workType', '18', '其它', '行业', '');

-- ----------------------------
-- Table structure for t_def_com
-- ----------------------------
DROP TABLE IF EXISTS `t_def_com`;
CREATE TABLE `t_def_com` (
  `COM_ID` bigint(20) NOT NULL AUTO_INCREMENT,
  `COM_CODE` varchar(20) DEFAULT NULL,
  `COM_NAME` varchar(200) DEFAULT NULL,
  `GRADE` varchar(2) DEFAULT NULL,
  `STATE` varchar(2) DEFAULT NULL,
  `START_DATE` date DEFAULT NULL,
  `END_DATE` date DEFAULT NULL,
  `PROVINCE` varchar(20) DEFAULT NULL,
  `CITY` varchar(20) DEFAULT NULL,
  `COUNTRY` varchar(40) DEFAULT NULL,
  `STREET` varchar(100) DEFAULT NULL,
  `ZIPCODE` varchar(6) DEFAULT NULL,
  `PHONE` varchar(18) DEFAULT NULL,
  `FAX` varchar(20) DEFAULT NULL,
  `WEBSITE` varchar(100) DEFAULT NULL,
  `MANAGER_NAME` varchar(50) DEFAULT NULL,
  `MANAGER_MOBILE` varchar(100) DEFAULT NULL,
  `PARENT_COM_ID` bigint(20) DEFAULT NULL,
  `BELONG_START_DATE` date DEFAULT NULL,
  `BELONG_END_DATE` date DEFAULT NULL,
  `RC_STATE` varchar(1) NOT NULL,
  `CREATE_DATE` datetime NOT NULL,
  `MODIFY_DATE` datetime NOT NULL,
  `OPER_COM_ID` bigint(20) NOT NULL,
  `CREATE_USER_ID` bigint(20) NOT NULL,
  `MODIFY_USER_ID` bigint(20) NOT NULL,
  PRIMARY KEY (`COM_ID`)
) ENGINE=InnoDB AUTO_INCREMENT=18 DEFAULT CHARSET=utf8;

-- ----------------------------
-- Records of t_def_com
-- ----------------------------
INSERT INTO `t_def_com` VALUES ('1', 'ZB', '总部', '01', '01', '2015-10-01', '2020-01-01', '330000', '330100', '330106', '杭州总部', '310013', null, null, 'http://www.whalewealth.com', null, null, null, null, null, 'E', '2015-02-09 00:00:00', '2016-02-26 13:53:24', '1', '1', '1');
INSERT INTO `t_def_com` VALUES ('11', 'HZ001', '杭州分公司001', '02', '01', '2016-02-01', null, null, null, null, '杭州分公司', '310013', null, null, null, null, null, '1', '2016-02-01', null, 'D', '2016-02-02 04:39:50', '2016-02-02 19:29:08', '1', '1', '1');
INSERT INTO `t_def_com` VALUES ('12', 'HZFGS', '杭州分公司', '02', '01', '2016-01-01', null, '330000', '330100', '330106', '杭州分公司', '310013', null, null, null, '杭州管理', '13999999999', '1', '2016-01-01', null, 'E', '2016-02-02 19:35:24', '2016-02-26 13:56:34', '1', '1', '1');
INSERT INTO `t_def_com` VALUES ('13', 'SXFGS', '绍兴分公司', '02', '01', '2016-01-01', null, '330000', '330600', '330602', '绍兴分公司', '310013', null, null, null, '绍兴管理', '13999999999', '1', '2016-01-01', null, 'E', '2016-02-02 22:11:49', '2016-02-26 13:54:10', '1', '1', '1');
INSERT INTO `t_def_com` VALUES ('14', 'DLFGS', '大连分公司', '02', '01', '2016-01-01', null, '210000', '210200', '210202', '大连分公司', '310013', null, null, null, '大连管理', '13999999999', '1', '2016-01-01', null, 'E', '2016-02-26 14:03:27', '2016-02-26 14:09:26', '1', '1', '1');
INSERT INTO `t_def_com` VALUES ('15', 'GZFGS', '广州分公司', '02', '01', '2016-01-01', null, '440000', '440100', null, '广州分公司', '310013', null, null, null, '广州管理', '13999999999', '1', '2016-01-01', null, 'E', '2016-03-07 14:27:55', '2016-07-26 14:19:58', '1', '1', '1');
INSERT INTO `t_def_com` VALUES ('16', 'SZFGS', '深圳分公司', '02', '01', '2016-04-01', null, '440000', '440300', '440305', '深圳分公司', '310013', null, null, null, '深圳管理', '13999999999', '1', '2016-04-01', null, 'E', '2016-04-12 10:19:35', '2016-07-26 14:19:41', '1', '1', '1');
INSERT INTO `t_def_com` VALUES ('17', 'SHFGS', '上海分公司', '02', '01', '2016-08-01', null, null, null, null, '上海分公司', '310013', null, null, null, '上海管理', '13999999999', '1', '2016-08-01', null, 'E', '2016-08-23 15:37:38', '2016-08-23 15:42:46', '1', '1', '1');

-- ----------------------------
-- Table structure for t_def_department
-- ----------------------------
DROP TABLE IF EXISTS `t_def_department`;
CREATE TABLE `t_def_department` (
  `DEPARTMENT_ID` bigint(20) NOT NULL AUTO_INCREMENT,
  `COM_ID` bigint(20) DEFAULT NULL,
  `DEPARTMENT_CODE` varchar(20) DEFAULT NULL,
  `DEPARTMENT_NAME` varchar(200) DEFAULT NULL,
  `STATE` varchar(2) DEFAULT NULL,
  `FOUND_DATE` date DEFAULT NULL,
  `END_DATE` date DEFAULT NULL,
  `MANAGER_NAME` varchar(50) DEFAULT NULL,
  `MANAGER_MOBILE` varchar(100) DEFAULT NULL,
  `BELONG_START_DATE` date DEFAULT NULL,
  `BELONG_END_DATE` date DEFAULT NULL,
  `RC_STATE` varchar(1) NOT NULL,
  `CREATE_DATE` datetime NOT NULL,
  `MODIFY_DATE` datetime NOT NULL,
  `OPER_COM_ID` bigint(20) NOT NULL,
  `CREATE_USER_ID` bigint(20) NOT NULL,
  `MODIFY_USER_ID` bigint(20) NOT NULL,
  PRIMARY KEY (`DEPARTMENT_ID`),
  KEY `FK_T_DEF_DE_REFERENCE_T_DEF_CO` (`COM_ID`) USING BTREE,
  CONSTRAINT `t_def_department_ibfk_1` FOREIGN KEY (`COM_ID`) REFERENCES `t_def_com` (`COM_ID`)
) ENGINE=InnoDB AUTO_INCREMENT=32 DEFAULT CHARSET=utf8;

-- ----------------------------
-- Records of t_def_department
-- ----------------------------
INSERT INTO `t_def_department` VALUES ('20', '12', 'HZTD001', '杭州团队001', '1', '2015-10-01', null, null, null, '2015-10-01', null, 'E', '2016-02-02 19:36:49', '2016-03-07 10:44:57', '1', '1', '1');
INSERT INTO `t_def_department` VALUES ('21', '13', 'SXTD001', '绍兴团队', '1', '2015-10-01', null, null, null, '2015-10-01', null, 'E', '2016-02-02 23:07:15', '2016-03-07 10:44:34', '1', '1', '1');
INSERT INTO `t_def_department` VALUES ('26', '12', 'HZTD002', '杭州团队002', '1', '2015-10-01', null, null, null, '2015-10-01', null, 'E', '2016-02-26 13:58:19', '2016-03-07 10:44:07', '1', '1', '1');
INSERT INTO `t_def_department` VALUES ('27', '12', 'HZTD003', '杭州团队003', '1', '2015-10-01', null, null, null, '2015-10-01', null, 'E', '2016-02-26 14:00:31', '2016-03-07 10:43:47', '1', '1', '1');
INSERT INTO `t_def_department` VALUES ('28', '12', 'HZTD004', '杭州团队004', '1', '2015-10-01', null, null, null, '2015-10-01', null, 'E', '2016-02-26 14:01:06', '2016-03-07 10:19:42', '1', '1', '1');
INSERT INTO `t_def_department` VALUES ('29', '14', 'DLTD001', '大连团队', '1', '2015-10-01', null, null, null, '2015-10-01', null, 'E', '2016-03-07 10:19:12', '2016-03-07 10:19:12', '1', '1', '1');
INSERT INTO `t_def_department` VALUES ('30', '1', 'ZB001', '业务管理部门', '1', null, null, null, null, '2015-09-08', null, 'E', '2017-09-09 11:31:51', '2017-09-09 11:31:51', '1', '1', '1');
INSERT INTO `t_def_department` VALUES ('31', '1', 'ZB0002', '产品部', '1', null, null, null, null, '2015-09-17', null, 'E', '2017-09-09 11:32:49', '2017-09-09 11:32:49', '1', '1', '1');

-- ----------------------------
-- Table structure for t_def_file_info
-- ----------------------------
DROP TABLE IF EXISTS `t_def_file_info`;
CREATE TABLE `t_def_file_info` (
  `FILE_INFO_ID` bigint(20) NOT NULL AUTO_INCREMENT,
  `BUSINESS_NO` bigint(20) DEFAULT NULL,
  `BUSINESS_TYPE` varchar(2) DEFAULT NULL,
  `UPLOAD_FILE_NAME` varchar(100) DEFAULT NULL,
  `FILE_NAME` varchar(100) DEFAULT NULL,
  `FILE_SAVE_PATH` varchar(200) DEFAULT NULL,
  `FILE_DESCRIBE` varchar(1000) DEFAULT NULL,
  `RC_STATE` varchar(1) NOT NULL,
  `CREATE_DATE` datetime NOT NULL,
  `MODIFY_DATE` datetime NOT NULL,
  `OPER_COM_ID` bigint(20) NOT NULL,
  `CREATE_USER_ID` bigint(20) NOT NULL,
  `MODIFY_USER_ID` bigint(20) NOT NULL,
  `BUSINESS_SUB_TYPE` varchar(4) DEFAULT NULL,
  PRIMARY KEY (`FILE_INFO_ID`)
) ENGINE=InnoDB AUTO_INCREMENT=4476 DEFAULT CHARSET=utf8;

-- ----------------------------
-- Records of t_def_file_info
-- ----------------------------
INSERT INTO `t_def_file_info` VALUES ('4456', '1500', '01', 'F012017090709391317917441844835.pdf', 'F012017090918191419718254042190.pdf', '/mnt/data/fms_upload/files/2017/09/09/', '', 'D', '2017-09-09 18:19:14', '2017-09-09 18:20:50', '1', '1', '1', '101');
INSERT INTO `t_def_file_info` VALUES ('4457', '1500', '01', 'F012017090709391317917441844835.pdf', 'F01201709091820571023124420004.pdf', '/mnt/data/fms_upload/files/2017/09/09/', '', 'D', '2017-09-09 18:20:57', '2017-09-09 18:23:34', '1', '1', '1', '101');
INSERT INTO `t_def_file_info` VALUES ('4458', '1508', '01', 'F012017090709391317917441844835.pdf', 'F01201709091823388348370111626.pdf', '/mnt/data/fms_upload/files/2017/09/09/', '', 'E', '2017-09-09 18:23:38', '2017-09-09 18:23:38', '1', '1', '1', '');
INSERT INTO `t_def_file_info` VALUES ('4459', '1325', '10', 'logo_02.png', 'F10201709091850146762767033815.png', '/mnt/data/fms_upload/files/2017/09/09/', '', 'E', '2017-09-09 18:50:14', '2017-09-09 18:50:14', '12', '154', '154', '');
INSERT INTO `t_def_file_info` VALUES ('4460', '1', '07', 'Folder.jpg', 'F07201709100919161187129724909.jpg', '/mnt/data/fms_upload/files/2017/09/10/', '', 'E', '2017-09-10 09:19:16', '2017-09-10 09:19:16', '12', '154', '154', '');
INSERT INTO `t_def_file_info` VALUES ('4461', '3152', '13', '002_终极.mp4', 'F13201709100924421538467007927.mp4', '/mnt/data/tradeVideo/2017/09/10/', '', 'E', '2017-09-10 09:24:42', '2017-09-10 09:24:42', '12', '154', '154', '');
INSERT INTO `t_def_file_info` VALUES ('4462', '3151', '13', '002_终极.mp4', 'F132017091009262813154412885693.mp4', '/mnt/data/tradeVideo/2017/09/10/', '', 'E', '2017-09-10 09:26:28', '2017-09-10 09:26:28', '12', '154', '154', '');
INSERT INTO `t_def_file_info` VALUES ('4463', '1326', '10', '暴风截图201751022309515.jpg', 'F102017091009452417521266783619.jpg', '/mnt/data/fms_upload/files/2017/09/10/', '', 'E', '2017-09-10 09:45:24', '2017-09-10 09:45:24', '12', '154', '154', '');
INSERT INTO `t_def_file_info` VALUES ('4464', '1326', '12', '暴风截图201751022309515.jpg', 'F122017091009483414677518646616.jpg', '/mnt/data/fms_upload/files/2017/09/10/', '', 'E', '2017-09-10 09:48:34', '2017-09-10 09:48:34', '12', '154', '154', '');
INSERT INTO `t_def_file_info` VALUES ('4465', '2', '07', '暴风截图201751022309515.jpg', 'F07201709100950437752107119535.jpg', '/mnt/data/fms_upload/files/2017/09/10/', '', 'E', '2017-09-10 09:50:43', '2017-09-10 09:50:43', '12', '154', '154', '');
INSERT INTO `t_def_file_info` VALUES ('4466', '3', '07', '暴风截图201751022309515.jpg', 'F07201709101011506155053293405.jpg', '/mnt/data/fms_upload/files/2017/09/10/', '', 'E', '2017-09-10 10:11:50', '2017-09-10 10:11:50', '12', '156', '156', '');
INSERT INTO `t_def_file_info` VALUES ('4467', '1327', '10', '暴风截图201751022309515.jpg', 'F102017091010190113193818340410.jpg', '/mnt/data/fms_upload/files/2017/09/10/', '', 'E', '2017-09-10 10:19:01', '2017-09-10 10:19:01', '12', '156', '156', '');
INSERT INTO `t_def_file_info` VALUES ('4468', '1327', '12', '暴风截图201751022309515.jpg', 'F122017091010200617910236912945.jpg', '/mnt/data/fms_upload/files/2017/09/10/', '', 'E', '2017-09-10 10:20:06', '2017-09-10 10:20:06', '12', '156', '156', '');
INSERT INTO `t_def_file_info` VALUES ('4469', '3154', '13', '002_终极.mp4', 'F132017091010205911143232390828.mp4', '/mnt/data/tradeVideo/2017/09/10/', '', 'E', '2017-09-10 10:20:59', '2017-09-10 10:20:59', '12', '156', '156', '');
INSERT INTO `t_def_file_info` VALUES ('4470', '3157', '13', '00098333.mp4', 'F132017091010245314999107916455.mp4', '/mnt/data/tradeVideo/2017/09/10/', '', 'E', '2017-09-10 10:24:53', '2017-09-10 10:24:53', '12', '156', '156', '');
INSERT INTO `t_def_file_info` VALUES ('4471', '1328', '10', 'AlbumArtSmall.jpg', 'F10201709101054384051115739813.jpg', '/mnt/data/fms_upload/files/2017/09/10/', '', 'E', '2017-09-10 10:54:38', '2017-09-10 10:54:38', '12', '156', '156', '');
INSERT INTO `t_def_file_info` VALUES ('4472', '1328', '12', 'Folder.jpg', 'F1220170910105448488651879488.jpg', '/mnt/data/fms_upload/files/2017/09/10/', '', 'E', '2017-09-10 10:54:48', '2017-09-10 10:54:48', '12', '156', '156', '');
INSERT INTO `t_def_file_info` VALUES ('4473', '4', '07', 'Folder.jpg', 'F072017091010563219717469726872.jpg', '/mnt/data/fms_upload/files/2017/09/10/', '', 'E', '2017-09-10 10:56:32', '2017-09-10 10:56:32', '12', '156', '156', '');
INSERT INTO `t_def_file_info` VALUES ('4474', '5', '07', 'Folder.jpg', 'F07201709101058145217063763884.jpg', '/mnt/data/fms_upload/files/2017/09/10/', '', 'E', '2017-09-10 10:58:14', '2017-09-10 10:58:14', '12', '156', '156', '');
INSERT INTO `t_def_file_info` VALUES ('4475', '1', '02', '咨询服务协议-悟空.zip', 'F022017091109051416292181053335.zip', '/mnt/data/fms_upload/files/2017/09/11/', '', 'E', '2017-09-11 09:05:14', '2017-09-11 09:05:14', '1', '1', '1', '');

-- ----------------------------
-- Table structure for t_def_occupation
-- ----------------------------
DROP TABLE IF EXISTS `t_def_occupation`;
CREATE TABLE `t_def_occupation` (
  `OCCUPATION_CODE` varchar(10) NOT NULL,
  `OCCUPATION_NAME` varchar(240) DEFAULT NULL,
  `OCCUPATION_TYPE` varchar(10) DEFAULT NULL
) ENGINE=InnoDB DEFAULT CHARSET=utf8;

-- ----------------------------
-- Records of t_def_occupation
-- ----------------------------

-- ----------------------------
-- Table structure for t_def_pd_factor
-- ----------------------------
DROP TABLE IF EXISTS `t_def_pd_factor`;
CREATE TABLE `t_def_pd_factor` (
  `PRODUCT_TYPE` varchar(2) NOT NULL,
  `PRODUCT_SUB_TYPE` varchar(2) DEFAULT NULL,
  `FACTOR_CODE` varchar(30) NOT NULL,
  `FACTOR_NAME` varchar(20) NOT NULL,
  `FACTOR_TYPE` varchar(1) NOT NULL,
  `INPUT_WIDTH` bigint(5) DEFAULT NULL,
  `DATA_SOURCE` varchar(30) DEFAULT NULL,
  `SHOW_ORDER` bigint(5) DEFAULT NULL
) ENGINE=InnoDB DEFAULT CHARSET=utf8;

-- ----------------------------
-- Records of t_def_pd_factor
-- ----------------------------
INSERT INTO `t_def_pd_factor` VALUES ('3', null, 'loanerType', '借款人类型', '1', '1', 'loanerType', '1');
INSERT INTO `t_def_pd_factor` VALUES ('3', null, 'loanRate', '借款利率（%/年）', '6', '1', null, '2');
INSERT INTO `t_def_pd_factor` VALUES ('3', null, 'riskManageFee', '风控信息费（%）', '6', '1', null, '3');
INSERT INTO `t_def_pd_factor` VALUES ('3', null, 'qualityCustAward', '优质客户奖(%)', '6', '1', null, '4');
INSERT INTO `t_def_pd_factor` VALUES ('3', null, 'obligationFloatRate', '债券上浮比率(%)', '6', '1', null, '5');
INSERT INTO `t_def_pd_factor` VALUES ('3', null, 'adjustmentFee', '尽调费(元)', '6', '1', null, '6');
INSERT INTO `t_def_pd_factor` VALUES ('3', null, 'paymentType', '还款方式', '1', '1', 'paymentType', '7');
INSERT INTO `t_def_pd_factor` VALUES ('3', null, 'expectedLoanDuration', '借款期限(月)', '1', '1', 'loanDuration', '8');
INSERT INTO `t_def_pd_factor` VALUES ('3', null, 'monthlyIncome', '月均收入(元)', '6', '1', null, '9');
INSERT INTO `t_def_pd_factor` VALUES ('3', null, 'loanStartDate', '贷款起期', '2', '1', null, '10');
INSERT INTO `t_def_pd_factor` VALUES ('3', null, 'loanEndDate', '贷款止期', '2', '1', null, '11');
INSERT INTO `t_def_pd_factor` VALUES ('3', null, 'supplementary', '补充说明', '0', '2', null, '12');
INSERT INTO `t_def_pd_factor` VALUES ('3', null, 'loanPurpose', '借款用途', '5', '2', null, '13');

-- ----------------------------
-- Table structure for t_def_print_info
-- ----------------------------
DROP TABLE IF EXISTS `t_def_print_info`;
CREATE TABLE `t_def_print_info` (
  `PRINT_INFO_ID` bigint(20) NOT NULL AUTO_INCREMENT,
  `PRINT_TIMES` bigint(2) DEFAULT NULL,
  `BUSINESS_NO` bigint(20) DEFAULT NULL,
  `BUSINESS_TYPE` varchar(2) DEFAULT NULL,
  `PRINT_FILE_NAME` varchar(100) DEFAULT NULL,
  `FILE_SAVE_PATH` varchar(200) DEFAULT NULL,
  `PRINT_TIME` datetime NOT NULL,
  `RC_STATE` varchar(1) NOT NULL,
  `CREATE_DATE` datetime NOT NULL,
  `MODIFY_DATE` datetime NOT NULL,
  `OPER_COM_ID` bigint(20) NOT NULL,
  `CREATE_USER_ID` bigint(20) NOT NULL,
  `MODIFY_USER_ID` bigint(20) NOT NULL,
  `DOUCMENT_TYPE` varchar(2) NOT NULL,
  PRIMARY KEY (`PRINT_INFO_ID`)
) ENGINE=InnoDB DEFAULT CHARSET=utf8;

-- ----------------------------
-- Records of t_def_print_info
-- ----------------------------

-- ----------------------------
-- Table structure for t_def_privilege
-- ----------------------------
DROP TABLE IF EXISTS `t_def_privilege`;
CREATE TABLE `t_def_privilege` (
  `PRIVILEGE_ID` bigint(20) NOT NULL AUTO_INCREMENT,
  `PRIVILEGE_CODE` varchar(20) DEFAULT NULL,
  `PRIVILEGE_NAME` varchar(200) DEFAULT NULL,
  `PRIVILEGE_TYPE` varchar(20) DEFAULT NULL,
  `URL` varchar(200) DEFAULT NULL,
  `PID` bigint(20) DEFAULT NULL,
  `METHOD` varchar(20) DEFAULT NULL,
  `PRE` bigint(20) DEFAULT NULL,
  `NEXT` bigint(20) DEFAULT NULL,
  `NUM` bigint(5) DEFAULT NULL,
  `RC_STATE` varchar(1) NOT NULL,
  `CREATE_DATE` datetime DEFAULT NULL,
  `MODIFY_DATE` datetime DEFAULT NULL,
  `OPER_COM_ID` bigint(20) NOT NULL,
  `CREATE_USER_ID` bigint(20) NOT NULL,
  `MODIFY_USER_ID` bigint(20) NOT NULL,
  PRIMARY KEY (`PRIVILEGE_ID`)
) ENGINE=InnoDB AUTO_INCREMENT=237 DEFAULT CHARSET=utf8;

-- ----------------------------
-- Records of t_def_privilege
-- ----------------------------
INSERT INTO `t_def_privilege` VALUES ('8', '112', '我的任务', 'localmenu', 'nb/listTaskUrl', null, '', null, null, '708', 'E', '2015-02-11 00:00:00', '2017-11-13 11:51:04', '1', '1', '1');
INSERT INTO `t_def_privilege` VALUES ('53', '197', '网站接口', 'localmenu', '', null, '', '67', '67', '145', 'E', '2015-12-21 17:19:18', '2017-09-11 09:31:20', '1', '1', '1');
INSERT INTO `t_def_privilege` VALUES ('54', '198', '我的投资', 'localmenu', 'webInterface/myInvestUrl', '53', '', null, '55', '231', 'E', '2015-12-21 17:19:38', '2017-09-11 14:30:18', '1', '1', '1');
INSERT INTO `t_def_privilege` VALUES ('55', '199', '投资明细', 'localmenu', 'webInterface/investDetailUrl', '53', '', '54', '56', '264', 'E', '2015-12-21 17:19:54', '2017-11-13 11:51:04', '1', '1', '1');
INSERT INTO `t_def_privilege` VALUES ('56', '200', '我的理财', 'localmenu', 'webInterface/myWealthUrl', '53', '', '55', '58', '266', 'E', '2015-12-21 17:20:12', '2017-11-13 11:51:04', '1', '1', '1');
INSERT INTO `t_def_privilege` VALUES ('58', '202', '个人资料同步接口', 'localmenu', 'webInterface/personalInfoUrl', '53', '', '58', '59', '268', 'E', '2015-12-21 17:21:48', '2017-11-13 11:51:04', '1', '1', '1');
INSERT INTO `t_def_privilege` VALUES ('59', '203', '我的保险', 'localmenu', 'webInerface/myInsuranceUrl', '53', '', '58', null, '269', 'E', '2015-12-21 17:24:35', '2017-11-13 11:51:04', '1', '1', '1');
INSERT INTO `t_def_privilege` VALUES ('67', '207', '管理', 'localmenu', '', null, '', '53', '73', '162', 'D', '2016-06-06 19:01:56', '2017-06-02 14:49:47', '1', '1', '1');
INSERT INTO `t_def_privilege` VALUES ('89', '229', '交易', 'localmenu', '', null, '', '83', '94', '122', 'D', '2017-05-19 14:26:47', '2017-05-19 14:33:18', '1', '1', '1');
INSERT INTO `t_def_privilege` VALUES ('92', '232', '交易认购', 'localmenu', 'trade/tradeInputListUrl', '134', '', '91', '93', '122', 'E', '2017-05-19 14:26:47', '2017-05-19 14:26:47', '1', '1', '1');
INSERT INTO `t_def_privilege` VALUES ('94', '234', '查询', 'localmenu', '', null, '', '89', '105', '143', 'D', '2017-05-19 14:33:18', '2017-06-02 14:49:47', '1', '1', '1');
INSERT INTO `t_def_privilege` VALUES ('96', '236', '投资查询', 'localmenu', 'customer/listInvestmentInfoUrl', '130', '', '95', '97', '145', 'E', '2017-05-19 14:33:18', '2017-09-11 09:31:20', '1', '1', '1');
INSERT INTO `t_def_privilege` VALUES ('97', '237', '产品查询', 'localmenu', '', '105', '', '96', '101', '145', 'E', '2017-05-19 14:33:18', '2017-09-11 09:31:20', '1', '1', '1');
INSERT INTO `t_def_privilege` VALUES ('98', '238', '固定收益产品', 'localmenu', 'product/fixedProductListUrl', '97', '', null, '99', '145', 'E', '2017-05-19 14:33:18', '2017-09-11 09:31:20', '1', '1', '1');
INSERT INTO `t_def_privilege` VALUES ('99', '239', '股权类产品', 'localmenu', 'product/stockProductListUrl', '97', '', '98', '100', '145', 'E', '2017-05-19 14:33:18', '2017-09-11 09:31:20', '1', '1', '1');
INSERT INTO `t_def_privilege` VALUES ('100', '240', '浮动类产品', 'localmenu', 'product/floatProductlistUrl', '97', '', '99', '169', '147', 'E', '2017-05-19 14:33:18', '2017-09-11 09:31:20', '1', '1', '1');
INSERT INTO `t_def_privilege` VALUES ('105', '245', '产品', 'localmenu', '', null, '', '94', null, '149', 'E', '2017-05-19 14:33:44', '2017-09-11 09:31:20', '1', '1', '1');
INSERT INTO `t_def_privilege` VALUES ('115', '255', '交易复核', 'localmenu', 'trade/tradeCheckListUrl', '134', '', '93', '116', '124', 'E', '2017-05-23 16:48:51', '2017-05-23 16:49:18', '1', '1', '1');
INSERT INTO `t_def_privilege` VALUES ('116', '256', '交易审核', 'localmenu', 'trade/tradeAuditListUrl', '134', '', '115', '167', '126', 'E', '2017-05-23 16:49:18', '2017-05-24 09:18:03', '1', '1', '1');
INSERT INTO `t_def_privilege` VALUES ('117', '257', '工资查询', 'localmenu', 'sales/querySalaryUrl', '147', '', '101', '175', '140', 'D', '2017-05-23 16:53:51', '2017-06-02 14:49:47', '1', '1', '1');
INSERT INTO `t_def_privilege` VALUES ('118', '258', '产品管理', 'localmenu', '', '105', '', '112', '173', '164', 'E', '2017-05-23 16:59:15', '2017-09-11 09:31:20', '1', '1', '1');
INSERT INTO `t_def_privilege` VALUES ('119', '259', '产品设置', 'localmenu', 'product/listProductDefUrl', '118', '', null, '121', '164', 'E', '2017-05-23 16:59:15', '2017-09-11 09:31:20', '1', '1', '1');
INSERT INTO `t_def_privilege` VALUES ('121', '261', '产品附件', 'localmenu', 'product/pdAppendixUploadUrl', '118', '', '119', '122', '168', 'E', '2017-05-23 16:59:15', '2017-09-11 09:31:20', '1', '1', '1');
INSERT INTO `t_def_privilege` VALUES ('122', '262', '热门产品管理', 'localmenu', 'productOrder/hotListProductUrl', '118', '', '121', '123', '160', 'D', '2017-05-23 16:59:15', '2017-06-02 14:49:47', '1', '1', '1');
INSERT INTO `t_def_privilege` VALUES ('123', '263', '产品发布', 'localmenu', 'product/listProductReleaseUrl', '118', '', '122', '174', '164', 'E', '2017-05-23 17:04:08', '2017-09-11 09:31:20', '1', '1', '1');
INSERT INTO `t_def_privilege` VALUES ('124', '264', '产品维护', 'localmenu', '', '105', '', '173', null, '173', 'E', '2017-05-23 17:07:25', '2017-09-11 09:31:20', '1', '1', '1');
INSERT INTO `t_def_privilege` VALUES ('125', '265', '产品净值维护', 'localmenu', 'product/listNetWorthFindUrl', '124', '', null, '126', '173', 'E', '2017-05-23 17:07:25', '2017-09-11 09:31:20', '1', '1', '1');
INSERT INTO `t_def_privilege` VALUES ('126', '266', '产品开放日维护', 'localmenu', 'product/listOpenDayFindUrl', '124', '', '125', '231', '175', 'E', '2017-05-23 17:07:25', '2017-09-11 14:30:18', '1', '1', '1');
INSERT INTO `t_def_privilege` VALUES ('127', '267', '产品合作机构维护', 'localmenu', 'cooperation/listAgencyComUrl', '124', '', '126', '128', '171', 'D', '2017-05-23 17:07:25', '2017-09-11 08:50:11', '1', '1', '1');
INSERT INTO `t_def_privilege` VALUES ('128', '268', '产品投后清单', 'localmenu', 'product/listFixedProductIncomeUrl', '124', '', '127', '129', '171', 'D', '2017-05-23 17:07:25', '2017-06-02 14:49:47', '1', '1', '1');
INSERT INTO `t_def_privilege` VALUES ('129', '269', '产品净值待办任务', 'localmenu', 'product/listNetValueTaskUrl', '124', '', '128', null, '173', 'D', '2017-05-23 17:09:11', '2017-06-02 15:01:22', '1', '1', '1');
INSERT INTO `t_def_privilege` VALUES ('130', '270', '客户管理', 'localmenu', '', null, '', '114', '134', '188', 'E', '2017-05-23 17:13:05', '2017-09-11 14:30:18', '1', '1', '1');
INSERT INTO `t_def_privilege` VALUES ('132', '272', '客户信息导出', 'localmenu', 'customer/listCustomerPhoneUrl', '130', '', '131', '133', '188', 'E', '2017-05-23 17:13:05', '2017-09-11 14:30:18', '1', '1', '1');
INSERT INTO `t_def_privilege` VALUES ('133', '273', '客户归属调整', 'localmenu', 'customer/listBelongCustomerUrl', '130', '', '132', null, '188', 'E', '2017-05-23 17:13:05', '2017-09-11 14:30:18', '1', '1', '1');
INSERT INTO `t_def_privilege` VALUES ('134', '274', '交易管理', 'localmenu', '', null, '', '130', '139', '194', 'E', '2017-05-23 17:17:55', '2017-09-11 14:30:18', '1', '1', '1');
INSERT INTO `t_def_privilege` VALUES ('135', '275', '交易状态维护', 'localmenu', 'trade/listTradeStatusUrl', '134', '', null, '136', '194', 'E', '2017-05-23 17:17:55', '2017-09-11 14:30:18', '1', '1', '1');
INSERT INTO `t_def_privilege` VALUES ('136', '276', '份额转让', 'localmenu', 'funds/listTradeFundsUrl', '134', '', '135', '137', '193', 'E', '2017-05-23 17:17:55', '2017-09-11 14:30:18', '1', '1', '1');
INSERT INTO `t_def_privilege` VALUES ('137', '277', '份额受让', 'localmenu', 'funds/listTradeFundsTransFereeUrl', '134', '', '136', '138', '194', 'E', '2017-05-23 17:17:55', '2017-09-11 14:30:18', '1', '1', '1');
INSERT INTO `t_def_privilege` VALUES ('138', '278', '份额转让审核', 'localmenu', 'funds/listTransferAuditUrl', '134', '', '137', null, '194', 'E', '2017-05-23 17:17:55', '2017-09-11 14:30:18', '1', '1', '1');
INSERT INTO `t_def_privilege` VALUES ('139', '279', '赎回管理', 'localmenu', '', null, '', '134', '142', '198', 'E', '2017-05-23 17:20:40', '2017-09-11 14:30:18', '1', '1', '1');
INSERT INTO `t_def_privilege` VALUES ('140', '280', '赎回确认', 'localmenu', 'redemption/redemptionConfirmListUrl', '139', '', null, '141', '197', 'E', '2017-05-23 17:20:40', '2017-09-11 14:30:18', '1', '1', '1');
INSERT INTO `t_def_privilege` VALUES ('141', '281', '赎回状态维护', 'localmenu', 'redemption/redemptionInfoUploadListUrl', '139', '', '140', null, '197', 'E', '2017-05-23 17:20:40', '2017-09-11 14:30:18', '1', '1', '1');
INSERT INTO `t_def_privilege` VALUES ('142', '282', '预约管理', 'localmenu', '', null, '', '139', '147', '203', 'E', '2017-05-23 17:24:15', '2017-09-11 14:30:18', '1', '1', '1');
INSERT INTO `t_def_privilege` VALUES ('143', '283', '产品预约额度分配', 'localmenu', 'product/productAmountDistribute', '142', '', null, '144', '202', 'E', '2017-05-23 17:24:15', '2017-09-11 14:30:18', '1', '1', '1');
INSERT INTO `t_def_privilege` VALUES ('144', '284', '产品预约查询', 'localmenu', 'productOrder/productOrderQuery', '142', '', '143', '145', '204', 'E', '2017-05-23 17:24:15', '2017-09-11 14:30:18', '1', '1', '1');
INSERT INTO `t_def_privilege` VALUES ('145', '285', '产品预约审核', 'localmenu', 'productOrder/productOrderAudit', '142', '', '144', '146', '204', 'E', '2017-05-23 17:24:15', '2017-09-11 14:30:18', '1', '1', '1');
INSERT INTO `t_def_privilege` VALUES ('146', '286', '产品预约排队管理', 'localmenu', 'productOrder/listRemainAmountDistributeUrl', '142', '', '145', null, '204', 'E', '2017-05-23 17:24:15', '2017-09-11 14:30:18', '1', '1', '1');
INSERT INTO `t_def_privilege` VALUES ('147', '287', '销售管理', 'localmenu', '', null, '', '142', '153', '211', 'E', '2017-05-23 17:29:09', '2017-09-11 14:30:18', '1', '1', '1');
INSERT INTO `t_def_privilege` VALUES ('148', '288', '机构信息维护', 'localmenu', 'branch/listComUrl', '147', '', null, '149', '211', 'E', '2017-05-23 17:29:09', '2017-09-11 14:30:18', '1', '1', '1');
INSERT INTO `t_def_privilege` VALUES ('149', '289', '部门信息维护', 'localmenu', 'branch/listDepartmentUrl', '147', '', '148', '150', '211', 'E', '2017-05-23 17:29:09', '2017-09-11 14:30:18', '1', '1', '1');
INSERT INTO `t_def_privilege` VALUES ('150', '290', '理财顾问信息维护', 'localmenu', 'sales/listAgentUrl', '147', '', '149', '229', '211', 'E', '2017-05-23 17:29:09', '2017-09-11 14:30:18', '1', '1', '1');
INSERT INTO `t_def_privilege` VALUES ('151', '291', '基本工资信息维护', 'localmenu', 'sales/listSalaryUrl', '147', '', '150', '152', '208', 'D', '2017-05-23 17:29:09', '2017-06-02 15:01:22', '1', '1', '1');
INSERT INTO `t_def_privilege` VALUES ('152', '292', '佣金信息维护', 'localmenu', 'sales/listCommissionUrl', '147', '', '151', null, '208', 'D', '2017-05-23 17:29:09', '2017-06-02 15:01:22', '1', '1', '1');
INSERT INTO `t_def_privilege` VALUES ('153', '293', '短信管理', 'localmenu', '', null, '', '147', '157', '218', 'E', '2017-05-23 17:33:12', '2017-09-11 14:30:18', '1', '1', '1');
INSERT INTO `t_def_privilege` VALUES ('154', '294', '内勤人员管理', 'localmenu', 'manager/listManagerUrl', '153', '', null, '155', '213', 'D', '2017-05-23 17:33:12', '2017-06-02 15:01:22', '1', '1', '1');
INSERT INTO `t_def_privilege` VALUES ('155', '295', '客户短信审核', 'localmenu', 'sms/listCustMessageAuditUrl', '153', '', '154', '156', '218', 'E', '2017-05-23 17:33:12', '2017-09-11 14:30:18', '1', '1', '1');
INSERT INTO `t_def_privilege` VALUES ('156', '296', '产品短信审核', 'localmenu', 'sms/listMessageAuditUrl', '153', '', '155', null, '218', 'E', '2017-05-23 17:33:12', '2017-09-11 14:30:18', '1', '1', '1');
INSERT INTO `t_def_privilege` VALUES ('157', '297', '系统管理', 'localmenu', '', null, '', '153', '162', '220', 'E', '2017-05-23 17:40:44', '2017-09-11 14:30:18', '1', '1', '1');
INSERT INTO `t_def_privilege` VALUES ('158', '298', '角色管理', 'localmenu', 'role/listRoleUrl', '157', '', null, '159', '231', 'E', '2017-05-23 17:40:44', '2017-09-11 14:30:18', '1', '1', '1');
INSERT INTO `t_def_privilege` VALUES ('159', '299', '菜单管理', 'localmenu', 'menu/listMenuUrl', '157', '', '158', '160', '230', 'E', '2017-05-23 17:40:44', '2017-09-11 14:30:18', '1', '1', '1');
INSERT INTO `t_def_privilege` VALUES ('160', '300', '首页文件上传', 'localmenu', 'index/uploadFilesUrl', '157', '', '159', '177', '226', 'D', '2017-05-23 17:40:44', '2017-06-02 15:25:21', '1', '1', '1');
INSERT INTO `t_def_privilege` VALUES ('162', '302', '收益分配管理', 'localmenu', '', null, '', '157', '207', '239', 'E', '2017-05-23 17:45:11', '2017-09-11 14:30:18', '1', '1', '1');
INSERT INTO `t_def_privilege` VALUES ('163', '303', '收益分配计算查询', 'localmenu', 'incomeDis/incomeDistributionListUrl', '162', '', null, '164', '244', 'E', '2017-05-23 17:45:11', '2017-09-11 14:30:18', '1', '1', '1');
INSERT INTO `t_def_privilege` VALUES ('164', '304', '收益分配导入', 'localmenu', 'incomeDis/incomeDistributionImportUrl', '162', '', '163', '165', '244', 'E', '2017-05-23 17:45:11', '2017-09-11 14:30:18', '1', '1', '1');
INSERT INTO `t_def_privilege` VALUES ('165', '305', '收益分配明细查询', 'localmenu', 'incomeDis/incomeDistributionDetailUrl', '162', '', '164', '166', '244', 'E', '2017-05-23 17:45:11', '2017-09-11 14:30:18', '1', '1', '1');
INSERT INTO `t_def_privilege` VALUES ('167', '307', '产品预约', 'localmenu', 'productOrder/productAmountOrder', '142', '', '116', '168', '128', 'E', '2017-05-24 09:18:03', '2017-05-24 09:22:14', '1', '1', '1');
INSERT INTO `t_def_privilege` VALUES ('168', '308', '交易赎回', 'localmenu', 'redemption/tradeRedemptionListUrl', '139', '', '167', '172', '130', 'E', '2017-05-24 09:22:14', '2017-05-27 15:49:18', '1', '1', '1');
INSERT INTO `t_def_privilege` VALUES ('169', '309', '海外产品', 'localmenu', 'product/overseasProductlistUrl', '97', '', '100', null, '147', 'D', '2017-05-24 09:53:10', '2017-06-02 14:49:47', '1', '1', '1');
INSERT INTO `t_def_privilege` VALUES ('172', '311', '客户维护', 'localmenu', 'customer/listCustomerUrl', '130', '', '168', null, '132', 'E', '2017-05-27 15:49:18', '2017-05-27 15:49:18', '1', '1', '1');
INSERT INTO `t_def_privilege` VALUES ('174', '312', '合同号管理', 'localmenu', 'product/pdContractInfoUrl', '118', '', '123', null, '166', 'E', '2017-06-01 14:16:05', '2017-09-11 09:31:20', '1', '1', '1');
INSERT INTO `t_def_privilege` VALUES ('175', '313', '客户查询', 'localmenu', 'customer/listCustomerSearchUrl', '130', '', '117', '215', '142', 'E', '2017-06-02 14:49:46', '2017-09-11 09:31:20', '1', '1', '1');
INSERT INTO `t_def_privilege` VALUES ('177', '314', '用户管理', 'localmenu', 'user/listUserUrl', '157', '', '160', null, '233', 'E', '2017-06-02 15:25:21', '2017-09-11 14:30:18', '1', '1', '1');
INSERT INTO `t_def_privilege` VALUES ('207', '315', '批处理管理', 'localmenu', '', null, '', '162', '209', '242', 'E', '2017-09-09 17:29:27', '2017-09-11 14:30:18', '1', '1', '1');
INSERT INTO `t_def_privilege` VALUES ('208', '316', '批处理调度', 'localmenu', 'quartz/listSchedulerUrl', '207', '', null, null, '242', 'E', '2017-09-09 17:29:27', '2017-09-11 14:30:18', '1', '1', '1');
INSERT INTO `t_def_privilege` VALUES ('209', '317', '报表管理', 'localmenu', '', null, '', '207', '221', '244', 'E', '2017-09-10 14:38:28', '2017-09-11 14:30:18', '1', '1', '1');
INSERT INTO `t_def_privilege` VALUES ('210', '318', '业管部报表', 'localmenu', 'reports/listBusinessManageReportUrl', '209', '', null, null, '262', 'E', '2017-09-10 14:40:35', '2017-11-13 11:51:04', '1', '1', '1');
INSERT INTO `t_def_privilege` VALUES ('211', '241', '报表查询', 'localmenu', '', null, '', '197', '117', '239', 'D', '2017-05-19 14:33:18', '2017-09-09 17:29:27', '1', '1', '1');
INSERT INTO `t_def_privilege` VALUES ('212', '242', '业管部报表下载', 'localmenu', 'reports/listBusinessManageReportUrl', '209', '', null, '213', '137', 'D', '2017-05-19 14:33:18', '2017-05-27 15:49:18', '1', '1', '1');
INSERT INTO `t_def_privilege` VALUES ('213', '243', '销售清单信息报表', 'localmenu', 'reports/listSaleListUrl', '209', '', '212', '214', '137', 'E', '2017-05-19 14:33:18', '2017-05-27 15:49:18', '1', '1', '1');
INSERT INTO `t_def_privilege` VALUES ('214', '310', '赎回信息报表', 'localmenu', 'reports/listRedemptionDetailUrl', '209', '', '213', null, '139', 'E', '2017-05-26 09:40:46', '2017-05-27 15:49:18', '1', '1', '1');
INSERT INTO `t_def_privilege` VALUES ('215', '319', '活动量管理', 'localmenu', 'preCustomer/listPreCustActivityUrl', '130', '', '175', null, '144', 'E', '2017-09-11 08:50:11', '2017-09-11 09:31:20', '1', '1', '1');
INSERT INTO `t_def_privilege` VALUES ('221', '320', '薪资考核管理', 'localmenu', '', null, '', '209', '226', '246', 'E', '2017-09-11 08:58:12', '2017-09-11 14:30:18', '1', '1', '1');
INSERT INTO `t_def_privilege` VALUES ('222', '321', '薪资查询', 'localmenu', 'sales/salaryFindListUrl', '221', '', null, '223', '252', 'E', '2017-09-11 08:58:41', '2017-11-13 11:50:04', '1', '1', '1');
INSERT INTO `t_def_privilege` VALUES ('223', '322', '薪资管理', 'localmenu', 'sales/salaryCalculationListUrl', '221', '', '222', '224', '258', 'E', '2017-09-11 08:59:02', '2017-11-13 11:51:04', '1', '1', '1');
INSERT INTO `t_def_privilege` VALUES ('224', '323', '考核查询', 'localmenu', 'sales/assessmentFindUrl', '221', '', '223', '225', '260', 'E', '2017-09-11 08:59:29', '2017-11-13 11:51:04', '1', '1', '1');
INSERT INTO `t_def_privilege` VALUES ('225', '324', '考核管理', 'localmenu', 'sales/assessmentCaluationUrl', '221', '', '224', null, '262', 'E', '2017-09-11 08:59:48', '2017-11-13 11:51:04', '1', '1', '1');
INSERT INTO `t_def_privilege` VALUES ('226', '325', '合作机构管理', 'localmenu', '', null, '', '221', '232', '248', 'E', '2017-09-11 09:02:17', '2017-11-13 11:49:50', '1', '1', '1');
INSERT INTO `t_def_privilege` VALUES ('227', '326', '合作机构信息维护', 'localmenu', 'cooperation/listAgencyComUrl', '226', '', null, '228', '252', 'E', '2017-09-11 09:02:44', '2017-11-13 11:50:04', '1', '1', '1');
INSERT INTO `t_def_privilege` VALUES ('228', '327', '合作协议信息维护', 'localmenu', 'cooperation/listAgencyProtoclUrl', '226', '', '227', null, '256', 'E', '2017-09-11 09:03:17', '2017-11-13 11:50:43', '1', '1', '1');
INSERT INTO `t_def_privilege` VALUES ('229', '328', '基本法版本设置', 'localmenu', 'basicLaw/listBasicLawVersionUrl', '147', '', '150', '230', '213', 'E', '2017-09-11 09:45:26', '2017-09-11 14:30:18', '1', '1', '1');
INSERT INTO `t_def_privilege` VALUES ('230', '329', '基本法产品设置', 'localmenu', 'basicLaw/listBasicLawProductUrl', '147', '', '229', null, '215', 'E', '2017-09-11 09:45:51', '2017-09-11 14:30:18', '1', '1', '1');
INSERT INTO `t_def_privilege` VALUES ('231', '330', '股权投后清单', 'localmenu', 'product/listStockProductIncomeUrl', '124', '', '126', null, '177', 'E', '2017-09-11 14:30:18', '2017-09-11 14:30:18', '1', '1', '1');
INSERT INTO `t_def_privilege` VALUES ('232', '331', '结算管理', 'localmenu', '', null, '', '226', null, '250', 'E', '2017-11-13 11:49:50', '2017-11-13 11:49:50', '1', '1', '1');
INSERT INTO `t_def_privilege` VALUES ('233', '332', '交易结算', 'localmenu', 'balance/listTradeBalanceUrl', '232', '', null, '234', '252', 'E', '2017-11-13 11:50:04', '2017-11-13 11:50:22', '1', '1', '1');
INSERT INTO `t_def_privilege` VALUES ('234', '333', '结算结果导入', 'localmenu', 'balance/listTradeBalanceImportUrl', '232', '', '233', '235', '254', 'E', '2017-11-13 11:50:21', '2017-11-13 11:50:42', '1', '1', '1');
INSERT INTO `t_def_privilege` VALUES ('235', '334', '业务收入结算查询', 'localmenu', 'balance/listBusinessIncomeBalanceUrl', '232', '', '234', '236', '256', 'E', '2017-11-13 11:50:42', '2017-11-13 11:51:04', '1', '1', '1');
INSERT INTO `t_def_privilege` VALUES ('236', '335', '业务收入结算导入', 'localmenu', 'balance/businessIncomeImportUrl', '232', '', '235', null, '258', 'E', '2017-11-13 11:51:04', '2017-11-13 11:51:04', '1', '1', '1');

-- ----------------------------
-- Table structure for t_def_question
-- ----------------------------
DROP TABLE IF EXISTS `t_def_question`;
CREATE TABLE `t_def_question` (
  `QUESTION_ID` bigint(20) NOT NULL AUTO_INCREMENT,
  `QUESTIONNAIRE_CODE` varchar(20) NOT NULL,
  `QUESTION_CODE` varchar(20) NOT NULL,
  `QUESTION_NO` bigint(20) NOT NULL,
  `QUESTION_CONTENT` varchar(500) NOT NULL,
  `RC_STATE` varchar(1) NOT NULL,
  `CREATE_DATE` datetime NOT NULL,
  `MODIFY_DATE` datetime NOT NULL,
  `OPER_COM_ID` bigint(20) NOT NULL,
  `CREATE_USER_ID` bigint(20) NOT NULL,
  `MODIFY_USER_ID` bigint(20) NOT NULL,
  PRIMARY KEY (`QUESTION_ID`)
) ENGINE=InnoDB AUTO_INCREMENT=96 DEFAULT CHARSET=utf8;

-- ----------------------------
-- Records of t_def_question
-- ----------------------------
INSERT INTO `t_def_question` VALUES ('31', 'QA0001', 'QA0001_001', '1', '贵机构目前的市场竞争力及经营状况为？', 'E', '2016-01-26 20:40:53', '2016-01-26 20:40:53', '1', '1', '1');
INSERT INTO `t_def_question` VALUES ('32', 'QA0001', 'QA0001_002', '2', '贵机构的净资产为？', 'E', '2016-01-26 20:40:53', '2016-01-26 20:40:53', '1', '1', '1');
INSERT INTO `t_def_question` VALUES ('33', 'QA0001', 'QA0001_003', '3', '贵机构目前主要的收入来源是？', 'E', '2016-01-26 20:40:53', '2016-01-26 20:40:53', '1', '1', '1');
INSERT INTO `t_def_question` VALUES ('34', 'QA0001', 'QA0001_004', '4', '贵机构面临的现金流压力如何？', 'E', '2016-01-26 20:40:53', '2016-01-26 20:40:53', '1', '1', '1');
INSERT INTO `t_def_question` VALUES ('35', 'QA0001', 'QA0001_005', '5', '贵机构资产负债率情况？', 'E', '2016-01-26 20:40:53', '2016-01-26 20:40:53', '1', '1', '1');
INSERT INTO `t_def_question` VALUES ('36', 'QA0001', 'QA0001_006', '6', '贵机构在过去的投资中，投资期限一般多长？', 'E', '2016-01-26 20:40:54', '2016-01-26 20:40:54', '1', '1', '1');
INSERT INTO `t_def_question` VALUES ('37', 'QA0001', 'QA0001_007', '7', '贵机构从事证券资产投资的年限为？', 'E', '2016-01-26 20:40:54', '2016-01-26 20:40:54', '1', '1', '1');
INSERT INTO `t_def_question` VALUES ('38', 'QA0001', 'QA0001_008', '8', '贵机构资产管理状况为？', 'E', '2016-01-26 20:40:54', '2016-01-26 20:40:54', '1', '1', '1');
INSERT INTO `t_def_question` VALUES ('39', 'QA0001', 'QA0001_009', '9', '在过去两年中，贵机构投资金额占比较高的产品类型是？', 'E', '2016-01-26 20:40:54', '2016-01-26 20:40:54', '1', '1', '1');
INSERT INTO `t_def_question` VALUES ('40', 'QA0001', 'QA0001_010', '10', '下面哪一种表述最符合贵机构对今后三年投资表现的态度？', 'E', '2016-01-26 20:40:54', '2016-01-26 20:40:54', '1', '1', '1');
INSERT INTO `t_def_question` VALUES ('41', 'QA0001', 'QA0001_011', '11', '贵机构目前的投资规模是？', 'E', '2016-01-26 20:40:54', '2016-01-26 20:40:54', '1', '1', '1');
INSERT INTO `t_def_question` VALUES ('42', 'QA0001', 'QA0001_012', '12', '在未来五年内，贵司预期主营业务收入会有何变化？', 'E', '2016-01-26 20:40:54', '2016-01-26 20:40:54', '1', '1', '1');
INSERT INTO `t_def_question` VALUES ('43', 'QA0001', 'QA0001_013', '13', '如果贵机构的一笔投资在6 至9 个月内市值下降了20%，贵机构处置方式为？', 'E', '2016-01-26 20:40:54', '2016-01-26 20:40:54', '1', '1', '1');
INSERT INTO `t_def_question` VALUES ('44', 'QA0001', 'QA0001_014', '14', '贵机构进行私募基金投资的目的是？', 'E', '2016-01-26 20:40:54', '2016-01-26 20:40:54', '1', '1', '1');
INSERT INTO `t_def_question` VALUES ('45', 'QA0001', 'QA0001_015', '15', '假设证券市场在近五年均表现低迷，贵机构可接受的投资回报为？', 'E', '2016-01-26 20:40:54', '2016-01-26 20:40:54', '1', '1', '1');
INSERT INTO `t_def_question` VALUES ('46', 'QA0002', 'QA0002_001', '1', '您的年龄介于？', 'E', '2016-01-26 20:41:49', '2016-01-26 20:41:49', '1', '1', '1');
INSERT INTO `t_def_question` VALUES ('47', 'QA0002', 'QA0002_002', '2', '您的学历是？', 'E', '2016-01-26 20:41:49', '2016-01-26 20:41:49', '1', '1', '1');
INSERT INTO `t_def_question` VALUES ('48', 'QA0002', 'QA0002_003', '3', '您的职业为？', 'E', '2016-01-26 20:41:49', '2016-01-26 20:41:49', '1', '1', '1');
INSERT INTO `t_def_question` VALUES ('49', 'QA0002', 'QA0002_004', '4', '您的家庭可支配年收入为（折合人民币）？', 'E', '2016-01-26 20:41:49', '2016-01-26 20:41:49', '1', '1', '1');
INSERT INTO `t_def_question` VALUES ('50', 'QA0002', 'QA0002_005', '5', '在您每年的家庭可支配收入中，可用于金融投资（储蓄存款除外）的比例为？', 'E', '2016-01-26 20:41:49', '2016-01-26 20:41:49', '1', '1', '1');
INSERT INTO `t_def_question` VALUES ('51', 'QA0002', 'QA0002_006', '6', '您的投资知识可描述为？', 'E', '2016-01-26 20:41:49', '2016-01-26 20:41:49', '1', '1', '1');
INSERT INTO `t_def_question` VALUES ('52', 'QA0002', 'QA0002_007', '7', '您的投资经验可描述为？', 'E', '2016-01-26 20:41:49', '2016-01-26 20:41:49', '1', '1', '1');
INSERT INTO `t_def_question` VALUES ('53', 'QA0002', 'QA0002_008', '8', '您有多少年投资基金、股票、信托、私募证券或金融衍生产品等风险投资品的经验？', 'E', '2016-01-26 20:41:49', '2016-01-26 20:41:49', '1', '1', '1');
INSERT INTO `t_def_question` VALUES ('54', 'QA0002', 'QA0002_009', '9', '您计划的投资期限是多久？', 'E', '2016-01-26 20:41:49', '2016-01-26 20:41:49', '1', '1', '1');
INSERT INTO `t_def_question` VALUES ('55', 'QA0002', 'QA0002_010', '10', '您的投资目的是？', 'E', '2016-01-26 20:41:49', '2016-01-26 20:41:49', '1', '1', '1');
INSERT INTO `t_def_question` VALUES ('56', 'QA0002', 'QA0002_011', '11', '您希望获得的年收益率是多少？', 'E', '2016-01-26 20:41:49', '2016-01-26 20:41:49', '1', '1', '1');
INSERT INTO `t_def_question` VALUES ('57', 'QA0002', 'QA0002_012', '12', '以下哪项描述最符合您的投资态度？', 'E', '2016-01-26 20:41:49', '2016-01-26 20:41:49', '1', '1', '1');
INSERT INTO `t_def_question` VALUES ('58', 'QA0002', 'QA0002_013', '13', '假设有两种投资：投资A预期获得10%的收益，可能承担的损失非常小；投资B预期获得30%的收益，但可能承担较大亏损。您会怎么支配您的投资？', 'E', '2016-01-26 20:41:49', '2016-01-26 20:41:49', '1', '1', '1');
INSERT INTO `t_def_question` VALUES ('59', 'QA0002', 'QA0002_014', '14', '您认为自己能承受的最大投资损失是多少？', 'E', '2016-01-26 20:41:49', '2016-01-26 20:41:49', '1', '1', '1');
INSERT INTO `t_def_question` VALUES ('60', 'QA0002', 'QA0002_015', '15', '如果您的股票型基金投资暂时亏损了30％，你怎么办？', 'E', '2016-01-26 20:41:49', '2016-01-26 20:41:49', '1', '1', '1');
INSERT INTO `t_def_question` VALUES ('61', 'QA0003', 'QA0003_001', '1', '贵机构的性质？', 'E', '2016-01-26 20:40:53', '2016-01-26 20:40:53', '1', '1', '1');
INSERT INTO `t_def_question` VALUES ('62', 'QA0003', 'QA0003_002', '2', '贵机构的净资产规模为？', 'E', '2016-01-26 20:40:53', '2016-01-26 20:40:53', '1', '1', '1');
INSERT INTO `t_def_question` VALUES ('63', 'QA0003', 'QA0003_003', '3', '贵机构年营业收入为？', 'E', '2016-01-26 20:40:53', '2016-01-26 20:40:53', '1', '1', '1');
INSERT INTO `t_def_question` VALUES ('64', 'QA0003', 'QA0003_004', '4', '贵机构证券账户资产为？', 'E', '2016-01-26 20:40:53', '2016-01-26 20:40:53', '1', '1', '1');
INSERT INTO `t_def_question` VALUES ('65', 'QA0003', 'QA0003_005', '5', '贵机构是否有尚未清偿的数额较大的债务，如有，主要是？', 'E', '2016-01-26 20:40:53', '2016-01-26 20:40:53', '1', '1', '1');
INSERT INTO `t_def_question` VALUES ('66', 'QA0003', 'QA0003_006', '6', '对于金融产品的投资工作，贵机构打算配置怎样的人员力量？', 'E', '2016-01-26 20:40:54', '2016-01-26 20:40:54', '1', '1', '1');
INSERT INTO `t_def_question` VALUES ('67', 'QA0003', 'QA0003_007', '7', '贵机构所配置的负责金融产品投资工作的人员是否符合以下情况？', 'E', '2016-01-26 20:40:54', '2016-01-26 20:40:54', '1', '1', '1');
INSERT INTO `t_def_question` VALUES ('68', 'QA0003', 'QA0003_008', '8', '贵机构是否建立了金融产品投资相关的管理制度？', 'E', '2016-01-26 20:40:54', '2016-01-26 20:40:54', '1', '1', '1');
INSERT INTO `t_def_question` VALUES ('69', 'QA0003', 'QA0003_009', '9', '贵机构的投资经验可以被概括为？', 'E', '2016-01-26 20:40:54', '2016-01-26 20:40:54', '1', '1', '1');
INSERT INTO `t_def_question` VALUES ('70', 'QA0003', 'QA0003_010', '10', '有一位投资者一个月内做了 15 笔交易（同一品种买卖各一次算一笔），贵机构认为这样的交易频率？', 'E', '2016-01-26 20:40:54', '2016-01-26 20:40:54', '1', '1', '1');
INSERT INTO `t_def_question` VALUES ('71', 'QA0003', 'QA0003_011', '11', '过去一年时间内，贵机构购买的不同金融产品（含同一类型的不同金融产品）的数量是？', 'E', '2016-01-26 20:40:54', '2016-01-26 20:40:54', '1', '1', '1');
INSERT INTO `t_def_question` VALUES ('72', 'QA0003', 'QA0003_012', '12', '以下金融产品，贵机构投资经验两年以上的有？', 'E', '2016-01-26 20:40:54', '2016-01-26 20:40:54', '1', '1', '1');
INSERT INTO `t_def_question` VALUES ('73', 'QA0003', 'QA0003_013', '13', '如果贵机构曾经从事过金融产品投资，在交易较为活跃的月份，平均月交易额大概是多少？', 'E', '2016-01-26 20:40:54', '2016-01-26 20:40:54', '1', '1', '1');
INSERT INTO `t_def_question` VALUES ('74', 'QA0003', 'QA0003_014', '14', '贵机构用于证券投资的大部分资金不会用作其它用途的时间段为？', 'E', '2016-01-26 20:40:54', '2016-01-26 20:40:54', '1', '1', '1');
INSERT INTO `t_def_question` VALUES ('75', 'QA0003', 'QA0003_015', '15', '贵机构进行投资时的首要目标是？', 'E', '2016-01-26 20:40:54', '2016-01-26 20:40:54', '1', '1', '1');
INSERT INTO `t_def_question` VALUES ('76', 'QA0003', 'QA0003_016', '16', '贵机构打算重点投资于哪个种类的投资品种？', 'E', '2016-01-26 20:41:49', '2016-01-26 20:41:49', '1', '1', '1');
INSERT INTO `t_def_question` VALUES ('77', 'QA0003', 'QA0003_017', '17', '贵机构认为自己能承受的最大投资损失是多少？', 'E', '2016-01-26 20:41:49', '2016-01-26 20:41:49', '1', '1', '1');
INSERT INTO `t_def_question` VALUES ('78', 'QA0003', 'QA0003_018', '18', '假设有两种不同的投资：投资 A 预期获得 5%的收益，有可能承担非常小的损失；投资 B 预期获得 20%的收益，但有可能面临 25%甚至更高的亏损。贵机构的投资资产分配为？', 'E', '2016-01-26 20:41:49', '2016-01-26 20:41:49', '1', '1', '1');
INSERT INTO `t_def_question` VALUES ('79', 'QA0003', 'QA0003_019', '19', '贵机构参与金融产品投资的主要目的是什么？', 'E', '2016-01-26 20:41:49', '2016-01-26 20:41:49', '1', '1', '1');
INSERT INTO `t_def_question` VALUES ('80', 'QA0003', 'QA0003_020', '20', '贵机构资产管理状况为？', 'E', '2016-01-26 20:41:49', '2016-01-26 20:41:49', '1', '1', '1');
INSERT INTO `t_def_question` VALUES ('81', 'QA0004', 'QA0004_001', '1', '您的主要收入来源是？', 'E', '2016-01-26 20:41:49', '2016-01-26 20:41:49', '1', '1', '1');
INSERT INTO `t_def_question` VALUES ('82', 'QA0004', 'QA0004_002', '2', '您的学历是？', 'E', '2016-01-26 20:41:49', '2016-01-26 20:41:49', '1', '1', '1');
INSERT INTO `t_def_question` VALUES ('83', 'QA0004', 'QA0004_003', '3', '您是否有尚未清偿的数额较大的债务，如有，其性质是？', 'E', '2016-01-26 20:41:49', '2016-01-26 20:41:49', '1', '1', '1');
INSERT INTO `t_def_question` VALUES ('84', 'QA0004', 'QA0004_004', '4', '您的家庭可支配年收入为（折合人民币）？', 'E', '2016-01-26 20:41:49', '2016-01-26 20:41:49', '1', '1', '1');
INSERT INTO `t_def_question` VALUES ('85', 'QA0004', 'QA0004_005', '5', '在您每年的家庭可支配收入中，可用于金融投资（储蓄存款除外）的比例为？', 'E', '2016-01-26 20:41:49', '2016-01-26 20:41:49', '1', '1', '1');
INSERT INTO `t_def_question` VALUES ('86', 'QA0004', 'QA0004_006', '6', '您的投资知识可描述为？', 'E', '2016-01-26 20:41:49', '2016-01-26 20:41:49', '1', '1', '1');
INSERT INTO `t_def_question` VALUES ('87', 'QA0004', 'QA0004_007', '7', '您的投资经验可描述为？', 'E', '2016-01-26 20:41:49', '2016-01-26 20:41:49', '1', '1', '1');
INSERT INTO `t_def_question` VALUES ('88', 'QA0004', 'QA0004_008', '8', '您有多少年投资基金、股票、信托、私募证券或金融衍生产品等风险投资品的经验？', 'E', '2016-01-26 20:41:49', '2016-01-26 20:41:49', '1', '1', '1');
INSERT INTO `t_def_question` VALUES ('89', 'QA0004', 'QA0004_009', '9', '您计划的投资期限是多久？', 'E', '2016-01-26 20:41:49', '2016-01-26 20:41:49', '1', '1', '1');
INSERT INTO `t_def_question` VALUES ('90', 'QA0004', 'QA0004_010', '10', '您打算重点投资于哪些种类的投资品种', 'E', '2016-01-26 20:41:49', '2016-01-26 20:41:49', '1', '1', '1');
INSERT INTO `t_def_question` VALUES ('91', 'QA0004', 'QA0004_011', '11', '您希望获得的年收益率是多少？', 'E', '2016-01-26 20:41:49', '2016-01-26 20:41:49', '1', '1', '1');
INSERT INTO `t_def_question` VALUES ('92', 'QA0004', 'QA0004_012', '12', '以下哪项描述最符合您的投资态度？', 'E', '2016-01-26 20:41:49', '2016-01-26 20:41:49', '1', '1', '1');
INSERT INTO `t_def_question` VALUES ('93', 'QA0004', 'QA0004_013', '13', '假设有两种投资：投资A预期获得10%的收益，可能承担的损失非常小；投资B预期获得30%的收益，但可能承担较大亏损。您会怎么支配您的投资？', 'E', '2016-01-26 20:41:49', '2016-01-26 20:41:49', '1', '1', '1');
INSERT INTO `t_def_question` VALUES ('94', 'QA0004', 'QA0004_014', '14', '您认为自己能承受的最大投资损失是多少？', 'E', '2016-01-26 20:41:49', '2016-01-26 20:41:49', '1', '1', '1');
INSERT INTO `t_def_question` VALUES ('95', 'QA0004', 'QA0004_015', '15', '如果您的股票型基金投资暂时亏损了30％，你怎么办？', 'E', '2016-01-26 20:41:49', '2016-01-26 20:41:49', '1', '1', '1');

-- ----------------------------
-- Table structure for t_def_questionnaire
-- ----------------------------
DROP TABLE IF EXISTS `t_def_questionnaire`;
CREATE TABLE `t_def_questionnaire` (
  `QUESTIONNAIRE_ID` bigint(20) NOT NULL AUTO_INCREMENT,
  `QUESTIONNAIRE_TYPE` varchar(2) DEFAULT NULL,
  `QUESTIONNAIRE_CODE` varchar(20) DEFAULT NULL,
  `RC_STATE` varchar(1) NOT NULL,
  `CREATE_DATE` datetime NOT NULL,
  `MODIFY_DATE` datetime NOT NULL,
  `OPER_COM_ID` bigint(20) NOT NULL,
  `CREATE_USER_ID` bigint(20) NOT NULL,
  `MODIFY_USER_ID` bigint(20) NOT NULL,
  PRIMARY KEY (`QUESTIONNAIRE_ID`)
) ENGINE=InnoDB AUTO_INCREMENT=5 DEFAULT CHARSET=utf8;

-- ----------------------------
-- Records of t_def_questionnaire
-- ----------------------------
INSERT INTO `t_def_questionnaire` VALUES ('1', '01', 'QA0001', 'E', '2016-01-26 20:14:58', '2016-01-26 20:14:58', '1', '1', '1');
INSERT INTO `t_def_questionnaire` VALUES ('2', '02', 'QA0002', 'E', '2016-01-26 20:14:58', '2016-01-26 20:14:58', '1', '1', '1');
INSERT INTO `t_def_questionnaire` VALUES ('3', '03', 'QA0003', 'E', '2016-01-26 20:14:58', '2016-01-26 20:14:58', '1', '1', '1');
INSERT INTO `t_def_questionnaire` VALUES ('4', '04', 'QA0004', 'E', '2016-01-26 20:14:58', '2016-01-26 20:14:58', '1', '1', '1');

-- ----------------------------
-- Table structure for t_def_question_answer
-- ----------------------------
DROP TABLE IF EXISTS `t_def_question_answer`;
CREATE TABLE `t_def_question_answer` (
  `QUESTION_ANSWER_ID` bigint(20) NOT NULL AUTO_INCREMENT,
  `QUESTION_CODE` varchar(20) NOT NULL,
  `ANSWER_CODE` varchar(2) NOT NULL,
  `ANSWER_CONTENT` varchar(200) NOT NULL,
  `ANSWER_SCORE` int(4) DEFAULT NULL,
  `RC_STATE` varchar(1) NOT NULL,
  `CREATE_DATE` datetime NOT NULL,
  `MODIFY_DATE` datetime NOT NULL,
  `OPER_COM_ID` bigint(20) NOT NULL,
  `CREATE_USER_ID` bigint(20) NOT NULL,
  `MODIFY_USER_ID` bigint(20) NOT NULL,
  PRIMARY KEY (`QUESTION_ANSWER_ID`)
) ENGINE=InnoDB AUTO_INCREMENT=496 DEFAULT CHARSET=utf8;

-- ----------------------------
-- Records of t_def_question_answer
-- ----------------------------
INSERT INTO `t_def_question_answer` VALUES ('161', 'QA0001_001', 'A', '较差', '2', 'E', '2016-01-26 20:40:38', '2016-01-26 20:40:38', '1', '1', '1');
INSERT INTO `t_def_question_answer` VALUES ('162', 'QA0001_001', 'B', '一般', '4', 'E', '2016-01-26 20:40:38', '2016-01-26 20:40:38', '1', '1', '1');
INSERT INTO `t_def_question_answer` VALUES ('163', 'QA0001_001', 'C', '较好', '6', 'E', '2016-01-26 20:40:38', '2016-01-26 20:40:38', '1', '1', '1');
INSERT INTO `t_def_question_answer` VALUES ('164', 'QA0001_001', 'D', '很好', '8', 'E', '2016-01-26 20:40:38', '2016-01-26 20:40:38', '1', '1', '1');
INSERT INTO `t_def_question_answer` VALUES ('165', 'QA0001_001', 'E', '业内顶尖', '10', 'E', '2016-01-26 20:40:38', '2016-01-26 20:40:38', '1', '1', '1');
INSERT INTO `t_def_question_answer` VALUES ('166', 'QA0001_002', 'A', '5000万元以下', '2', 'E', '2016-01-26 20:40:38', '2016-01-26 20:40:38', '1', '1', '1');
INSERT INTO `t_def_question_answer` VALUES ('167', 'QA0001_002', 'B', '5000万元（含）至1亿元', '4', 'E', '2016-01-26 20:40:38', '2016-01-26 20:40:38', '1', '1', '1');
INSERT INTO `t_def_question_answer` VALUES ('168', 'QA0001_002', 'C', '1亿元（含）至10亿元', '6', 'E', '2016-01-26 20:40:38', '2016-01-26 20:40:38', '1', '1', '1');
INSERT INTO `t_def_question_answer` VALUES ('169', 'QA0001_002', 'D', '10亿元（含）至50亿元', '8', 'E', '2016-01-26 20:40:38', '2016-01-26 20:40:38', '1', '1', '1');
INSERT INTO `t_def_question_answer` VALUES ('170', 'QA0001_002', 'E', '50亿元（含）以上', '10', 'E', '2016-01-26 20:40:38', '2016-01-26 20:40:38', '1', '1', '1');
INSERT INTO `t_def_question_answer` VALUES ('171', 'QA0001_003', 'A', '完全来自主营业务收入', '2', 'E', '2016-01-26 20:40:38', '2016-01-26 20:40:38', '1', '1', '1');
INSERT INTO `t_def_question_answer` VALUES ('172', 'QA0001_003', 'B', '大部分来自主营业务收入，少量来自投资收益', '4', 'E', '2016-01-26 20:40:38', '2016-01-26 20:40:38', '1', '1', '1');
INSERT INTO `t_def_question_answer` VALUES ('173', 'QA0001_003', 'C', '50%来自主营业务收入，50%来自投资收益', '6', 'E', '2016-01-26 20:40:38', '2016-01-26 20:40:38', '1', '1', '1');
INSERT INTO `t_def_question_answer` VALUES ('174', 'QA0001_003', 'D', '大部分来自投资收益，少量来自主营业务收入', '8', 'E', '2016-01-26 20:40:38', '2016-01-26 20:40:38', '1', '1', '1');
INSERT INTO `t_def_question_answer` VALUES ('175', 'QA0001_003', 'E', '完全依赖投资收益', '10', 'E', '2016-01-26 20:40:38', '2016-01-26 20:40:38', '1', '1', '1');
INSERT INTO `t_def_question_answer` VALUES ('176', 'QA0001_004', 'A', '现金流短期压力很大，有可能需要随时将投资变现弥补现金流', '2', 'E', '2016-01-26 20:40:38', '2016-01-26 20:40:38', '1', '1', '1');
INSERT INTO `t_def_question_answer` VALUES ('177', 'QA0001_004', 'B', '现金流短期有一定压力，需要流动性较高的投资', '4', 'E', '2016-01-26 20:40:39', '2016-01-26 20:40:39', '1', '1', '1');
INSERT INTO `t_def_question_answer` VALUES ('178', 'QA0001_004', 'C', '现金流长期有一定压力，需要一定的投资收益弥补现金流', '6', 'E', '2016-01-26 20:40:39', '2016-01-26 20:40:39', '1', '1', '1');
INSERT INTO `t_def_question_answer` VALUES ('179', 'QA0001_004', 'D', '现金流长期较充裕，短期内不会有压力，长期压力较小', '8', 'E', '2016-01-26 20:40:39', '2016-01-26 20:40:39', '1', '1', '1');
INSERT INTO `t_def_question_answer` VALUES ('180', 'QA0001_004', 'E', '现金流长期充裕，几乎没有压力', '10', 'E', '2016-01-26 20:40:39', '2016-01-26 20:40:39', '1', '1', '1');
INSERT INTO `t_def_question_answer` VALUES ('181', 'QA0001_005', 'A', '资产负债率90%以上', '2', 'E', '2016-01-26 20:40:39', '2016-01-26 20:40:39', '1', '1', '1');
INSERT INTO `t_def_question_answer` VALUES ('182', 'QA0001_005', 'B', '资产负债率60%—90%', '4', 'E', '2016-01-26 20:40:39', '2016-01-26 20:40:39', '1', '1', '1');
INSERT INTO `t_def_question_answer` VALUES ('183', 'QA0001_005', 'C', '资产负债率30%—60%', '6', 'E', '2016-01-26 20:40:39', '2016-01-26 20:40:39', '1', '1', '1');
INSERT INTO `t_def_question_answer` VALUES ('184', 'QA0001_005', 'D', '资产负债率10%—30%', '8', 'E', '2016-01-26 20:40:39', '2016-01-26 20:40:39', '1', '1', '1');
INSERT INTO `t_def_question_answer` VALUES ('185', 'QA0001_005', 'E', '资产负债率0—10%', '10', 'E', '2016-01-26 20:40:39', '2016-01-26 20:40:39', '1', '1', '1');
INSERT INTO `t_def_question_answer` VALUES ('186', 'QA0001_006', 'A', '少于1年', '2', 'E', '2016-01-26 20:40:39', '2016-01-26 20:40:39', '1', '1', '1');
INSERT INTO `t_def_question_answer` VALUES ('187', 'QA0001_006', 'B', '1-2年', '4', 'E', '2016-01-26 20:40:39', '2016-01-26 20:40:39', '1', '1', '1');
INSERT INTO `t_def_question_answer` VALUES ('188', 'QA0001_006', 'C', '2-3年', '6', 'E', '2016-01-26 20:40:39', '2016-01-26 20:40:39', '1', '1', '1');
INSERT INTO `t_def_question_answer` VALUES ('189', 'QA0001_006', 'D', '3-5年', '8', 'E', '2016-01-26 20:40:39', '2016-01-26 20:40:39', '1', '1', '1');
INSERT INTO `t_def_question_answer` VALUES ('190', 'QA0001_006', 'E', '5 年以上', '10', 'E', '2016-01-26 20:40:39', '2016-01-26 20:40:39', '1', '1', '1');
INSERT INTO `t_def_question_answer` VALUES ('191', 'QA0001_007', 'A', '少于1年', '2', 'E', '2016-01-26 20:40:39', '2016-01-26 20:40:39', '1', '1', '1');
INSERT INTO `t_def_question_answer` VALUES ('192', 'QA0001_007', 'B', '1-2年', '4', 'E', '2016-01-26 20:40:39', '2016-01-26 20:40:39', '1', '1', '1');
INSERT INTO `t_def_question_answer` VALUES ('193', 'QA0001_007', 'C', '2-3年', '6', 'E', '2016-01-26 20:40:39', '2016-01-26 20:40:39', '1', '1', '1');
INSERT INTO `t_def_question_answer` VALUES ('194', 'QA0001_007', 'D', '3-5年', '8', 'E', '2016-01-26 20:40:39', '2016-01-26 20:40:39', '1', '1', '1');
INSERT INTO `t_def_question_answer` VALUES ('195', 'QA0001_007', 'E', '5 年以上', '10', 'E', '2016-01-26 20:40:39', '2016-01-26 20:40:39', '1', '1', '1');
INSERT INTO `t_def_question_answer` VALUES ('196', 'QA0001_008', 'A', '没有固定的管理模式', '2', 'E', '2016-01-26 20:40:39', '2016-01-26 20:40:39', '1', '1', '1');
INSERT INTO `t_def_question_answer` VALUES ('197', 'QA0001_008', 'B', '机构的可投资资产完全由机构内部管理', '4', 'E', '2016-01-26 20:40:40', '2016-01-26 20:40:40', '1', '1', '1');
INSERT INTO `t_def_question_answer` VALUES ('198', 'QA0001_008', 'C', '机构的可投资资产小部分委托管理', '6', 'E', '2016-01-26 20:40:40', '2016-01-26 20:40:40', '1', '1', '1');
INSERT INTO `t_def_question_answer` VALUES ('199', 'QA0001_008', 'D', '机构的可投资资产大部分委托管理', '8', 'E', '2016-01-26 20:40:40', '2016-01-26 20:40:40', '1', '1', '1');
INSERT INTO `t_def_question_answer` VALUES ('200', 'QA0001_008', 'E', '机构的可投资资产全部委托管理', '10', 'E', '2016-01-26 20:40:40', '2016-01-26 20:40:40', '1', '1', '1');
INSERT INTO `t_def_question_answer` VALUES ('201', 'QA0001_009', 'A', '风险较低、流动性较好的现金管理产品', '2', 'E', '2016-01-26 20:40:40', '2016-01-26 20:40:40', '1', '1', '1');
INSERT INTO `t_def_question_answer` VALUES ('202', 'QA0001_009', 'B', '风险中低的债券类产品', '4', 'E', '2016-01-26 20:40:40', '2016-01-26 20:40:40', '1', '1', '1');
INSERT INTO `t_def_question_answer` VALUES ('203', 'QA0001_009', 'C', '风险中低的类固定收益类产品（如信托等）', '6', 'E', '2016-01-26 20:40:40', '2016-01-26 20:40:40', '1', '1', '1');
INSERT INTO `t_def_question_answer` VALUES ('204', 'QA0001_009', 'D', '风险中高的由专业资产管理人管理的产品（如证券投资基金等）', '8', 'E', '2016-01-26 20:40:40', '2016-01-26 20:40:40', '1', '1', '1');
INSERT INTO `t_def_question_answer` VALUES ('205', 'QA0001_009', 'E', '风险较高的投资产品（如私募股权投资基金等）', '10', 'E', '2016-01-26 20:40:40', '2016-01-26 20:40:40', '1', '1', '1');
INSERT INTO `t_def_question_answer` VALUES ('206', 'QA0001_010', 'A', '期望获得较大收益', '2', 'E', '2016-01-26 20:40:40', '2016-01-26 20:40:40', '1', '1', '1');
INSERT INTO `t_def_question_answer` VALUES ('207', 'QA0001_010', 'B', '期望至少能略有回报', '4', 'E', '2016-01-26 20:40:40', '2016-01-26 20:40:40', '1', '1', '1');
INSERT INTO `t_def_question_answer` VALUES ('208', 'QA0001_010', 'C', '难以容忍任何亏损', '6', 'E', '2016-01-26 20:40:40', '2016-01-26 20:40:40', '1', '1', '1');
INSERT INTO `t_def_question_answer` VALUES ('209', 'QA0001_010', 'D', '能承受适度亏损', '8', 'E', '2016-01-26 20:40:40', '2016-01-26 20:40:40', '1', '1', '1');
INSERT INTO `t_def_question_answer` VALUES ('210', 'QA0001_010', 'E', '不介意亏损', '10', 'E', '2016-01-26 20:40:40', '2016-01-26 20:40:40', '1', '1', '1');
INSERT INTO `t_def_question_answer` VALUES ('211', 'QA0001_011', 'A', '500万元以下', '2', 'E', '2016-01-26 20:40:40', '2016-01-26 20:40:40', '1', '1', '1');
INSERT INTO `t_def_question_answer` VALUES ('212', 'QA0001_011', 'B', '500万元到1000万元', '4', 'E', '2016-01-26 20:40:40', '2016-01-26 20:40:40', '1', '1', '1');
INSERT INTO `t_def_question_answer` VALUES ('213', 'QA0001_011', 'C', '1000万元到5000万元', '6', 'E', '2016-01-26 20:40:40', '2016-01-26 20:40:40', '1', '1', '1');
INSERT INTO `t_def_question_answer` VALUES ('214', 'QA0001_011', 'D', '5000万元到1亿元', '8', 'E', '2016-01-26 20:40:40', '2016-01-26 20:40:40', '1', '1', '1');
INSERT INTO `t_def_question_answer` VALUES ('215', 'QA0001_011', 'E', '1亿元以上', '10', 'E', '2016-01-26 20:40:40', '2016-01-26 20:40:40', '1', '1', '1');
INSERT INTO `t_def_question_answer` VALUES ('216', 'QA0001_012', 'A', '显著下降', '2', 'E', '2016-01-26 20:40:40', '2016-01-26 20:40:40', '1', '1', '1');
INSERT INTO `t_def_question_answer` VALUES ('217', 'QA0001_012', 'B', '可能会有所下降', '4', 'E', '2016-01-26 20:40:40', '2016-01-26 20:40:40', '1', '1', '1');
INSERT INTO `t_def_question_answer` VALUES ('218', 'QA0001_012', 'C', '保持不变', '6', 'E', '2016-01-26 20:40:40', '2016-01-26 20:40:40', '1', '1', '1');
INSERT INTO `t_def_question_answer` VALUES ('219', 'QA0001_012', 'D', '有一定增长', '8', 'E', '2016-01-26 20:40:40', '2016-01-26 20:40:40', '1', '1', '1');
INSERT INTO `t_def_question_answer` VALUES ('220', 'QA0001_012', 'E', '显著增长', '10', 'E', '2016-01-26 20:40:41', '2016-01-26 20:40:41', '1', '1', '1');
INSERT INTO `t_def_question_answer` VALUES ('221', 'QA0001_013', 'A', '全部卖掉该类资产', '2', 'E', '2016-01-26 20:40:41', '2016-01-26 20:40:41', '1', '1', '1');
INSERT INTO `t_def_question_answer` VALUES ('222', 'QA0001_013', 'B', '卖掉大部分该类资产', '4', 'E', '2016-01-26 20:40:41', '2016-01-26 20:40:41', '1', '1', '1');
INSERT INTO `t_def_question_answer` VALUES ('223', 'QA0001_013', 'C', '卖掉少量该类资产', '6', 'E', '2016-01-26 20:40:41', '2016-01-26 20:40:41', '1', '1', '1');
INSERT INTO `t_def_question_answer` VALUES ('224', 'QA0001_013', 'D', '保留现有资产不动', '8', 'E', '2016-01-26 20:40:41', '2016-01-26 20:40:41', '1', '1', '1');
INSERT INTO `t_def_question_answer` VALUES ('225', 'QA0001_013', 'E', '购买更多的同类资产', '10', 'E', '2016-01-26 20:40:41', '2016-01-26 20:40:41', '1', '1', '1');
INSERT INTO `t_def_question_answer` VALUES ('226', 'QA0001_014', 'A', '保证长期资金的保值增值', '2', 'E', '2016-01-26 20:40:41', '2016-01-26 20:40:41', '1', '1', '1');
INSERT INTO `t_def_question_answer` VALUES ('227', 'QA0001_014', 'B', '现金管理的需要', '4', 'E', '2016-01-26 20:40:41', '2016-01-26 20:40:41', '1', '1', '1');
INSERT INTO `t_def_question_answer` VALUES ('228', 'QA0001_014', 'C', '提高暂时闲置资金的使用效率', '6', 'E', '2016-01-26 20:40:41', '2016-01-26 20:40:41', '1', '1', '1');
INSERT INTO `t_def_question_answer` VALUES ('229', 'QA0001_014', 'D', '多元化战略的需要', '8', 'E', '2016-01-26 20:40:41', '2016-01-26 20:40:41', '1', '1', '1');
INSERT INTO `t_def_question_answer` VALUES ('230', 'QA0001_014', 'E', '开拓主营业务以外的盈利来源', '10', 'E', '2016-01-26 20:40:41', '2016-01-26 20:40:41', '1', '1', '1');
INSERT INTO `t_def_question_answer` VALUES ('231', 'QA0001_015', 'A', '仍要求高收益回报', '2', 'E', '2016-01-26 20:40:41', '2016-01-26 20:40:41', '1', '1', '1');
INSERT INTO `t_def_question_answer` VALUES ('232', 'QA0001_015', 'B', '获得适度盈利', '4', 'E', '2016-01-26 20:40:41', '2016-01-26 20:40:41', '1', '1', '1');
INSERT INTO `t_def_question_answer` VALUES ('233', 'QA0001_015', 'C', '本金不发生亏损', '6', 'E', '2016-01-26 20:40:41', '2016-01-26 20:40:41', '1', '1', '1');
INSERT INTO `t_def_question_answer` VALUES ('234', 'QA0001_015', 'D', '略微亏损', '8', 'E', '2016-01-26 20:40:41', '2016-01-26 20:40:41', '1', '1', '1');
INSERT INTO `t_def_question_answer` VALUES ('235', 'QA0001_015', 'E', '承受一定的亏损', '10', 'E', '2016-01-26 20:40:41', '2016-01-26 20:40:41', '1', '1', '1');
INSERT INTO `t_def_question_answer` VALUES ('236', 'QA0002_001', 'A', '70岁以上', '2', 'E', '2016-01-26 20:42:12', '2016-01-26 20:42:12', '1', '1', '1');
INSERT INTO `t_def_question_answer` VALUES ('237', 'QA0002_001', 'B', '55-70岁', '4', 'E', '2016-01-26 20:42:12', '2016-01-26 20:42:12', '1', '1', '1');
INSERT INTO `t_def_question_answer` VALUES ('238', 'QA0002_001', 'C', '41-54岁', '6', 'E', '2016-01-26 20:42:12', '2016-01-26 20:42:12', '1', '1', '1');
INSERT INTO `t_def_question_answer` VALUES ('239', 'QA0002_001', 'D', '31-40岁', '8', 'E', '2016-01-26 20:42:12', '2016-01-26 20:42:12', '1', '1', '1');
INSERT INTO `t_def_question_answer` VALUES ('240', 'QA0002_001', 'E', '18-31岁', '10', 'E', '2016-01-26 20:42:12', '2016-01-26 20:42:12', '1', '1', '1');
INSERT INTO `t_def_question_answer` VALUES ('241', 'QA0002_002', 'A', '高中及以下', '2', 'E', '2016-01-26 20:42:12', '2016-01-26 20:42:12', '1', '1', '1');
INSERT INTO `t_def_question_answer` VALUES ('242', 'QA0002_002', 'B', '中专或大专', '4', 'E', '2016-01-26 20:42:12', '2016-01-26 20:42:12', '1', '1', '1');
INSERT INTO `t_def_question_answer` VALUES ('243', 'QA0002_002', 'C', '本科', '6', 'E', '2016-01-26 20:42:12', '2016-01-26 20:42:12', '1', '1', '1');
INSERT INTO `t_def_question_answer` VALUES ('244', 'QA0002_002', 'D', '硕士', '8', 'E', '2016-01-26 20:42:13', '2016-01-26 20:42:13', '1', '1', '1');
INSERT INTO `t_def_question_answer` VALUES ('245', 'QA0002_002', 'E', '博士', '10', 'E', '2016-01-26 20:42:13', '2016-01-26 20:42:13', '1', '1', '1');
INSERT INTO `t_def_question_answer` VALUES ('246', 'QA0002_003', 'A', '无固定职业', '2', 'E', '2016-01-26 20:42:13', '2016-01-26 20:42:13', '1', '1', '1');
INSERT INTO `t_def_question_answer` VALUES ('247', 'QA0002_003', 'B', '专业技术人员', '4', 'E', '2016-01-26 20:42:13', '2016-01-26 20:42:13', '1', '1', '1');
INSERT INTO `t_def_question_answer` VALUES ('248', 'QA0002_003', 'C', '一般企事业单位员工', '6', 'E', '2016-01-26 20:42:13', '2016-01-26 20:42:13', '1', '1', '1');
INSERT INTO `t_def_question_answer` VALUES ('249', 'QA0002_003', 'D', '金融行业一般从业人员', '8', 'E', '2016-01-26 20:42:13', '2016-01-26 20:42:13', '1', '1', '1');
INSERT INTO `t_def_question_answer` VALUES ('250', 'QA0002_003', 'E', '企事业单位高层管理人员', '10', 'E', '2016-01-26 20:42:13', '2016-01-26 20:42:13', '1', '1', '1');
INSERT INTO `t_def_question_answer` VALUES ('251', 'QA0002_004', 'A', '50万元以下', '2', 'E', '2016-01-26 20:42:13', '2016-01-26 20:42:13', '1', '1', '1');
INSERT INTO `t_def_question_answer` VALUES ('252', 'QA0002_004', 'B', '50—100万元', '4', 'E', '2016-01-26 20:42:13', '2016-01-26 20:42:13', '1', '1', '1');
INSERT INTO `t_def_question_answer` VALUES ('253', 'QA0002_004', 'C', '100—500万元', '6', 'E', '2016-01-26 20:42:13', '2016-01-26 20:42:13', '1', '1', '1');
INSERT INTO `t_def_question_answer` VALUES ('254', 'QA0002_004', 'D', '500—1000万元', '8', 'E', '2016-01-26 20:42:13', '2016-01-26 20:42:13', '1', '1', '1');
INSERT INTO `t_def_question_answer` VALUES ('255', 'QA0002_004', 'E', '1000万元以上', '10', 'E', '2016-01-26 20:42:13', '2016-01-26 20:42:13', '1', '1', '1');
INSERT INTO `t_def_question_answer` VALUES ('256', 'QA0002_005', 'A', '小于10%', '2', 'E', '2016-01-26 20:42:13', '2016-01-26 20:42:13', '1', '1', '1');
INSERT INTO `t_def_question_answer` VALUES ('257', 'QA0002_005', 'B', '10%至25%', '4', 'E', '2016-01-26 20:42:13', '2016-01-26 20:42:13', '1', '1', '1');
INSERT INTO `t_def_question_answer` VALUES ('258', 'QA0002_005', 'C', '25%至50%', '6', 'E', '2016-01-26 20:42:13', '2016-01-26 20:42:13', '1', '1', '1');
INSERT INTO `t_def_question_answer` VALUES ('259', 'QA0002_005', 'D', '大于50%', '8', 'E', '2016-01-26 20:42:13', '2016-01-26 20:42:13', '1', '1', '1');
INSERT INTO `t_def_question_answer` VALUES ('260', 'QA0002_005', 'E', '全部', '10', 'E', '2016-01-26 20:42:13', '2016-01-26 20:42:13', '1', '1', '1');
INSERT INTO `t_def_question_answer` VALUES ('261', 'QA0002_006', 'A', '有限：基本没有金融产品方面的知识', '2', 'E', '2016-01-26 20:42:13', '2016-01-26 20:42:13', '1', '1', '1');
INSERT INTO `t_def_question_answer` VALUES ('262', 'QA0002_006', 'B', '一般：对金融产品及其相关风险具有基本的知识和理解', '4', 'E', '2016-01-26 20:42:13', '2016-01-26 20:42:13', '1', '1', '1');
INSERT INTO `t_def_question_answer` VALUES ('263', 'QA0002_006', 'C', '丰富：对金融产品及其相关风险具有丰富的知识和理解', '6', 'E', '2016-01-26 20:42:13', '2016-01-26 20:42:13', '1', '1', '1');
INSERT INTO `t_def_question_answer` VALUES ('264', 'QA0002_006', 'D', '非常丰富：对金融产品及其相关风险具有非常丰富的知识和理解', '8', 'E', '2016-01-26 20:42:13', '2016-01-26 20:42:13', '1', '1', '1');
INSERT INTO `t_def_question_answer` VALUES ('265', 'QA0002_006', 'E', '资深：金融行业资深从业人员', '10', 'E', '2016-01-26 20:42:13', '2016-01-26 20:42:13', '1', '1', '1');
INSERT INTO `t_def_question_answer` VALUES ('266', 'QA0002_007', 'A', '除银行储蓄外，基本没有其他投资经验', '2', 'E', '2016-01-26 20:42:13', '2016-01-26 20:42:13', '1', '1', '1');
INSERT INTO `t_def_question_answer` VALUES ('267', 'QA0002_007', 'B', '购买过债券、保险等理财产品', '4', 'E', '2016-01-26 20:42:14', '2016-01-26 20:42:14', '1', '1', '1');
INSERT INTO `t_def_question_answer` VALUES ('268', 'QA0002_007', 'C', '参与过股票、基金等产品的交易', '6', 'E', '2016-01-26 20:42:14', '2016-01-26 20:42:14', '1', '1', '1');
INSERT INTO `t_def_question_answer` VALUES ('269', 'QA0002_007', 'D', '参与过权证、期货、期权等产品的交易', '8', 'E', '2016-01-26 20:42:14', '2016-01-26 20:42:14', '1', '1', '1');
INSERT INTO `t_def_question_answer` VALUES ('270', 'QA0002_007', 'E', '投资经验非常丰富，上述产品与交易均有涉及', '10', 'E', '2016-01-26 20:42:14', '2016-01-26 20:42:14', '1', '1', '1');
INSERT INTO `t_def_question_answer` VALUES ('271', 'QA0002_008', 'A', '没有经验', '2', 'E', '2016-01-26 20:42:14', '2016-01-26 20:42:14', '1', '1', '1');
INSERT INTO `t_def_question_answer` VALUES ('272', 'QA0002_008', 'B', '少于2', '4', 'E', '2016-01-26 20:42:14', '2016-01-26 20:42:14', '1', '1', '1');
INSERT INTO `t_def_question_answer` VALUES ('273', 'QA0002_008', 'C', '2至5年', '6', 'E', '2016-01-26 20:42:14', '2016-01-26 20:42:14', '1', '1', '1');
INSERT INTO `t_def_question_answer` VALUES ('274', 'QA0002_008', 'D', '5至10年', '8', 'E', '2016-01-26 20:42:14', '2016-01-26 20:42:14', '1', '1', '1');
INSERT INTO `t_def_question_answer` VALUES ('275', 'QA0002_008', 'E', '10年以上', '10', 'E', '2016-01-26 20:42:14', '2016-01-26 20:42:14', '1', '1', '1');
INSERT INTO `t_def_question_answer` VALUES ('276', 'QA0002_009', 'A', '1年以下', '2', 'E', '2016-01-26 20:42:14', '2016-01-26 20:42:14', '1', '1', '1');
INSERT INTO `t_def_question_answer` VALUES ('277', 'QA0002_009', 'B', '1至3年', '4', 'E', '2016-01-26 20:42:14', '2016-01-26 20:42:14', '1', '1', '1');
INSERT INTO `t_def_question_answer` VALUES ('278', 'QA0002_009', 'C', '3至5年', '6', 'E', '2016-01-26 20:42:14', '2016-01-26 20:42:14', '1', '1', '1');
INSERT INTO `t_def_question_answer` VALUES ('279', 'QA0002_009', 'D', '5至10年', '8', 'E', '2016-01-26 20:42:14', '2016-01-26 20:42:14', '1', '1', '1');
INSERT INTO `t_def_question_answer` VALUES ('280', 'QA0002_009', 'E', '10年以上', '10', 'E', '2016-01-26 20:42:14', '2016-01-26 20:42:14', '1', '1', '1');
INSERT INTO `t_def_question_answer` VALUES ('281', 'QA0002_010', 'A', '资产保值', '2', 'E', '2016-01-26 20:42:14', '2016-01-26 20:42:14', '1', '1', '1');
INSERT INTO `t_def_question_answer` VALUES ('282', 'QA0002_010', 'B', '资产稳健增长', '4', 'E', '2016-01-26 20:42:14', '2016-01-26 20:42:14', '1', '1', '1');
INSERT INTO `t_def_question_answer` VALUES ('283', 'QA0002_010', 'C', '资产迅速增长', '6', 'E', '2016-01-26 20:42:14', '2016-01-26 20:42:14', '1', '1', '1');
INSERT INTO `t_def_question_answer` VALUES ('284', 'QA0002_010', 'D', '资产高速增长', '8', 'E', '2016-01-26 20:42:14', '2016-01-26 20:42:14', '1', '1', '1');
INSERT INTO `t_def_question_answer` VALUES ('285', 'QA0002_010', 'E', '博取超高收益', '10', 'E', '2016-01-26 20:42:14', '2016-01-26 20:42:14', '1', '1', '1');
INSERT INTO `t_def_question_answer` VALUES ('286', 'QA0002_011', 'A', '相当于储蓄存款收益率', '2', 'E', '2016-01-26 20:42:14', '2016-01-26 20:42:14', '1', '1', '1');
INSERT INTO `t_def_question_answer` VALUES ('287', 'QA0002_011', 'B', '相当于通货膨胀率', '4', 'E', '2016-01-26 20:42:14', '2016-01-26 20:42:14', '1', '1', '1');
INSERT INTO `t_def_question_answer` VALUES ('288', 'QA0002_011', 'C', '高于通货膨胀率，只要保值并略有增值即可', '6', 'E', '2016-01-26 20:42:14', '2016-01-26 20:42:14', '1', '1', '1');
INSERT INTO `t_def_question_answer` VALUES ('289', 'QA0002_011', 'D', '接近或相当于股票市场平均收益率', '8', 'E', '2016-01-26 20:42:14', '2016-01-26 20:42:14', '1', '1', '1');
INSERT INTO `t_def_question_answer` VALUES ('290', 'QA0002_011', 'E', '大大超过股票市场平均收益率', '10', 'E', '2016-01-26 20:42:15', '2016-01-26 20:42:15', '1', '1', '1');
INSERT INTO `t_def_question_answer` VALUES ('291', 'QA0002_012', 'A', '厌恶风险，不希望本金损失，希望获得稳定回报', '2', 'E', '2016-01-26 20:42:15', '2016-01-26 20:42:15', '1', '1', '1');
INSERT INTO `t_def_question_answer` VALUES ('292', 'QA0002_012', 'B', '保守投资，不希望本金损失，愿意承担一定幅度的收益波动', '4', 'E', '2016-01-26 20:42:15', '2016-01-26 20:42:15', '1', '1', '1');
INSERT INTO `t_def_question_answer` VALUES ('293', 'QA0002_012', 'C', '寻求资金的较高收益和成长性，愿意为此承担有限本金损失', '6', 'E', '2016-01-26 20:42:15', '2016-01-26 20:42:15', '1', '1', '1');
INSERT INTO `t_def_question_answer` VALUES ('294', 'QA0002_012', 'D', '希望赚取高回报，愿意为此承担较大本金损失', '8', 'E', '2016-01-26 20:42:15', '2016-01-26 20:42:15', '1', '1', '1');
INSERT INTO `t_def_question_answer` VALUES ('295', 'QA0002_012', 'E', '理性投资，资产配置', '10', 'E', '2016-01-26 20:42:15', '2016-01-26 20:42:15', '1', '1', '1');
INSERT INTO `t_def_question_answer` VALUES ('296', 'QA0002_013', 'A', '放弃投资', '2', 'E', '2016-01-26 20:42:15', '2016-01-26 20:42:15', '1', '1', '1');
INSERT INTO `t_def_question_answer` VALUES ('297', 'QA0002_013', 'B', '全部投资于收益较小且风险较小的A', '4', 'E', '2016-01-26 20:42:15', '2016-01-26 20:42:15', '1', '1', '1');
INSERT INTO `t_def_question_answer` VALUES ('298', 'QA0002_013', 'C', '同时投资于A和B，但大部分资金投资于收益较小且风险较小的', '6', 'E', '2016-01-26 20:42:15', '2016-01-26 20:42:15', '1', '1', '1');
INSERT INTO `t_def_question_answer` VALUES ('299', 'QA0002_013', 'D', '同时投资于A和B，但大部分资金投资于收益较大且风险较大的B', '8', 'E', '2016-01-26 20:42:15', '2016-01-26 20:42:15', '1', '1', '1');
INSERT INTO `t_def_question_answer` VALUES ('300', 'QA0002_013', 'E', '全部投资于收益较大且风险较大的B', '10', 'E', '2016-01-26 20:42:15', '2016-01-26 20:42:15', '1', '1', '1');
INSERT INTO `t_def_question_answer` VALUES ('301', 'QA0002_014', 'A', '不能承受损失', '2', 'E', '2016-01-26 20:42:15', '2016-01-26 20:42:15', '1', '1', '1');
INSERT INTO `t_def_question_answer` VALUES ('302', 'QA0002_014', 'B', '10%以内', '4', 'E', '2016-01-26 20:42:15', '2016-01-26 20:42:15', '1', '1', '1');
INSERT INTO `t_def_question_answer` VALUES ('303', 'QA0002_014', 'C', '10%-30%', '6', 'E', '2016-01-26 20:42:15', '2016-01-26 20:42:15', '1', '1', '1');
INSERT INTO `t_def_question_answer` VALUES ('304', 'QA0002_014', 'D', '30%-50%', '8', 'E', '2016-01-26 20:42:15', '2016-01-26 20:42:15', '1', '1', '1');
INSERT INTO `t_def_question_answer` VALUES ('305', 'QA0002_014', 'E', '超过50%', '10', 'E', '2016-01-26 20:42:15', '2016-01-26 20:42:15', '1', '1', '1');
INSERT INTO `t_def_question_answer` VALUES ('306', 'QA0002_015', 'A', '无法承受风险，准备赎回或卖掉', '2', 'E', '2016-01-26 20:42:15', '2016-01-26 20:42:15', '1', '1', '1');
INSERT INTO `t_def_question_answer` VALUES ('307', 'QA0002_015', 'B', '3 个月到6 个月内如果还是亏损30％，就准备赎回或卖掉', '4', 'E', '2016-01-26 20:42:15', '2016-01-26 20:42:15', '1', '1', '1');
INSERT INTO `t_def_question_answer` VALUES ('308', 'QA0002_015', 'C', '1 年之内还是亏损30％，就准备赎回或卖掉', '6', 'E', '2016-01-26 20:42:15', '2016-01-26 20:42:15', '1', '1', '1');
INSERT INTO `t_def_question_answer` VALUES ('309', 'QA0002_015', 'D', '2－3 年之内都可以持有，等待机会', '8', 'E', '2016-01-26 20:42:15', '2016-01-26 20:42:15', '1', '1', '1');
INSERT INTO `t_def_question_answer` VALUES ('310', 'QA0002_015', 'E', '没关系，可以长期持有，等待机会', '10', 'E', '2016-08-02 09:54:44', '2016-08-02 09:54:44', '1', '1', '1');
INSERT INTO `t_def_question_answer` VALUES ('311', 'QA0003_001', 'A', '个体户', '2', 'E', '2016-01-26 20:40:38', '2016-01-26 20:40:38', '1', '1', '1');
INSERT INTO `t_def_question_answer` VALUES ('312', 'QA0003_001', 'B', '国有企业事业单位', '4', 'E', '2016-01-26 20:40:38', '2016-01-26 20:40:38', '1', '1', '1');
INSERT INTO `t_def_question_answer` VALUES ('313', 'QA0003_001', 'C', '非上市民营企业', '6', 'E', '2016-01-26 20:40:38', '2016-01-26 20:40:38', '1', '1', '1');
INSERT INTO `t_def_question_answer` VALUES ('314', 'QA0003_001', 'D', '外资企业', '8', 'E', '2016-01-26 20:40:38', '2016-01-26 20:40:38', '1', '1', '1');
INSERT INTO `t_def_question_answer` VALUES ('315', 'QA0003_001', 'E', '上市公司', '10', 'E', '2016-01-26 20:40:38', '2016-01-26 20:40:38', '1', '1', '1');
INSERT INTO `t_def_question_answer` VALUES ('316', 'QA0003_002', 'A', '500万元以下', '2', 'E', '2016-01-26 20:40:38', '2016-01-26 20:40:38', '1', '1', '1');
INSERT INTO `t_def_question_answer` VALUES ('317', 'QA0003_002', 'B', '500万元（含）至2000万元', '4', 'E', '2016-01-26 20:40:38', '2016-01-26 20:40:38', '1', '1', '1');
INSERT INTO `t_def_question_answer` VALUES ('318', 'QA0003_002', 'C', '2000万元（含）至1亿元', '6', 'E', '2016-01-26 20:40:38', '2016-01-26 20:40:38', '1', '1', '1');
INSERT INTO `t_def_question_answer` VALUES ('319', 'QA0003_002', 'D', '1亿元（含）至10亿元', '8', 'E', '2016-01-26 20:40:38', '2016-01-26 20:40:38', '1', '1', '1');
INSERT INTO `t_def_question_answer` VALUES ('320', 'QA0003_002', 'E', '10亿元（含）以上', '10', 'E', '2016-01-26 20:40:38', '2016-01-26 20:40:38', '1', '1', '1');
INSERT INTO `t_def_question_answer` VALUES ('321', 'QA0003_003', 'A', '500万元以下', '2', 'E', '2016-01-26 20:40:38', '2016-01-26 20:40:38', '1', '1', '1');
INSERT INTO `t_def_question_answer` VALUES ('322', 'QA0003_003', 'B', '500万元（含）至2000万元', '4', 'E', '2016-01-26 20:40:38', '2016-01-26 20:40:38', '1', '1', '1');
INSERT INTO `t_def_question_answer` VALUES ('323', 'QA0003_003', 'C', '2000万元（含）至1亿元', '6', 'E', '2016-01-26 20:40:38', '2016-01-26 20:40:38', '1', '1', '1');
INSERT INTO `t_def_question_answer` VALUES ('324', 'QA0003_003', 'D', '1亿元（含）至10亿元', '8', 'E', '2016-01-26 20:40:38', '2016-01-26 20:40:38', '1', '1', '1');
INSERT INTO `t_def_question_answer` VALUES ('325', 'QA0003_003', 'E', '10亿元（含）以上', '10', 'E', '2016-01-26 20:40:38', '2016-01-26 20:40:38', '1', '1', '1');
INSERT INTO `t_def_question_answer` VALUES ('326', 'QA0003_004', 'A', '300万元以下', '2', 'E', '2016-01-26 20:40:38', '2016-01-26 20:40:38', '1', '1', '1');
INSERT INTO `t_def_question_answer` VALUES ('327', 'QA0003_004', 'B', '300万元（含）至1000万元', '4', 'E', '2016-01-26 20:40:38', '2016-01-26 20:40:38', '1', '1', '1');
INSERT INTO `t_def_question_answer` VALUES ('328', 'QA0003_004', 'C', '1000万元（含）至3000万元', '6', 'E', '2016-01-26 20:40:38', '2016-01-26 20:40:38', '1', '1', '1');
INSERT INTO `t_def_question_answer` VALUES ('329', 'QA0003_004', 'D', '3000万元（含）至1亿元', '8', 'E', '2016-01-26 20:40:38', '2016-01-26 20:40:38', '1', '1', '1');
INSERT INTO `t_def_question_answer` VALUES ('330', 'QA0003_004', 'E', '1亿元（含）以上', '10', 'E', '2016-01-26 20:40:38', '2016-01-26 20:40:38', '1', '1', '1');
INSERT INTO `t_def_question_answer` VALUES ('331', 'QA0003_005', 'A', '民间借贷', '2', 'E', '2016-01-26 20:40:38', '2016-01-26 20:40:38', '1', '1', '1');
INSERT INTO `t_def_question_answer` VALUES ('332', 'QA0003_005', 'B', '通过担保公司等中介机构募集的借款', '4', 'E', '2016-01-26 20:40:38', '2016-01-26 20:40:38', '1', '1', '1');
INSERT INTO `t_def_question_answer` VALUES ('333', 'QA0003_005', 'C', '银行贷款', '6', 'E', '2016-01-26 20:40:38', '2016-01-26 20:40:38', '1', '1', '1');
INSERT INTO `t_def_question_answer` VALUES ('334', 'QA0003_005', 'D', '公司债券或企业债券', '8', 'E', '2016-01-26 20:40:38', '2016-01-26 20:40:38', '1', '1', '1');
INSERT INTO `t_def_question_answer` VALUES ('335', 'QA0003_005', 'E', '没有', '10', 'E', '2016-01-26 20:40:38', '2016-01-26 20:40:38', '1', '1', '1');
INSERT INTO `t_def_question_answer` VALUES ('336', 'QA0003_006', 'A', '负责人自行决策', '2', 'E', '2016-01-26 20:40:38', '2016-01-26 20:40:38', '1', '1', '1');
INSERT INTO `t_def_question_answer` VALUES ('337', 'QA0003_006', 'B', '一名兼职人员', '4', 'E', '2016-01-26 20:40:38', '2016-01-26 20:40:38', '1', '1', '1');
INSERT INTO `t_def_question_answer` VALUES ('338', 'QA0003_006', 'C', '一名专职人员', '6', 'E', '2016-01-26 20:40:38', '2016-01-26 20:40:38', '1', '1', '1');
INSERT INTO `t_def_question_answer` VALUES ('339', 'QA0003_006', 'D', '多名兼职或专职人员，相互之间分工不明确', '8', 'E', '2016-01-26 20:40:38', '2016-01-26 20:40:38', '1', '1', '1');
INSERT INTO `t_def_question_answer` VALUES ('340', 'QA0003_006', 'E', '多名兼职或专职人员，相互之间有明确分工', '10', 'E', '2016-01-26 20:40:38', '2016-01-26 20:40:38', '1', '1', '1');
INSERT INTO `t_def_question_answer` VALUES ('341', 'QA0003_007', 'A', '从未从事过金融、经济或财会工作', '2', 'E', '2016-01-26 20:40:38', '2016-01-26 20:40:38', '1', '1', '1');
INSERT INTO `t_def_question_answer` VALUES ('342', 'QA0003_007', 'B', '现在或此前曾从事金融、经济或财会等与金融产品投资相关的工作超过两年', '4', 'E', '2016-01-26 20:40:38', '2016-01-26 20:40:38', '1', '1', '1');
INSERT INTO `t_def_question_answer` VALUES ('343', 'QA0003_007', 'C', '已取得金融、经济或财会等与金融产品投资相关专业学士以上学位', '6', 'E', '2016-01-26 20:40:38', '2016-01-26 20:40:38', '1', '1', '1');
INSERT INTO `t_def_question_answer` VALUES ('344', 'QA0003_007', 'D', '取得证券从业资格、期货从业资格、注册会计师证书（CPA）或注册金融分析师证书（CFA）中的一项及以上', '8', 'E', '2016-01-26 20:40:38', '2016-01-26 20:40:38', '1', '1', '1');
INSERT INTO `t_def_question_answer` VALUES ('345', 'QA0003_007', 'E', '同时符合B、C、D三项的描述', '10', 'E', '2016-01-26 20:40:38', '2016-01-26 20:40:38', '1', '1', '1');
INSERT INTO `t_def_question_answer` VALUES ('346', 'QA0003_008', 'A', '没有。因为要保证操作的灵活性', '2', 'E', '2016-01-26 20:40:38', '2016-01-26 20:40:38', '1', '1', '1');
INSERT INTO `t_def_question_answer` VALUES ('347', 'QA0003_008', 'B', '没有但计划建立。包括了分工和授权的要求，但未包括投资风险控制的规则', '4', 'E', '2016-01-26 20:40:38', '2016-01-26 20:40:38', '1', '1', '1');
INSERT INTO `t_def_question_answer` VALUES ('348', 'QA0003_008', 'C', '没有但计划建立。包括了分工与授权、风险控制等一系列与金融产品投资有关的规则', '6', 'E', '2016-01-26 20:40:38', '2016-01-26 20:40:38', '1', '1', '1');
INSERT INTO `t_def_question_answer` VALUES ('349', 'QA0003_008', 'D', '已建立。包括了分工和授权的要求，但未包括投资风险控制的规则', '8', 'E', '2016-01-26 20:40:38', '2016-01-26 20:40:38', '1', '1', '1');
INSERT INTO `t_def_question_answer` VALUES ('350', 'QA0003_008', 'E', '已建立。包括了分工与授权、风险控制等一系列与金融产品投资有关的规则', '10', 'E', '2016-01-26 20:40:38', '2016-01-26 20:40:38', '1', '1', '1');
INSERT INTO `t_def_question_answer` VALUES ('351', 'QA0003_009', 'A', '毫无经验', '2', 'E', '2016-01-26 20:40:38', '2016-01-26 20:40:38', '1', '1', '1');
INSERT INTO `t_def_question_answer` VALUES ('352', 'QA0003_009', 'B', '有限：除银行活期账户和定期存款外，基本没有其他投资经验', '4', 'E', '2016-01-26 20:40:38', '2016-01-26 20:40:38', '1', '1', '1');
INSERT INTO `t_def_question_answer` VALUES ('353', 'QA0003_009', 'C', '一般：除银行活期账户和定期存款外，购买过基金、保险等理财产品，但还需要进一步的指导', '6', 'E', '2016-01-26 20:40:38', '2016-01-26 20:40:38', '1', '1', '1');
INSERT INTO `t_def_question_answer` VALUES ('354', 'QA0003_009', 'D', '丰富：本机构具有相当投资经验，参与过股票、基金等产品的交易，并倾向于自己做出投资决策', '8', 'E', '2016-01-26 20:40:38', '2016-01-26 20:40:38', '1', '1', '1');
INSERT INTO `t_def_question_answer` VALUES ('355', 'QA0003_009', 'E', '非常丰富：本单位对于投资非常有经验，参与过权证、期货或创业板等高风险产品的交易', '10', 'E', '2016-01-26 20:40:38', '2016-01-26 20:40:38', '1', '1', '1');
INSERT INTO `t_def_question_answer` VALUES ('356', 'QA0003_010', 'A', '无法判断', '2', 'E', '2016-01-26 20:40:38', '2016-01-26 20:40:38', '1', '1', '1');
INSERT INTO `t_def_question_answer` VALUES ('357', 'QA0003_010', 'B', '太高了', '4', 'E', '2016-01-26 20:40:38', '2016-01-26 20:40:38', '1', '1', '1');
INSERT INTO `t_def_question_answer` VALUES ('358', 'QA0003_010', 'C', '偏高', '6', 'E', '2016-01-26 20:40:38', '2016-01-26 20:40:38', '1', '1', '1');
INSERT INTO `t_def_question_answer` VALUES ('359', 'QA0003_010', 'D', '正常', '8', 'E', '2016-01-26 20:40:38', '2016-01-26 20:40:38', '1', '1', '1');
INSERT INTO `t_def_question_answer` VALUES ('360', 'QA0003_010', 'E', '偏低', '10', 'E', '2016-01-26 20:40:38', '2016-01-26 20:40:38', '1', '1', '1');
INSERT INTO `t_def_question_answer` VALUES ('361', 'QA0003_011', 'A', '5个及以下', '2', 'E', '2016-01-26 20:40:38', '2016-01-26 20:40:38', '1', '1', '1');
INSERT INTO `t_def_question_answer` VALUES ('362', 'QA0003_011', 'B', '6至10个', '4', 'E', '2016-01-26 20:40:38', '2016-01-26 20:40:38', '1', '1', '1');
INSERT INTO `t_def_question_answer` VALUES ('363', 'QA0003_011', 'C', '11至15个', '6', 'E', '2016-01-26 20:40:38', '2016-01-26 20:40:38', '1', '1', '1');
INSERT INTO `t_def_question_answer` VALUES ('364', 'QA0003_011', 'D', '16至20个', '8', 'E', '2016-01-26 20:40:38', '2016-01-26 20:40:38', '1', '1', '1');
INSERT INTO `t_def_question_answer` VALUES ('365', 'QA0003_011', 'E', '20个以上', '10', 'E', '2016-01-26 20:40:38', '2016-01-26 20:40:38', '1', '1', '1');
INSERT INTO `t_def_question_answer` VALUES ('366', 'QA0003_012', 'A', '银行存款', '2', 'E', '2016-01-26 20:40:38', '2016-01-26 20:40:38', '1', '1', '1');
INSERT INTO `t_def_question_answer` VALUES ('367', 'QA0003_012', 'B', '债券、货币市场基金、债券型基金或其它固定收益类投资品种', '4', 'E', '2016-01-26 20:40:38', '2016-01-26 20:40:38', '1', '1', '1');
INSERT INTO `t_def_question_answer` VALUES ('368', 'QA0003_012', 'C', '股票、混合型基金、偏股型基金、股票型基金等权益类投资品种', '6', 'E', '2016-01-26 20:40:38', '2016-01-26 20:40:38', '1', '1', '1');
INSERT INTO `t_def_question_answer` VALUES ('369', 'QA0003_012', 'D', '期货、期权等金融衍生品', '8', 'E', '2016-01-26 20:40:38', '2016-01-26 20:40:38', '1', '1', '1');
INSERT INTO `t_def_question_answer` VALUES ('370', 'QA0003_012', 'E', '股权投资等其他金融产品', '10', 'E', '2016-01-26 20:40:38', '2016-01-26 20:40:38', '1', '1', '1');
INSERT INTO `t_def_question_answer` VALUES ('371', 'QA0003_013', 'A', '从未投资过金融产品', '2', 'E', '2016-01-26 20:40:38', '2016-01-26 20:40:38', '1', '1', '1');
INSERT INTO `t_def_question_answer` VALUES ('372', 'QA0003_013', 'B', '100 万元以内', '4', 'E', '2016-01-26 20:40:38', '2016-01-26 20:40:38', '1', '1', '1');
INSERT INTO `t_def_question_answer` VALUES ('373', 'QA0003_013', 'C', '100 万元-300 万元', '6', 'E', '2016-01-26 20:40:38', '2016-01-26 20:40:38', '1', '1', '1');
INSERT INTO `t_def_question_answer` VALUES ('374', 'QA0003_013', 'D', '300 万元-1000 万元', '8', 'E', '2016-01-26 20:40:38', '2016-01-26 20:40:38', '1', '1', '1');
INSERT INTO `t_def_question_answer` VALUES ('375', 'QA0003_013', 'E', '1000 万元以上', '10', 'E', '2016-01-26 20:40:38', '2016-01-26 20:40:38', '1', '1', '1');
INSERT INTO `t_def_question_answer` VALUES ('376', 'QA0003_014', 'A', '无法确定', '2', 'E', '2016-01-26 20:40:38', '2016-01-26 20:40:38', '1', '1', '1');
INSERT INTO `t_def_question_answer` VALUES ('377', 'QA0003_014', 'B', '短期——0到1年', '4', 'E', '2016-01-26 20:40:38', '2016-01-26 20:40:38', '1', '1', '1');
INSERT INTO `t_def_question_answer` VALUES ('378', 'QA0003_014', 'C', '中期——1到5年', '6', 'E', '2016-01-26 20:40:38', '2016-01-26 20:40:38', '1', '1', '1');
INSERT INTO `t_def_question_answer` VALUES ('379', 'QA0003_014', 'D', '长期——5年到10年', '8', 'E', '2016-01-26 20:40:38', '2016-01-26 20:40:38', '1', '1', '1');
INSERT INTO `t_def_question_answer` VALUES ('380', 'QA0003_014', 'E', '超长期——10年以上', '10', 'E', '2016-01-26 20:40:38', '2016-01-26 20:40:38', '1', '1', '1');
INSERT INTO `t_def_question_answer` VALUES ('381', 'QA0003_015', 'A', '无法确定', '2', 'E', '2016-01-26 20:40:38', '2016-01-26 20:40:38', '1', '1', '1');
INSERT INTO `t_def_question_answer` VALUES ('382', 'QA0003_015', 'B', '资产保值，我不愿意承担任何投资风险', '4', 'E', '2016-01-26 20:40:38', '2016-01-26 20:40:38', '1', '1', '1');
INSERT INTO `t_def_question_answer` VALUES ('383', 'QA0003_015', 'C', '尽可能保证本金安全，不在乎收益率比较低', '6', 'E', '2016-01-26 20:40:38', '2016-01-26 20:40:38', '1', '1', '1');
INSERT INTO `t_def_question_answer` VALUES ('384', 'QA0003_015', 'D', '产生较多的收益，可以承担一定的投资风险', '8', 'E', '2016-01-26 20:40:38', '2016-01-26 20:40:38', '1', '1', '1');
INSERT INTO `t_def_question_answer` VALUES ('385', 'QA0003_015', 'E', '实现资产大幅增长，愿意承担很大的投资风险', '10', 'E', '2016-01-26 20:40:38', '2016-01-26 20:40:38', '1', '1', '1');
INSERT INTO `t_def_question_answer` VALUES ('386', 'QA0003_016', 'A', '银行存款', '2', 'E', '2016-01-26 20:40:38', '2016-01-26 20:40:38', '1', '1', '1');
INSERT INTO `t_def_question_answer` VALUES ('387', 'QA0003_016', 'B', '债券、货币市场基金、债券型基金或其它固定收益类投资品种', '4', 'E', '2016-01-26 20:40:38', '2016-01-26 20:40:38', '1', '1', '1');
INSERT INTO `t_def_question_answer` VALUES ('388', 'QA0003_016', 'C', '股票、混合型基金、偏股型基金、股票型基金等权益类投资品种', '6', 'E', '2016-01-26 20:40:38', '2016-01-26 20:40:38', '1', '1', '1');
INSERT INTO `t_def_question_answer` VALUES ('389', 'QA0003_016', 'D', '期货、期权等金融衍生品', '8', 'E', '2016-01-26 20:40:38', '2016-01-26 20:40:38', '1', '1', '1');
INSERT INTO `t_def_question_answer` VALUES ('390', 'QA0003_016', 'E', '股权投资等其他金融产品', '10', 'E', '2016-01-26 20:40:38', '2016-01-26 20:40:38', '1', '1', '1');
INSERT INTO `t_def_question_answer` VALUES ('391', 'QA0003_017', 'A', '无法承受任何损失', '2', 'E', '2016-01-26 20:40:38', '2016-01-26 20:40:38', '1', '1', '1');
INSERT INTO `t_def_question_answer` VALUES ('392', 'QA0003_017', 'B', '10%以内', '4', 'E', '2016-01-26 20:40:38', '2016-01-26 20:40:38', '1', '1', '1');
INSERT INTO `t_def_question_answer` VALUES ('393', 'QA0003_017', 'C', '10%-30%', '6', 'E', '2016-01-26 20:40:38', '2016-01-26 20:40:38', '1', '1', '1');
INSERT INTO `t_def_question_answer` VALUES ('394', 'QA0003_017', 'D', '30%-50%', '8', 'E', '2016-01-26 20:40:38', '2016-01-26 20:40:38', '1', '1', '1');
INSERT INTO `t_def_question_answer` VALUES ('395', 'QA0003_017', 'E', '超过 50%', '10', 'E', '2016-01-26 20:40:38', '2016-01-26 20:40:38', '1', '1', '1');
INSERT INTO `t_def_question_answer` VALUES ('396', 'QA0003_018', 'A', '全部投资于 A', '2', 'E', '2016-01-26 20:40:38', '2016-01-26 20:40:38', '1', '1', '1');
INSERT INTO `t_def_question_answer` VALUES ('397', 'QA0003_018', 'B', '大部分投资于 A', '4', 'E', '2016-01-26 20:40:38', '2016-01-26 20:40:38', '1', '1', '1');
INSERT INTO `t_def_question_answer` VALUES ('398', 'QA0003_018', 'C', '两种投资各一半', '6', 'E', '2016-01-26 20:40:38', '2016-01-26 20:40:38', '1', '1', '1');
INSERT INTO `t_def_question_answer` VALUES ('399', 'QA0003_018', 'D', '大部分投资于 B', '8', 'E', '2016-01-26 20:40:38', '2016-01-26 20:40:38', '1', '1', '1');
INSERT INTO `t_def_question_answer` VALUES ('410', 'QA0003_018', 'E', '全部投资于 B', '10', 'E', '2016-01-26 20:40:38', '2016-01-26 20:40:38', '1', '1', '1');
INSERT INTO `t_def_question_answer` VALUES ('411', 'QA0003_019', 'A', '无法确定', '2', 'E', '2016-01-26 20:40:38', '2016-01-26 20:40:38', '1', '1', '1');
INSERT INTO `t_def_question_answer` VALUES ('412', 'QA0003_019', 'B', '闲置资金保值增值', '4', 'E', '2016-01-26 20:40:38', '2016-01-26 20:40:38', '1', '1', '1');
INSERT INTO `t_def_question_answer` VALUES ('413', 'QA0003_019', 'C', '获取主营业务以外的投资收益', '6', 'E', '2016-01-26 20:40:38', '2016-01-26 20:40:38', '1', '1', '1');
INSERT INTO `t_def_question_answer` VALUES ('414', 'QA0003_019', 'D', '现货套期保值、对冲主营业务风险', '8', 'E', '2016-01-26 20:40:38', '2016-01-26 20:40:38', '1', '1', '1');
INSERT INTO `t_def_question_answer` VALUES ('415', 'QA0003_019', 'E', '减持已持有的股票', '10', 'E', '2016-01-26 20:40:38', '2016-01-26 20:40:38', '1', '1', '1');
INSERT INTO `t_def_question_answer` VALUES ('416', 'QA0003_020', 'A', '没有固定的管理模式', '2', 'E', '2016-01-26 20:40:38', '2016-01-26 20:40:38', '1', '1', '1');
INSERT INTO `t_def_question_answer` VALUES ('417', 'QA0003_020', 'B', '机构的可投资资产完全由机构内部管理', '4', 'E', '2016-01-26 20:40:38', '2016-01-26 20:40:38', '1', '1', '1');
INSERT INTO `t_def_question_answer` VALUES ('418', 'QA0003_020', 'C', '机构的可投资资产小部分委托管理', '6', 'E', '2016-01-26 20:40:38', '2016-01-26 20:40:38', '1', '1', '1');
INSERT INTO `t_def_question_answer` VALUES ('419', 'QA0003_020', 'D', '机构的可投资资产大部分委托管理', '8', 'E', '2016-01-26 20:40:38', '2016-01-26 20:40:38', '1', '1', '1');
INSERT INTO `t_def_question_answer` VALUES ('420', 'QA0003_020', 'E', '机构的可投资资产全部委托管理', '10', 'E', '2016-01-26 20:40:38', '2016-01-26 20:40:38', '1', '1', '1');
INSERT INTO `t_def_question_answer` VALUES ('421', 'QA0004_001', 'A', '无固定收入', '2', 'E', '2016-01-26 20:40:38', '2016-01-26 20:40:38', '1', '1', '1');
INSERT INTO `t_def_question_answer` VALUES ('422', 'QA0004_001', 'B', '出租、出售房地产等非金融性资产收入', '4', 'E', '2016-01-26 20:40:38', '2016-01-26 20:40:38', '1', '1', '1');
INSERT INTO `t_def_question_answer` VALUES ('423', 'QA0004_001', 'C', '利息、股息、转让等金融性资产收入', '6', 'E', '2016-01-26 20:40:38', '2016-01-26 20:40:38', '1', '1', '1');
INSERT INTO `t_def_question_answer` VALUES ('424', 'QA0004_001', 'D', '生成经营所得', '8', 'E', '2016-01-26 20:40:38', '2016-01-26 20:40:38', '1', '1', '1');
INSERT INTO `t_def_question_answer` VALUES ('425', 'QA0004_001', 'E', '工资、劳务报酬', '10', 'E', '2016-01-26 20:40:38', '2016-01-26 20:40:38', '1', '1', '1');
INSERT INTO `t_def_question_answer` VALUES ('426', 'QA0004_002', 'A', '高中及以下', '2', 'E', '2016-01-26 20:40:38', '2016-01-26 20:40:38', '1', '1', '1');
INSERT INTO `t_def_question_answer` VALUES ('427', 'QA0004_002', 'B', '中专或大专', '4', 'E', '2016-01-26 20:40:38', '2016-01-26 20:40:38', '1', '1', '1');
INSERT INTO `t_def_question_answer` VALUES ('428', 'QA0004_002', 'C', '本科', '6', 'E', '2016-01-26 20:40:38', '2016-01-26 20:40:38', '1', '1', '1');
INSERT INTO `t_def_question_answer` VALUES ('429', 'QA0004_002', 'D', '硕士', '8', 'E', '2016-01-26 20:40:38', '2016-01-26 20:40:38', '1', '1', '1');
INSERT INTO `t_def_question_answer` VALUES ('430', 'QA0004_002', 'E', '博士', '10', 'E', '2016-01-26 20:40:38', '2016-01-26 20:40:38', '1', '1', '1');
INSERT INTO `t_def_question_answer` VALUES ('431', 'QA0004_003', 'A', '有，巨额债务', '2', 'E', '2016-01-26 20:40:38', '2016-01-26 20:40:38', '1', '1', '1');
INSERT INTO `t_def_question_answer` VALUES ('432', 'QA0004_003', 'B', '有，亲戚朋友借款', '4', 'E', '2016-01-26 20:40:38', '2016-01-26 20:40:38', '1', '1', '1');
INSERT INTO `t_def_question_answer` VALUES ('433', 'QA0004_003', 'C', '有，信用卡欠款、消费信贷等短期信用债务', '6', 'E', '2016-01-26 20:40:38', '2016-01-26 20:40:38', '1', '1', '1');
INSERT INTO `t_def_question_answer` VALUES ('434', 'QA0004_003', 'D', '有，住房抵押贷款等长期定额债务', '8', 'E', '2016-01-26 20:40:38', '2016-01-26 20:40:38', '1', '1', '1');
INSERT INTO `t_def_question_answer` VALUES ('435', 'QA0004_003', 'E', '没有', '10', 'E', '2016-01-26 20:40:38', '2016-01-26 20:40:38', '1', '1', '1');
INSERT INTO `t_def_question_answer` VALUES ('436', 'QA0004_004', 'A', '50万元以下', '2', 'E', '2016-01-26 20:40:38', '2016-01-26 20:40:38', '1', '1', '1');
INSERT INTO `t_def_question_answer` VALUES ('437', 'QA0004_004', 'B', '50—100万元', '4', 'E', '2016-01-26 20:40:38', '2016-01-26 20:40:38', '1', '1', '1');
INSERT INTO `t_def_question_answer` VALUES ('438', 'QA0004_004', 'C', '100—500万元', '6', 'E', '2016-01-26 20:40:38', '2016-01-26 20:40:38', '1', '1', '1');
INSERT INTO `t_def_question_answer` VALUES ('439', 'QA0004_004', 'D', '500—1000万元', '8', 'E', '2016-01-26 20:40:38', '2016-01-26 20:40:38', '1', '1', '1');
INSERT INTO `t_def_question_answer` VALUES ('440', 'QA0004_004', 'E', '1000万元以上', '10', 'E', '2016-01-26 20:40:38', '2016-01-26 20:40:38', '1', '1', '1');
INSERT INTO `t_def_question_answer` VALUES ('441', 'QA0004_005', 'A', '小于10%', '2', 'E', '2016-01-26 20:40:38', '2016-01-26 20:40:38', '1', '1', '1');
INSERT INTO `t_def_question_answer` VALUES ('442', 'QA0004_005', 'B', '10%至25%', '4', 'E', '2016-01-26 20:40:38', '2016-01-26 20:40:38', '1', '1', '1');
INSERT INTO `t_def_question_answer` VALUES ('443', 'QA0004_005', 'C', '25%至50%', '6', 'E', '2016-01-26 20:40:38', '2016-01-26 20:40:38', '1', '1', '1');
INSERT INTO `t_def_question_answer` VALUES ('444', 'QA0004_005', 'D', '大于50%', '8', 'E', '2016-01-26 20:40:38', '2016-01-26 20:40:38', '1', '1', '1');
INSERT INTO `t_def_question_answer` VALUES ('445', 'QA0004_005', 'E', '全部', '10', 'E', '2016-01-26 20:40:38', '2016-01-26 20:40:38', '1', '1', '1');
INSERT INTO `t_def_question_answer` VALUES ('446', 'QA0004_006', 'A', '有限：基本没有金融产品方面的知识', '2', 'E', '2016-01-26 20:40:38', '2016-01-26 20:40:38', '1', '1', '1');
INSERT INTO `t_def_question_answer` VALUES ('447', 'QA0004_006', 'B', '一般：对金融产品及其相关风险具有基本的知识和理解', '4', 'E', '2016-01-26 20:40:38', '2016-01-26 20:40:38', '1', '1', '1');
INSERT INTO `t_def_question_answer` VALUES ('448', 'QA0004_006', 'C', '丰富：对金融产品及其相关风险具有丰富的知识和理解', '6', 'E', '2016-01-26 20:40:38', '2016-01-26 20:40:38', '1', '1', '1');
INSERT INTO `t_def_question_answer` VALUES ('449', 'QA0004_006', 'D', '非常丰富：对金融产品及其相关风险具有非常丰富的知识和理解', '8', 'E', '2016-01-26 20:40:38', '2016-01-26 20:40:38', '1', '1', '1');
INSERT INTO `t_def_question_answer` VALUES ('450', 'QA0004_006', 'E', '资深：金融行业资深从业人员', '10', 'E', '2016-01-26 20:40:38', '2016-01-26 20:40:38', '1', '1', '1');
INSERT INTO `t_def_question_answer` VALUES ('451', 'QA0004_007', 'A', '除银行储蓄外，基本没有其他投资经验', '2', 'E', '2016-01-26 20:40:38', '2016-01-26 20:40:38', '1', '1', '1');
INSERT INTO `t_def_question_answer` VALUES ('452', 'QA0004_007', 'B', '购买过债券、保险等理财产品', '4', 'E', '2016-01-26 20:40:38', '2016-01-26 20:40:38', '1', '1', '1');
INSERT INTO `t_def_question_answer` VALUES ('453', 'QA0004_007', 'C', '参与过股票、基金等产品的交易', '6', 'E', '2016-01-26 20:40:38', '2016-01-26 20:40:38', '1', '1', '1');
INSERT INTO `t_def_question_answer` VALUES ('454', 'QA0004_007', 'D', '参与过权证、期货、期权等产品的交易', '8', 'E', '2016-01-26 20:40:38', '2016-01-26 20:40:38', '1', '1', '1');
INSERT INTO `t_def_question_answer` VALUES ('455', 'QA0004_007', 'E', '投资经验非常丰富，上述产品与交易均有涉及', '10', 'E', '2016-01-26 20:40:38', '2016-01-26 20:40:38', '1', '1', '1');
INSERT INTO `t_def_question_answer` VALUES ('456', 'QA0004_008', 'A', '没有经验', '2', 'E', '2016-01-26 20:40:38', '2016-01-26 20:40:38', '1', '1', '1');
INSERT INTO `t_def_question_answer` VALUES ('457', 'QA0004_008', 'B', '少于2年', '4', 'E', '2016-01-26 20:40:38', '2016-01-26 20:40:38', '1', '1', '1');
INSERT INTO `t_def_question_answer` VALUES ('458', 'QA0004_008', 'C', '2至5年', '6', 'E', '2016-01-26 20:40:38', '2016-01-26 20:40:38', '1', '1', '1');
INSERT INTO `t_def_question_answer` VALUES ('459', 'QA0004_008', 'D', '5至10年', '8', 'E', '2016-01-26 20:40:38', '2016-01-26 20:40:38', '1', '1', '1');
INSERT INTO `t_def_question_answer` VALUES ('460', 'QA0004_008', 'E', '10年以上', '10', 'E', '2016-01-26 20:40:38', '2016-01-26 20:40:38', '1', '1', '1');
INSERT INTO `t_def_question_answer` VALUES ('461', 'QA0004_009', 'A', '1年以下', '2', 'E', '2016-01-26 20:40:38', '2016-01-26 20:40:38', '1', '1', '1');
INSERT INTO `t_def_question_answer` VALUES ('462', 'QA0004_009', 'B', '1至3年', '4', 'E', '2016-01-26 20:40:38', '2016-01-26 20:40:38', '1', '1', '1');
INSERT INTO `t_def_question_answer` VALUES ('463', 'QA0004_009', 'C', '3至5年', '6', 'E', '2016-01-26 20:40:38', '2016-01-26 20:40:38', '1', '1', '1');
INSERT INTO `t_def_question_answer` VALUES ('464', 'QA0004_009', 'D', '5至10年', '8', 'E', '2016-01-26 20:40:38', '2016-01-26 20:40:38', '1', '1', '1');
INSERT INTO `t_def_question_answer` VALUES ('465', 'QA0004_009', 'E', '10年以上', '10', 'E', '2016-01-26 20:40:38', '2016-01-26 20:40:38', '1', '1', '1');
INSERT INTO `t_def_question_answer` VALUES ('466', 'QA0004_010', 'A', '储蓄存款', '2', 'E', '2016-01-26 20:40:38', '2016-01-26 20:40:38', '1', '1', '1');
INSERT INTO `t_def_question_answer` VALUES ('467', 'QA0004_010', 'B', '债券、货币市场基金、债券基金等固定收益类投资品种', '4', 'E', '2016-01-26 20:40:38', '2016-01-26 20:40:38', '1', '1', '1');
INSERT INTO `t_def_question_answer` VALUES ('468', 'QA0004_010', 'C', '股票、混合型基金、股票型基金等权益类投资品种', '6', 'E', '2016-01-26 20:40:38', '2016-01-26 20:40:38', '1', '1', '1');
INSERT INTO `t_def_question_answer` VALUES ('469', 'QA0004_010', 'D', '期货、期权等金融衍生品', '8', 'E', '2016-01-26 20:40:38', '2016-01-26 20:40:38', '1', '1', '1');
INSERT INTO `t_def_question_answer` VALUES ('470', 'QA0004_010', 'E', '股权投资等其他金融产品', '10', 'E', '2016-01-26 20:40:38', '2016-01-26 20:40:38', '1', '1', '1');
INSERT INTO `t_def_question_answer` VALUES ('471', 'QA0004_011', 'A', '相当于储蓄存款收益率', '2', 'E', '2016-01-26 20:40:38', '2016-01-26 20:40:38', '1', '1', '1');
INSERT INTO `t_def_question_answer` VALUES ('472', 'QA0004_011', 'B', '相当于通货膨胀率', '4', 'E', '2016-01-26 20:40:38', '2016-01-26 20:40:38', '1', '1', '1');
INSERT INTO `t_def_question_answer` VALUES ('473', 'QA0004_011', 'C', '高于通货膨胀率，只要保值并略有增值即可', '6', 'E', '2016-01-26 20:40:38', '2016-01-26 20:40:38', '1', '1', '1');
INSERT INTO `t_def_question_answer` VALUES ('474', 'QA0004_011', 'D', '接近或相当于股票市场平均收益率', '8', 'E', '2016-01-26 20:40:38', '2016-01-26 20:40:38', '1', '1', '1');
INSERT INTO `t_def_question_answer` VALUES ('475', 'QA0004_011', 'E', '大大超过股票市场平均收益率', '10', 'E', '2016-01-26 20:40:38', '2016-01-26 20:40:38', '1', '1', '1');
INSERT INTO `t_def_question_answer` VALUES ('476', 'QA0004_012', 'A', '厌恶风险，不希望本金损失，希望获得稳定回报', '2', 'E', '2016-01-26 20:40:38', '2016-01-26 20:40:38', '1', '1', '1');
INSERT INTO `t_def_question_answer` VALUES ('477', 'QA0004_012', 'B', '保守投资，不希望本金损失，愿意承担一定幅度的收益波动', '4', 'E', '2016-01-26 20:40:38', '2016-01-26 20:40:38', '1', '1', '1');
INSERT INTO `t_def_question_answer` VALUES ('478', 'QA0004_012', 'C', '寻求资金的较高收益和成长性，愿意为此承担有限本金损失', '6', 'E', '2016-01-26 20:40:38', '2016-01-26 20:40:38', '1', '1', '1');
INSERT INTO `t_def_question_answer` VALUES ('479', 'QA0004_012', 'D', '希望赚取高回报，愿意为此承担较大本金损失', '8', 'E', '2016-01-26 20:40:38', '2016-01-26 20:40:38', '1', '1', '1');
INSERT INTO `t_def_question_answer` VALUES ('480', 'QA0004_012', 'E', '理性投资，资产配置', '10', 'E', '2016-01-26 20:40:38', '2016-01-26 20:40:38', '1', '1', '1');
INSERT INTO `t_def_question_answer` VALUES ('481', 'QA0004_013', 'A', '放弃投资', '2', 'E', '2016-01-26 20:40:38', '2016-01-26 20:40:38', '1', '1', '1');
INSERT INTO `t_def_question_answer` VALUES ('482', 'QA0004_013', 'B', '全部投资于收益较小且风险较小的A', '4', 'E', '2016-01-26 20:40:38', '2016-01-26 20:40:38', '1', '1', '1');
INSERT INTO `t_def_question_answer` VALUES ('483', 'QA0004_013', 'C', '同时投资于A和B，但大部分资金投资于收益较小且风险较小的A', '6', 'E', '2016-01-26 20:40:38', '2016-01-26 20:40:38', '1', '1', '1');
INSERT INTO `t_def_question_answer` VALUES ('484', 'QA0004_013', 'D', '同时投资于A和B，但大部分资金投资于收益较大且风险较大的B', '8', 'E', '2016-01-26 20:40:38', '2016-01-26 20:40:38', '1', '1', '1');
INSERT INTO `t_def_question_answer` VALUES ('485', 'QA0004_013', 'E', '全部投资于收益较大且风险较大的B', '10', 'E', '2016-01-26 20:40:38', '2016-01-26 20:40:38', '1', '1', '1');
INSERT INTO `t_def_question_answer` VALUES ('486', 'QA0004_014', 'A', '不能承受损失', '2', 'E', '2016-01-26 20:40:38', '2016-01-26 20:40:38', '1', '1', '1');
INSERT INTO `t_def_question_answer` VALUES ('487', 'QA0004_014', 'B', '10%以内', '4', 'E', '2016-01-26 20:40:38', '2016-01-26 20:40:38', '1', '1', '1');
INSERT INTO `t_def_question_answer` VALUES ('488', 'QA0004_014', 'C', '10%-30%', '6', 'E', '2016-01-26 20:40:38', '2016-01-26 20:40:38', '1', '1', '1');
INSERT INTO `t_def_question_answer` VALUES ('489', 'QA0004_014', 'D', '30%-50%', '8', 'E', '2016-01-26 20:40:38', '2016-01-26 20:40:38', '1', '1', '1');
INSERT INTO `t_def_question_answer` VALUES ('490', 'QA0004_014', 'E', '超过50%', '10', 'E', '2016-01-26 20:40:38', '2016-01-26 20:40:38', '1', '1', '1');
INSERT INTO `t_def_question_answer` VALUES ('491', 'QA0004_015', 'A', '无法承受风险，准备赎回或卖掉', '2', 'E', '2016-01-26 20:40:38', '2016-01-26 20:40:38', '1', '1', '1');
INSERT INTO `t_def_question_answer` VALUES ('492', 'QA0004_015', 'B', '3 个月到6 个月内如果还是亏损30％，就准备赎回或卖掉', '4', 'E', '2016-01-26 20:40:38', '2016-01-26 20:40:38', '1', '1', '1');
INSERT INTO `t_def_question_answer` VALUES ('493', 'QA0004_015', 'C', '1 年之内还是亏损30％，就准备赎回或卖掉', '6', 'E', '2016-01-26 20:40:38', '2016-01-26 20:40:38', '1', '1', '1');
INSERT INTO `t_def_question_answer` VALUES ('494', 'QA0004_015', 'D', '2－3 年之内都可以持有，等待机会', '8', 'E', '2016-01-26 20:40:38', '2016-01-26 20:40:38', '1', '1', '1');
INSERT INTO `t_def_question_answer` VALUES ('495', 'QA0004_015', 'E', '没关系，可以长期持有，等待机会', '10', 'E', '2016-01-26 20:40:38', '2016-01-26 20:40:38', '1', '1', '1');

-- ----------------------------
-- Table structure for t_def_report_col
-- ----------------------------
DROP TABLE IF EXISTS `t_def_report_col`;
CREATE TABLE `t_def_report_col` (
  `REPORT_CODE` varchar(20) NOT NULL,
  `COLUMN_NO` varchar(20) NOT NULL,
  `COLUMN_CODE` varchar(50) NOT NULL,
  `COLUMN_NAME` varchar(120) NOT NULL
) ENGINE=InnoDB DEFAULT CHARSET=utf8;

-- ----------------------------
-- Records of t_def_report_col
-- ----------------------------
INSERT INTO `t_def_report_col` VALUES ('PreCustActGradManage', 'col0', 'serailNo', '序号');
INSERT INTO `t_def_report_col` VALUES ('PreCustActGradManage', 'col1', 'visitDay', '日期');
INSERT INTO `t_def_report_col` VALUES ('PreCustActGradManage', 'col2', 'agentName', '财富顾问');
INSERT INTO `t_def_report_col` VALUES ('PreCustActGradManage', 'col3', 'nameListObtained', '名单获取(3)');
INSERT INTO `t_def_report_col` VALUES ('PreCustActGradManage', 'col4', 'apointmentVisit', '约访(2)');
INSERT INTO `t_def_report_col` VALUES ('PreCustActGradManage', 'col5', 'interview', '面谈(1)');
INSERT INTO `t_def_report_col` VALUES ('PreCustActGradManage', 'col6', 'companyIntroduction', '介绍公司');
INSERT INTO `t_def_report_col` VALUES ('PreCustActGradManage', 'col7', 'weixinAccountIntroduction', '关注微信');
INSERT INTO `t_def_report_col` VALUES ('PreCustActGradManage', 'col8', 'appDownload', '下载APP');
INSERT INTO `t_def_report_col` VALUES ('PreCustActGradManage', 'col9', 'selfIntroduction', '自我介绍');
INSERT INTO `t_def_report_col` VALUES ('PreCustActGradManage', 'col10', 'baobaoFinancialIntroduction', '介绍宝宝理财');
INSERT INTO `t_def_report_col` VALUES ('PreCustActGradManage', 'col11', 'assetManagementIntroduction', '推介信托资管');
INSERT INTO `t_def_report_col` VALUES ('PreCustActGradManage', 'col12', 'privateEquityFundIntroduction', '推介私募基金');
INSERT INTO `t_def_report_col` VALUES ('PreCustActGradManage', 'col13', 'insurancefIntroduction', '保险');
INSERT INTO `t_def_report_col` VALUES ('PreCustActGradManage', 'col14', 'financleIntroduction', '融资');
INSERT INTO `t_def_report_col` VALUES ('PreCustActGradManage', 'col15', 'teamLeaderEvaluate', '分数合计');
INSERT INTO `t_def_report_col` VALUES ('PdIncomeDisDetail', 'col0', 'serailNo', '序号');
INSERT INTO `t_def_report_col` VALUES ('PdIncomeDisDetail', 'col1', 'incomeDisDetailId', '收益分配流水号(incomeDisDetailId)');
INSERT INTO `t_def_report_col` VALUES ('PdIncomeDisDetail', 'col2', 'agentCode', '员工编码');
INSERT INTO `t_def_report_col` VALUES ('PdIncomeDisDetail', 'col3', 'agentName', '财富顾问姓名');
INSERT INTO `t_def_report_col` VALUES ('PdIncomeDisDetail', 'col4', 'customerNo', '客户号');
INSERT INTO `t_def_report_col` VALUES ('PdIncomeDisDetail', 'col5', 'custName', '客户姓名');
INSERT INTO `t_def_report_col` VALUES ('PdIncomeDisDetail', 'col6', 'productCode', '产品编码');
INSERT INTO `t_def_report_col` VALUES ('PdIncomeDisDetail', 'col7', 'productName', '产品名称');
INSERT INTO `t_def_report_col` VALUES ('PdIncomeDisDetail', 'col8', 'closedPeriod', '产品期限');
INSERT INTO `t_def_report_col` VALUES ('PdIncomeDisDetail', 'col9', 'foundDate', '成立日');
INSERT INTO `t_def_report_col` VALUES ('PdIncomeDisDetail', 'col10', 'distributeStartDate', '计息起日');
INSERT INTO `t_def_report_col` VALUES ('PdIncomeDisDetail', 'col11', 'distributeEndDate', '计息止日');
INSERT INTO `t_def_report_col` VALUES ('PdIncomeDisDetail', 'col12', 'calInterestDays', '计息天数');
INSERT INTO `t_def_report_col` VALUES ('PdIncomeDisDetail', 'col13', 'actuSubscriptionAmount', '认购规模(万)');
INSERT INTO `t_def_report_col` VALUES ('PdIncomeDisDetail', 'col14', 'expectedFeeRate', '预期收益率(%)');
INSERT INTO `t_def_report_col` VALUES ('PdIncomeDisDetail', 'col15', 'distributeInterest', '应付利息');
INSERT INTO `t_def_report_col` VALUES ('PdIncomeDisDetail', 'col16', 'distributePrincipalRate', '应付本金比例(%)');
INSERT INTO `t_def_report_col` VALUES ('PdIncomeDisDetail', 'col17', 'distributePrincipal', '应付本金');
INSERT INTO `t_def_report_col` VALUES ('PdIncomeDisDetail', 'col18', 'distributeTotal', '应付合计');
INSERT INTO `t_def_report_col` VALUES ('PdIncomeDisDetail', 'col19', 'bankAccNo', '收益账号');
INSERT INTO `t_def_report_col` VALUES ('PdIncomeDisDetail', 'col20', 'bankName', '账户开户行');
INSERT INTO `t_def_report_col` VALUES ('PdIncomeDisDetail', 'col21', 'agencyPrincipal', '产品方支付本金金额(agencyPrincipal)');
INSERT INTO `t_def_report_col` VALUES ('PdIncomeDisDetail', 'col22', 'agencyInterest', '产品方支付利息金额(agencyInterest)');
INSERT INTO `t_def_report_col` VALUES ('PdIncomeDisDetail', 'col23', 'confirmPrincipal', '最终确认支付本金金额(confirmPrincipal)');
INSERT INTO `t_def_report_col` VALUES ('PdIncomeDisDetail', 'col24', 'confirmInterest', '最终确认支付利息金额(confirmInterest)');
INSERT INTO `t_def_report_col` VALUES ('AllAssessDetail', 'col0', 'serailNo', '序号');
INSERT INTO `t_def_report_col` VALUES ('AllAssessDetail', 'col1', 'comName', '管理机构');
INSERT INTO `t_def_report_col` VALUES ('AllAssessDetail', 'col10', 'sumOtherStandardAssets', '其他类标准资产');
INSERT INTO `t_def_report_col` VALUES ('AllAssessDetail', 'col11', 'sumStandardAssets', '合计');
INSERT INTO `t_def_report_col` VALUES ('AllAssessDetail', 'col12', 'assessYear', '考核年份');
INSERT INTO `t_def_report_col` VALUES ('AllAssessDetail', 'col13', 'assessMonth', '考核月份');
INSERT INTO `t_def_report_col` VALUES ('AllAssessDetail', 'col14', 'assessUnit', '考核方式');
INSERT INTO `t_def_report_col` VALUES ('AllAssessDetail', 'col2', 'departmentName', '业务部');
INSERT INTO `t_def_report_col` VALUES ('AllAssessDetail', 'col3', 'storeName', '门店');
INSERT INTO `t_def_report_col` VALUES ('AllAssessDetail', 'col4', 'agentName', '理财顾问');
INSERT INTO `t_def_report_col` VALUES ('AllAssessDetail', 'col5', 'positionName', '管理职级');
INSERT INTO `t_def_report_col` VALUES ('AllAssessDetail', 'col6', 'gradeName', '管理级别');
INSERT INTO `t_def_report_col` VALUES ('AllAssessDetail', 'col7', 'sumWealthStandardAssets', '财富类标准资产');
INSERT INTO `t_def_report_col` VALUES ('AllAssessDetail', 'col8', 'sumRiskStandardAssets', '保险类标准资产');
INSERT INTO `t_def_report_col` VALUES ('AllAssessDetail', 'col9', 'sumLoanStandardAssets', '贷款类标准资产');
INSERT INTO `t_def_report_col` VALUES ('RiskAssessDetail', 'col0', 'serailNo', '序号');
INSERT INTO `t_def_report_col` VALUES ('RiskAssessDetail', 'col1', 'comName', '管理机构');
INSERT INTO `t_def_report_col` VALUES ('RiskAssessDetail', 'col10', 'productName', '合作产品');
INSERT INTO `t_def_report_col` VALUES ('RiskAssessDetail', 'col11', 'productType', '产品类型');
INSERT INTO `t_def_report_col` VALUES ('RiskAssessDetail', 'col12', 'customName', '客户姓名');
INSERT INTO `t_def_report_col` VALUES ('RiskAssessDetail', 'col13', 'tradeDate', '投保日期');
INSERT INTO `t_def_report_col` VALUES ('RiskAssessDetail', 'col14', 'statusDate', '承保日期');
INSERT INTO `t_def_report_col` VALUES ('RiskAssessDetail', 'col15', 'gradeName', '缴费年限');
INSERT INTO `t_def_report_col` VALUES ('RiskAssessDetail', 'col16', 'policyYear', '保单年度');
INSERT INTO `t_def_report_col` VALUES ('RiskAssessDetail', 'col17', 'actuPremium', '实收保费');
INSERT INTO `t_def_report_col` VALUES ('RiskAssessDetail', 'col18', 'standardPrem', '标准保费');
INSERT INTO `t_def_report_col` VALUES ('RiskAssessDetail', 'col19', 'scaleFactor', '折标系数');
INSERT INTO `t_def_report_col` VALUES ('RiskAssessDetail', 'col2', 'departmentName', '业务部');
INSERT INTO `t_def_report_col` VALUES ('RiskAssessDetail', 'col20', 'duration', '久期');
INSERT INTO `t_def_report_col` VALUES ('RiskAssessDetail', 'col21', 'durationFactor', '久期系数');
INSERT INTO `t_def_report_col` VALUES ('RiskAssessDetail', 'col22', 'standardAssets', '标准资产');
INSERT INTO `t_def_report_col` VALUES ('RiskAssessDetail', 'col23', 'assessYear', '考核年份');
INSERT INTO `t_def_report_col` VALUES ('RiskAssessDetail', 'col24', 'assessMonth', '考核月份');
INSERT INTO `t_def_report_col` VALUES ('RiskAssessDetail', 'col25', 'assessUnit', '考核方式');
INSERT INTO `t_def_report_col` VALUES ('RiskAssessDetail', 'col3', 'storeName', '网点');
INSERT INTO `t_def_report_col` VALUES ('RiskAssessDetail', 'col4', 'agentName', '理财顾问');
INSERT INTO `t_def_report_col` VALUES ('RiskAssessDetail', 'col5', 'positionName', '管理职级');
INSERT INTO `t_def_report_col` VALUES ('RiskAssessDetail', 'col6', 'gradeName', '管理级别');
INSERT INTO `t_def_report_col` VALUES ('RiskAssessDetail', 'col7', 'tradeNo', '交易号码');
INSERT INTO `t_def_report_col` VALUES ('RiskAssessDetail', 'col8', 'tradeInfoNo', '投保号码');
INSERT INTO `t_def_report_col` VALUES ('RiskAssessDetail', 'col9', 'agencyName', '合作机构');
INSERT INTO `t_def_report_col` VALUES ('WealthAssessDetail', 'col0', 'serailNo', '序号');
INSERT INTO `t_def_report_col` VALUES ('WealthAssessDetail', 'col1', 'comName', '管理机构');
INSERT INTO `t_def_report_col` VALUES ('WealthAssessDetail', 'col10', 'productName', '合作产品');
INSERT INTO `t_def_report_col` VALUES ('WealthAssessDetail', 'col11', 'productType', '产品类型');
INSERT INTO `t_def_report_col` VALUES ('WealthAssessDetail', 'col12', 'customName', '客户姓名');
INSERT INTO `t_def_report_col` VALUES ('WealthAssessDetail', 'col13', 'tradeDate', '交易日期');
INSERT INTO `t_def_report_col` VALUES ('WealthAssessDetail', 'col14', 'foundDate', '成立日期');
INSERT INTO `t_def_report_col` VALUES ('WealthAssessDetail', 'col15', 'subscripeFee', '认购额');
INSERT INTO `t_def_report_col` VALUES ('WealthAssessDetail', 'col16', 'duration', '久期');
INSERT INTO `t_def_report_col` VALUES ('WealthAssessDetail', 'col17', 'durationFactor', '久期系数');
INSERT INTO `t_def_report_col` VALUES ('WealthAssessDetail', 'col18', 'standardAssets', '标准资产');
INSERT INTO `t_def_report_col` VALUES ('WealthAssessDetail', 'col19', 'assetsStartDate', '考核起期');
INSERT INTO `t_def_report_col` VALUES ('WealthAssessDetail', 'col2', 'departmentName', '业务部');
INSERT INTO `t_def_report_col` VALUES ('WealthAssessDetail', 'col20', 'assetsEndDate', '考核止期');
INSERT INTO `t_def_report_col` VALUES ('WealthAssessDetail', 'col25', 'assessUnit', '考核方式');
INSERT INTO `t_def_report_col` VALUES ('WealthAssessDetail', 'col3', 'storeName', '门店');
INSERT INTO `t_def_report_col` VALUES ('WealthAssessDetail', 'col4', 'agentName', '理财顾问');
INSERT INTO `t_def_report_col` VALUES ('WealthAssessDetail', 'col5', 'positionName', '管理职级');
INSERT INTO `t_def_report_col` VALUES ('WealthAssessDetail', 'col6', 'gradeName', '管理级别');
INSERT INTO `t_def_report_col` VALUES ('WealthAssessDetail', 'col7', 'tradeNo', '交易号码');
INSERT INTO `t_def_report_col` VALUES ('WealthAssessDetail', 'col8', 'tradeInfoNo', '投保号码');
INSERT INTO `t_def_report_col` VALUES ('WealthAssessDetail', 'col9', 'agencyName', '合作机构');
INSERT INTO `t_def_report_col` VALUES ('AllCalDetail', 'col0', 'serailNo', '序号');
INSERT INTO `t_def_report_col` VALUES ('AllCalDetail', 'col1', 'comName', '管理机构');
INSERT INTO `t_def_report_col` VALUES ('AllCalDetail', 'col10', 'riskBonus', '保险-奖金');
INSERT INTO `t_def_report_col` VALUES ('AllCalDetail', 'col11', 'distributionLoan', '贷款-发放额');
INSERT INTO `t_def_report_col` VALUES ('AllCalDetail', 'col12', 'loanBonus', '贷款-奖金');
INSERT INTO `t_def_report_col` VALUES ('AllCalDetail', 'col13', 'otherStandardAssets', '其他-标准资产');
INSERT INTO `t_def_report_col` VALUES ('AllCalDetail', 'col14', 'otherBonus', '其他-奖金');
INSERT INTO `t_def_report_col` VALUES ('AllCalDetail', 'col15', 'sumStandardAssets', '业务部标准资产合计');
INSERT INTO `t_def_report_col` VALUES ('AllCalDetail', 'col16', 'sumBonus', '业务部奖金合计');
INSERT INTO `t_def_report_col` VALUES ('AllCalDetail', 'col17', 'sumManageBonus', '管理奖金');
INSERT INTO `t_def_report_col` VALUES ('AllCalDetail', 'col18', 'calYear', '薪资计算年');
INSERT INTO `t_def_report_col` VALUES ('AllCalDetail', 'col19', 'calMonth', '薪资计算月');
INSERT INTO `t_def_report_col` VALUES ('AllCalDetail', 'col2', 'departmentName', '业务部');
INSERT INTO `t_def_report_col` VALUES ('AllCalDetail', 'col3', 'storeName', '门店');
INSERT INTO `t_def_report_col` VALUES ('AllCalDetail', 'col4', 'agentName', '理财顾问');
INSERT INTO `t_def_report_col` VALUES ('AllCalDetail', 'col5', 'positionName', '管理职级');
INSERT INTO `t_def_report_col` VALUES ('AllCalDetail', 'col6', 'gradeName', '管理级别');
INSERT INTO `t_def_report_col` VALUES ('AllCalDetail', 'col7', 'wealthStandardAssets', '财富-标准资产');
INSERT INTO `t_def_report_col` VALUES ('AllCalDetail', 'col8', 'weathBonus', '财富-奖金');
INSERT INTO `t_def_report_col` VALUES ('AllCalDetail', 'col9', 'riskStandardPrem', '保险-标准保费');
INSERT INTO `t_def_report_col` VALUES ('RiskCalDetail', 'col0', 'serailNo', '序号');
INSERT INTO `t_def_report_col` VALUES ('RiskCalDetail', 'col1', 'comName', '管理机构');
INSERT INTO `t_def_report_col` VALUES ('RiskCalDetail', 'col10', 'productName', '合作产品');
INSERT INTO `t_def_report_col` VALUES ('RiskCalDetail', 'col11', 'productType', '产品类型');
INSERT INTO `t_def_report_col` VALUES ('RiskCalDetail', 'col12', 'customName', '客户姓名');
INSERT INTO `t_def_report_col` VALUES ('RiskCalDetail', 'col13', 'tradeDate', '投保日期');
INSERT INTO `t_def_report_col` VALUES ('RiskCalDetail', 'col14', 'statusDate', '承保日期');
INSERT INTO `t_def_report_col` VALUES ('RiskCalDetail', 'col15', 'payPeriod', '缴费年限');
INSERT INTO `t_def_report_col` VALUES ('RiskCalDetail', 'col16', 'policyYear', '保单年度');
INSERT INTO `t_def_report_col` VALUES ('RiskCalDetail', 'col17', 'actuPremium', '实收保费');
INSERT INTO `t_def_report_col` VALUES ('RiskCalDetail', 'col18', 'standardPrem', '标准保费');
INSERT INTO `t_def_report_col` VALUES ('RiskCalDetail', 'col19', 'scaleFactor', '折标系数');
INSERT INTO `t_def_report_col` VALUES ('RiskCalDetail', 'col2', 'departmentName', '业务部');
INSERT INTO `t_def_report_col` VALUES ('RiskCalDetail', 'col20', 'bonusRate', '奖金比例');
INSERT INTO `t_def_report_col` VALUES ('RiskCalDetail', 'col21', 'wageValue', '奖金');
INSERT INTO `t_def_report_col` VALUES ('RiskCalDetail', 'col22', 'calYear', '薪资计算年');
INSERT INTO `t_def_report_col` VALUES ('RiskCalDetail', 'col23', 'calMonth', '薪资计算月');
INSERT INTO `t_def_report_col` VALUES ('RiskCalDetail', 'col3', 'storeName', '门店');
INSERT INTO `t_def_report_col` VALUES ('RiskCalDetail', 'col4', 'agentName', '理财顾问');
INSERT INTO `t_def_report_col` VALUES ('RiskCalDetail', 'col5', 'positionName', '管理职级');
INSERT INTO `t_def_report_col` VALUES ('RiskCalDetail', 'col6', 'gradeName', '管理级别');
INSERT INTO `t_def_report_col` VALUES ('RiskCalDetail', 'col7', 'tradeNo', '交易号码');
INSERT INTO `t_def_report_col` VALUES ('RiskCalDetail', 'col8', 'tradeInfoNo', '投保号码');
INSERT INTO `t_def_report_col` VALUES ('RiskCalDetail', 'col9', 'agencyName', '合作机构');
INSERT INTO `t_def_report_col` VALUES ('WealthCalDetail', 'col0', 'serailNo', '序号');
INSERT INTO `t_def_report_col` VALUES ('WealthCalDetail', 'col1', 'comName', '管理机构');
INSERT INTO `t_def_report_col` VALUES ('WealthCalDetail', 'col10', 'productName', '合作产品');
INSERT INTO `t_def_report_col` VALUES ('WealthCalDetail', 'col11', 'productType', '产品类型');
INSERT INTO `t_def_report_col` VALUES ('WealthCalDetail', 'col12', 'customName', '客户姓名');
INSERT INTO `t_def_report_col` VALUES ('WealthCalDetail', 'col13', 'tradeDate', '交易日期');
INSERT INTO `t_def_report_col` VALUES ('WealthCalDetail', 'col14', 'foundDate', '成立日期');
INSERT INTO `t_def_report_col` VALUES ('WealthCalDetail', 'col15', 'subscripFee', '认购额');
INSERT INTO `t_def_report_col` VALUES ('WealthCalDetail', 'col16', 'bonusRate', '奖金比例');
INSERT INTO `t_def_report_col` VALUES ('WealthCalDetail', 'col17', 'bonus', '奖金');
INSERT INTO `t_def_report_col` VALUES ('WealthCalDetail', 'col18', 'calYear', '薪资计算年');
INSERT INTO `t_def_report_col` VALUES ('WealthCalDetail', 'col19', 'calMonth', '薪资计算月');
INSERT INTO `t_def_report_col` VALUES ('WealthCalDetail', 'col2', 'departmentName', '业务部');
INSERT INTO `t_def_report_col` VALUES ('WealthCalDetail', 'col3', 'storeName', '门店');
INSERT INTO `t_def_report_col` VALUES ('WealthCalDetail', 'col4', 'agentName', '理财顾问');
INSERT INTO `t_def_report_col` VALUES ('WealthCalDetail', 'col5', 'positionName', '管理职级');
INSERT INTO `t_def_report_col` VALUES ('WealthCalDetail', 'col6', 'gradeName', '管理级别');
INSERT INTO `t_def_report_col` VALUES ('WealthCalDetail', 'col7', 'tradeNo', '交易号码');
INSERT INTO `t_def_report_col` VALUES ('WealthCalDetail', 'col8', 'tradeInfoNo', '理财协议号');
INSERT INTO `t_def_report_col` VALUES ('WealthCalDetail', 'col9', 'agencyName', '合作机构');
INSERT INTO `t_def_report_col` VALUES ('RiskBalanceDetail', 'col0', 'serailNo', '序号');
INSERT INTO `t_def_report_col` VALUES ('RiskBalanceDetail', 'col1', 'comName', '管理机构');
INSERT INTO `t_def_report_col` VALUES ('RiskBalanceDetail', 'col2', 'departmentName', '业务部');
INSERT INTO `t_def_report_col` VALUES ('RiskBalanceDetail', 'col3', 'agentName', '理财顾问');
INSERT INTO `t_def_report_col` VALUES ('RiskBalanceDetail', 'col4', 'positionName', '职级');
INSERT INTO `t_def_report_col` VALUES ('RiskBalanceDetail', 'col5', 'gradeName', '级别');
INSERT INTO `t_def_report_col` VALUES ('RiskBalanceDetail', 'col6', 'tradeNo', '交易号码');
INSERT INTO `t_def_report_col` VALUES ('RiskBalanceDetail', 'col7', 'tradeInfoNo', '投保单号');
INSERT INTO `t_def_report_col` VALUES ('RiskBalanceDetail', 'col8', 'agencyComName', '合作机构');
INSERT INTO `t_def_report_col` VALUES ('RiskBalanceDetail', 'col9', 'productName', '产品');
INSERT INTO `t_def_report_col` VALUES ('RiskBalanceDetail', 'col10', 'customerName', '客户姓名');
INSERT INTO `t_def_report_col` VALUES ('RiskBalanceDetail', 'col11', 'tradeDate', '投保日期');
INSERT INTO `t_def_report_col` VALUES ('RiskBalanceDetail', 'col12', 'validDate', '承保日期');
INSERT INTO `t_def_report_col` VALUES ('RiskBalanceDetail', 'col13', 'payPeriodName', '缴费年期');
INSERT INTO `t_def_report_col` VALUES ('RiskBalanceDetail', 'col14', 'policyYear', '保单年度');
INSERT INTO `t_def_report_col` VALUES ('RiskBalanceDetail', 'col15', 'actuPremium', '实收保费');
INSERT INTO `t_def_report_col` VALUES ('RiskBalanceDetail', 'col16', 'feeType', '费用类型');
INSERT INTO `t_def_report_col` VALUES ('RiskBalanceDetail', 'col17', 'feeRate', '费率');
INSERT INTO `t_def_report_col` VALUES ('RiskBalanceDetail', 'col18', 'feeMoney', '费用金额');
INSERT INTO `t_def_report_col` VALUES ('RiskBalanceDetail', 'col19', 'startDate', '统计起期');
INSERT INTO `t_def_report_col` VALUES ('RiskBalanceDetail', 'col20', 'endDate', '统计止期');
INSERT INTO `t_def_report_col` VALUES ('WealthBalanceDetail', 'col0', 'serailNo', '序号');
INSERT INTO `t_def_report_col` VALUES ('WealthBalanceDetail', 'col1', 'comName', '管理机构');
INSERT INTO `t_def_report_col` VALUES ('WealthBalanceDetail', 'col2', 'departmentName', '业务部');
INSERT INTO `t_def_report_col` VALUES ('WealthBalanceDetail', 'col3', 'agentName', '理财顾问');
INSERT INTO `t_def_report_col` VALUES ('WealthBalanceDetail', 'col4', 'positionName', '职级');
INSERT INTO `t_def_report_col` VALUES ('WealthBalanceDetail', 'col5', 'gradeName', '级别');
INSERT INTO `t_def_report_col` VALUES ('WealthBalanceDetail', 'col6', 'tradeNo', '交易号码');
INSERT INTO `t_def_report_col` VALUES ('WealthBalanceDetail', 'col7', 'tradeInfoNo', '协议号码');
INSERT INTO `t_def_report_col` VALUES ('WealthBalanceDetail', 'col8', 'agencyComName', '合作机构');
INSERT INTO `t_def_report_col` VALUES ('WealthBalanceDetail', 'col9', 'productName', '产品');
INSERT INTO `t_def_report_col` VALUES ('WealthBalanceDetail', 'col10', 'customerName', '客户姓名');
INSERT INTO `t_def_report_col` VALUES ('WealthBalanceDetail', 'col11', 'tradeDate', '交易日期');
INSERT INTO `t_def_report_col` VALUES ('WealthBalanceDetail', 'col12', 'foundDate', '成立日期');
INSERT INTO `t_def_report_col` VALUES ('WealthBalanceDetail', 'col13', 'openDate', '期望开放日');
INSERT INTO `t_def_report_col` VALUES ('WealthBalanceDetail', 'col14', 'actuSubscriptionAmount', '认购金额');
INSERT INTO `t_def_report_col` VALUES ('WealthBalanceDetail', 'col15', 'subscriptionCopies', '认购份额');
INSERT INTO `t_def_report_col` VALUES ('WealthBalanceDetail', 'col16', 'feeType', '费用类型');
INSERT INTO `t_def_report_col` VALUES ('WealthBalanceDetail', 'col17', 'feeRate', '费率');
INSERT INTO `t_def_report_col` VALUES ('WealthBalanceDetail', 'col18', 'historyMaxNetValue', '历史最高净值');
INSERT INTO `t_def_report_col` VALUES ('WealthBalanceDetail', 'col19', 'netValue', '当前净值');
INSERT INTO `t_def_report_col` VALUES ('WealthBalanceDetail', 'col20', 'feeMoney', '费用金额');
INSERT INTO `t_def_report_col` VALUES ('WealthBalanceDetail', 'col22', 'startDate', '统计起期');
INSERT INTO `t_def_report_col` VALUES ('WealthBalanceDetail', 'col23', 'endDate', '统计止期');
INSERT INTO `t_def_report_col` VALUES ('ProductOrderDetail', 'col0', 'serailNo', '序列');
INSERT INTO `t_def_report_col` VALUES ('ProductOrderDetail', 'col1', 'agencyComName', '产品方');
INSERT INTO `t_def_report_col` VALUES ('ProductOrderDetail', 'col2', 'productName', '产品名称');
INSERT INTO `t_def_report_col` VALUES ('ProductOrderDetail', 'col3', 'expectOpenDay', '开放日');
INSERT INTO `t_def_report_col` VALUES ('ProductOrderDetail', 'col4', 'comName', '分公司');
INSERT INTO `t_def_report_col` VALUES ('ProductOrderDetail', 'col5', 'managerName', '团队长');
INSERT INTO `t_def_report_col` VALUES ('ProductOrderDetail', 'col6', 'agentName', '理财顾问');
INSERT INTO `t_def_report_col` VALUES ('ProductOrderDetail', 'col7', 'custName', '客户姓名');
INSERT INTO `t_def_report_col` VALUES ('ProductOrderDetail', 'col8', 'orderAmount', '预约额度(元)');
INSERT INTO `t_def_report_col` VALUES ('ProductOrderDetail', 'col9', 'orderDate', '预约时间');
INSERT INTO `t_def_report_col` VALUES ('ProductOrderDetail', 'col10', 'planTransferDate', '拟打款时间');
INSERT INTO `t_def_report_col` VALUES ('ProductOrderDetail', 'col11', 'orderStatus', '预约状态');
INSERT INTO `t_def_report_col` VALUES ('PreCustActivityDel', 'col0', 'serailNo', '序号');
INSERT INTO `t_def_report_col` VALUES ('PreCustActivityDel', 'col2', 'departmentName', '业务部');
INSERT INTO `t_def_report_col` VALUES ('PreCustActivityDel', 'col1', 'comName', '分公司');
INSERT INTO `t_def_report_col` VALUES ('PreCustActivityDel', 'col3', 'agentName', '财富顾问');
INSERT INTO `t_def_report_col` VALUES ('PreCustActivityDel', 'col4', 'preCustNo', '准客户编号');
INSERT INTO `t_def_report_col` VALUES ('PreCustActivityDel', 'col5', 'preCustName', '准客户姓名');
INSERT INTO `t_def_report_col` VALUES ('PreCustActivityDel', 'col6', 'preCustMobile', '手机号');
INSERT INTO `t_def_report_col` VALUES ('PreCustActivityDel', 'col7', 'preCustSex', '性别');
INSERT INTO `t_def_report_col` VALUES ('PreCustActivityDel', 'col8', 'preCustType', '客户类型');
INSERT INTO `t_def_report_col` VALUES ('PreCustActivityDel', 'col9', 'preCustObtainWay', '获客方式');
INSERT INTO `t_def_report_col` VALUES ('PreCustActivityDel', 'col10', 'preCustVisitType', '拜访类型');
INSERT INTO `t_def_report_col` VALUES ('PreCustActivityDel', 'col11', 'preCustVisitAction', '拜访动作');
INSERT INTO `t_def_report_col` VALUES ('PreCustActivityDel', 'col12', 'preCustVisitTime', '拜访时间');
INSERT INTO `t_def_report_col` VALUES ('PreCustActivityDel', 'col13', 'preCustVisitContent', '拜访内容');
INSERT INTO `t_def_report_col` VALUES ('custBelongAdjust', 'col0', 'serailNo', '序号');
INSERT INTO `t_def_report_col` VALUES ('custBelongAdjust', 'col1', 'customerNo', '客户号');
INSERT INTO `t_def_report_col` VALUES ('custBelongAdjust', 'col2', 'chnName', '中文姓名');
INSERT INTO `t_def_report_col` VALUES ('custBelongAdjust', 'col3', 'custLevel', '客户级别');
INSERT INTO `t_def_report_col` VALUES ('custBelongAdjust', 'col4', 'custObtainWayName', '客户获取方式');
INSERT INTO `t_def_report_col` VALUES ('custBelongAdjust', 'col5', 'custQuality', '客户重要性');
INSERT INTO `t_def_report_col` VALUES ('custBelongAdjust', 'col6', 'custType', '客户类型');
INSERT INTO `t_def_report_col` VALUES ('custBelongAdjust', 'col7', 'agentName', '当前财富顾问');
INSERT INTO `t_def_report_col` VALUES ('custBelongAdjust', 'col8', 'storeName', '当前财富顾问所属网点');
INSERT INTO `t_def_report_col` VALUES ('custBelongAdjust', 'col9', 'comName', '当前财富顾问所属分公司');
INSERT INTO `t_def_report_col` VALUES ('custBelongAdjust', 'col10', 'agoAgentName', '上任财富顾问');
INSERT INTO `t_def_report_col` VALUES ('custBelongAdjust', 'col11', 'custBelongStartDay', '客户归属起日');
INSERT INTO `t_def_report_col` VALUES ('custBelongAdjust', 'col12', 'signTimes', '签单次数');
INSERT INTO `t_def_report_col` VALUES ('ProductOrderDetail', 'col12', 'auditDate', '打款审核时间');
INSERT INTO `t_def_report_col` VALUES ('ProductOrderDetail', 'col13', 'isOldCustomer', '是否新客户');

-- ----------------------------
-- Table structure for t_def_role
-- ----------------------------
DROP TABLE IF EXISTS `t_def_role`;
CREATE TABLE `t_def_role` (
  `ROLE_ID` bigint(20) NOT NULL AUTO_INCREMENT,
  `ROLE_CODE` varchar(20) DEFAULT NULL,
  `ROLE_NAME` varchar(100) DEFAULT NULL,
  `ROLE_PRIVILEGE` varchar(2) DEFAULT NULL,
  `RC_STATE` varchar(1) NOT NULL,
  `CREATE_DATE` datetime NOT NULL,
  `MODIFY_DATE` datetime NOT NULL,
  `OPER_COM_ID` bigint(20) NOT NULL,
  `CREATE_USER_ID` bigint(20) NOT NULL,
  `MODIFY_USER_ID` bigint(20) NOT NULL,
  PRIMARY KEY (`ROLE_ID`)
) ENGINE=InnoDB AUTO_INCREMENT=16 DEFAULT CHARSET=utf8;

-- ----------------------------
-- Records of t_def_role
-- ----------------------------
INSERT INTO `t_def_role` VALUES ('1', 'admin', 'admin', '3', 'E', '2016-02-01 16:32:39', '2017-09-09 10:06:29', '1', '1', '1');
INSERT INTO `t_def_role` VALUES ('9', 'LCJL', '理财经理岗', '1', 'E', '2016-02-02 04:34:21', '2016-03-07 14:51:40', '1', '1', '1');
INSERT INTO `t_def_role` VALUES ('10', 'ZBYY', '总部运营岗', '3', 'E', '2016-02-02 22:13:17', '2016-04-13 14:24:00', '1', '1', '1');
INSERT INTO `t_def_role` VALUES ('11', 'CPJL', '产品经理岗', '1', 'E', '2016-02-02 22:19:11', '2016-04-19 11:33:37', '1', '1', '1');
INSERT INTO `t_def_role` VALUES ('12', 'XSGL', '销售管理岗', '3', 'E', '2016-03-07 11:11:24', '2016-04-13 13:46:45', '1', '1', '1');
INSERT INTO `t_def_role` VALUES ('13', 'GJCPJL', '高级产品经理岗', '1', 'E', '2016-03-07 14:37:37', '2016-04-19 11:38:00', '1', '1', '1');
INSERT INTO `t_def_role` VALUES ('14', 'GJLCJL', '高级理财经理岗', '1', 'D', '2016-03-07 14:54:56', '2016-04-11 15:17:04', '1', '1', '1');
INSERT INTO `t_def_role` VALUES ('15', 'RSXZ', '人事行政岗', '3', 'E', '2016-03-07 14:56:45', '2016-04-13 14:18:52', '1', '1', '1');

-- ----------------------------
-- Table structure for t_def_role_privilege_rela
-- ----------------------------
DROP TABLE IF EXISTS `t_def_role_privilege_rela`;
CREATE TABLE `t_def_role_privilege_rela` (
  `ROLE_PRIVILEGERELA_ID` bigint(20) NOT NULL AUTO_INCREMENT,
  `ROLE_ID` bigint(20) DEFAULT NULL,
  `PRIVILEGE_ID` bigint(20) DEFAULT NULL,
  `RC_STATE` varchar(1) DEFAULT NULL,
  `CREATE_DATE` datetime DEFAULT NULL,
  `MODIFY_DATE` datetime DEFAULT NULL,
  `OPER_COM_ID` bigint(20) DEFAULT NULL,
  `CREATE_USER_ID` bigint(20) DEFAULT NULL,
  `MODIFY_USER_ID` bigint(20) DEFAULT NULL,
  PRIMARY KEY (`ROLE_PRIVILEGERELA_ID`),
  KEY `FK_T_DEF_RO_REF_T_DEF_RO` (`ROLE_ID`) USING BTREE,
  CONSTRAINT `t_def_role_privilege_rela_ibfk_1` FOREIGN KEY (`ROLE_ID`) REFERENCES `t_def_role` (`ROLE_ID`)
) ENGINE=InnoDB AUTO_INCREMENT=9879 DEFAULT CHARSET=utf8;

-- ----------------------------
-- Records of t_def_role_privilege_rela
-- ----------------------------
INSERT INTO `t_def_role_privilege_rela` VALUES ('2871', '11', '15', 'E', '2016-10-08 13:13:22', '2016-10-08 13:13:22', '1', '1', '1');
INSERT INTO `t_def_role_privilege_rela` VALUES ('2874', '11', '72', 'E', '2016-10-08 13:13:22', '2016-10-08 13:13:22', '1', '1', '1');
INSERT INTO `t_def_role_privilege_rela` VALUES ('2876', '11', '12', 'E', '2016-10-08 13:13:22', '2016-10-08 13:13:22', '1', '1', '1');
INSERT INTO `t_def_role_privilege_rela` VALUES ('2878', '11', '14', 'E', '2016-10-08 13:13:22', '2016-10-08 13:13:22', '1', '1', '1');
INSERT INTO `t_def_role_privilege_rela` VALUES ('2879', '11', '23', 'E', '2016-10-08 13:13:22', '2016-10-08 13:13:22', '1', '1', '1');
INSERT INTO `t_def_role_privilege_rela` VALUES ('2880', '11', '30', 'E', '2016-10-08 13:13:22', '2016-10-08 13:13:22', '1', '1', '1');
INSERT INTO `t_def_role_privilege_rela` VALUES ('2881', '11', '31', 'E', '2016-10-08 13:13:22', '2016-10-08 13:13:22', '1', '1', '1');
INSERT INTO `t_def_role_privilege_rela` VALUES ('2882', '11', '29', 'E', '2016-10-08 13:13:22', '2016-10-08 13:13:22', '1', '1', '1');
INSERT INTO `t_def_role_privilege_rela` VALUES ('2883', '11', '67', 'D', '2016-10-08 13:13:22', '2017-09-10 14:16:24', '1', '1', '1');
INSERT INTO `t_def_role_privilege_rela` VALUES ('2885', '11', '8', 'D', '2016-10-08 13:13:23', '2017-09-10 14:16:24', '1', '1', '1');
INSERT INTO `t_def_role_privilege_rela` VALUES ('2886', '12', '15', 'E', '2016-10-08 13:13:43', '2016-10-08 13:13:43', '1', '1', '1');
INSERT INTO `t_def_role_privilege_rela` VALUES ('2887', '12', '63', 'E', '2016-10-08 13:13:43', '2016-10-08 13:13:43', '1', '1', '1');
INSERT INTO `t_def_role_privilege_rela` VALUES ('2889', '12', '72', 'E', '2016-10-08 13:13:43', '2016-10-08 13:13:43', '1', '1', '1');
INSERT INTO `t_def_role_privilege_rela` VALUES ('2890', '12', '17', 'E', '2016-10-08 13:13:43', '2016-10-08 13:13:43', '1', '1', '1');
INSERT INTO `t_def_role_privilege_rela` VALUES ('2891', '12', '62', 'E', '2016-10-08 13:13:43', '2016-10-08 13:13:43', '1', '1', '1');
INSERT INTO `t_def_role_privilege_rela` VALUES ('2892', '12', '19', 'E', '2016-10-08 13:13:43', '2016-10-08 13:13:43', '1', '1', '1');
INSERT INTO `t_def_role_privilege_rela` VALUES ('2894', '12', '43', 'E', '2016-10-08 13:13:43', '2016-10-08 13:13:43', '1', '1', '1');
INSERT INTO `t_def_role_privilege_rela` VALUES ('2895', '12', '44', 'E', '2016-10-08 13:13:43', '2016-10-08 13:13:43', '1', '1', '1');
INSERT INTO `t_def_role_privilege_rela` VALUES ('2896', '12', '16', 'E', '2016-10-08 13:13:43', '2016-10-08 13:13:43', '1', '1', '1');
INSERT INTO `t_def_role_privilege_rela` VALUES ('2897', '12', '41', 'E', '2016-10-08 13:13:43', '2016-10-08 13:13:43', '1', '1', '1');
INSERT INTO `t_def_role_privilege_rela` VALUES ('2898', '12', '45', 'E', '2016-10-08 13:13:43', '2016-10-08 13:13:43', '1', '1', '1');
INSERT INTO `t_def_role_privilege_rela` VALUES ('2899', '12', '46', 'E', '2016-10-08 13:13:43', '2016-10-08 13:13:43', '1', '1', '1');
INSERT INTO `t_def_role_privilege_rela` VALUES ('2900', '12', '67', 'E', '2016-10-08 13:13:43', '2016-10-08 13:13:43', '1', '1', '1');
INSERT INTO `t_def_role_privilege_rela` VALUES ('2901', '12', '70', 'E', '2016-10-08 13:13:43', '2016-10-08 13:13:43', '1', '1', '1');
INSERT INTO `t_def_role_privilege_rela` VALUES ('2904', '12', '8', 'E', '2016-10-08 13:13:43', '2016-10-08 13:13:43', '1', '1', '1');
INSERT INTO `t_def_role_privilege_rela` VALUES ('2905', '13', '15', 'E', '2016-10-08 13:13:56', '2016-10-08 13:13:56', '1', '1', '1');
INSERT INTO `t_def_role_privilege_rela` VALUES ('2909', '13', '72', 'E', '2016-10-08 13:13:56', '2016-10-08 13:13:56', '1', '1', '1');
INSERT INTO `t_def_role_privilege_rela` VALUES ('2911', '13', '23', 'E', '2016-10-08 13:13:56', '2016-10-08 13:13:56', '1', '1', '1');
INSERT INTO `t_def_role_privilege_rela` VALUES ('2912', '13', '29', 'E', '2016-10-08 13:13:56', '2016-10-08 13:13:56', '1', '1', '1');
INSERT INTO `t_def_role_privilege_rela` VALUES ('2913', '13', '30', 'E', '2016-10-08 13:13:56', '2016-10-08 13:13:56', '1', '1', '1');
INSERT INTO `t_def_role_privilege_rela` VALUES ('2914', '13', '31', 'E', '2016-10-08 13:13:56', '2016-10-08 13:13:56', '1', '1', '1');
INSERT INTO `t_def_role_privilege_rela` VALUES ('2915', '13', '12', 'E', '2016-10-08 13:13:56', '2016-10-08 13:13:56', '1', '1', '1');
INSERT INTO `t_def_role_privilege_rela` VALUES ('2917', '13', '14', 'E', '2016-10-08 13:13:56', '2016-10-08 13:13:56', '1', '1', '1');
INSERT INTO `t_def_role_privilege_rela` VALUES ('2918', '13', '67', 'E', '2016-10-08 13:13:56', '2016-10-08 13:13:56', '1', '1', '1');
INSERT INTO `t_def_role_privilege_rela` VALUES ('2920', '13', '8', 'E', '2016-10-08 13:13:56', '2016-10-08 13:13:56', '1', '1', '1');
INSERT INTO `t_def_role_privilege_rela` VALUES ('2921', '15', '1', 'E', '2016-10-08 13:14:07', '2016-10-08 13:14:07', '1', '1', '1');
INSERT INTO `t_def_role_privilege_rela` VALUES ('2922', '15', '2', 'E', '2016-10-08 13:14:07', '2016-10-08 13:14:07', '1', '1', '1');
INSERT INTO `t_def_role_privilege_rela` VALUES ('2923', '15', '3', 'E', '2016-10-08 13:14:07', '2016-10-08 13:14:07', '1', '1', '1');
INSERT INTO `t_def_role_privilege_rela` VALUES ('2924', '15', '16', 'E', '2016-10-08 13:14:07', '2016-10-08 13:14:07', '1', '1', '1');
INSERT INTO `t_def_role_privilege_rela` VALUES ('2925', '15', '41', 'E', '2016-10-08 13:14:07', '2016-10-08 13:14:07', '1', '1', '1');
INSERT INTO `t_def_role_privilege_rela` VALUES ('2926', '15', '79', 'E', '2016-10-08 13:14:07', '2016-10-08 13:14:07', '1', '1', '1');
INSERT INTO `t_def_role_privilege_rela` VALUES ('2927', '15', '67', 'E', '2016-10-08 13:14:07', '2016-10-08 13:14:07', '1', '1', '1');
INSERT INTO `t_def_role_privilege_rela` VALUES ('2929', '15', '8', 'E', '2016-10-08 13:14:07', '2016-10-08 13:14:07', '1', '1', '1');
INSERT INTO `t_def_role_privilege_rela` VALUES ('4595', '10', '67', 'D', '2017-05-23 17:49:29', '2017-09-10 09:02:20', '1', '1', '1');
INSERT INTO `t_def_role_privilege_rela` VALUES ('4596', '10', '8', 'D', '2017-05-23 17:49:29', '2017-09-10 09:02:20', '1', '1', '1');
INSERT INTO `t_def_role_privilege_rela` VALUES ('4597', '10', '94', 'D', '2017-05-23 17:49:29', '2017-09-10 09:02:20', '1', '1', '1');
INSERT INTO `t_def_role_privilege_rela` VALUES ('4598', '10', '96', 'D', '2017-05-23 17:49:29', '2017-09-10 09:02:20', '1', '1', '1');
INSERT INTO `t_def_role_privilege_rela` VALUES ('4599', '10', '97', 'D', '2017-05-23 17:49:29', '2017-09-10 09:02:20', '1', '1', '1');
INSERT INTO `t_def_role_privilege_rela` VALUES ('4600', '10', '98', 'D', '2017-05-23 17:49:29', '2017-09-10 09:02:20', '1', '1', '1');
INSERT INTO `t_def_role_privilege_rela` VALUES ('4601', '10', '99', 'D', '2017-05-23 17:49:29', '2017-09-10 09:02:20', '1', '1', '1');
INSERT INTO `t_def_role_privilege_rela` VALUES ('4602', '10', '100', 'D', '2017-05-23 17:49:29', '2017-09-10 09:02:20', '1', '1', '1');
INSERT INTO `t_def_role_privilege_rela` VALUES ('4603', '10', '101', 'D', '2017-05-23 17:49:29', '2017-09-10 09:02:20', '1', '1', '1');
INSERT INTO `t_def_role_privilege_rela` VALUES ('4604', '10', '102', 'D', '2017-05-23 17:49:29', '2017-09-10 09:02:20', '1', '1', '1');
INSERT INTO `t_def_role_privilege_rela` VALUES ('4605', '10', '103', 'D', '2017-05-23 17:49:29', '2017-09-10 09:02:20', '1', '1', '1');
INSERT INTO `t_def_role_privilege_rela` VALUES ('4606', '10', '117', 'D', '2017-05-23 17:49:29', '2017-09-10 09:02:20', '1', '1', '1');
INSERT INTO `t_def_role_privilege_rela` VALUES ('5803', '1', '8', 'D', '2017-06-02 15:25:58', '2017-09-09 17:34:27', '1', '1', '1');
INSERT INTO `t_def_role_privilege_rela` VALUES ('5804', '1', '89', 'D', '2017-06-02 15:25:58', '2017-09-09 17:34:27', '1', '1', '1');
INSERT INTO `t_def_role_privilege_rela` VALUES ('5805', '1', '172', 'D', '2017-06-02 15:25:58', '2017-09-09 17:34:27', '1', '1', '1');
INSERT INTO `t_def_role_privilege_rela` VALUES ('5806', '1', '167', 'D', '2017-06-02 15:25:58', '2017-09-09 17:34:27', '1', '1', '1');
INSERT INTO `t_def_role_privilege_rela` VALUES ('5807', '1', '92', 'D', '2017-06-02 15:25:58', '2017-09-09 17:34:27', '1', '1', '1');
INSERT INTO `t_def_role_privilege_rela` VALUES ('5808', '1', '168', 'D', '2017-06-02 15:25:58', '2017-09-09 17:34:27', '1', '1', '1');
INSERT INTO `t_def_role_privilege_rela` VALUES ('5809', '1', '115', 'D', '2017-06-02 15:25:58', '2017-09-09 17:34:27', '1', '1', '1');
INSERT INTO `t_def_role_privilege_rela` VALUES ('5810', '1', '116', 'D', '2017-06-02 15:25:58', '2017-09-09 17:34:27', '1', '1', '1');
INSERT INTO `t_def_role_privilege_rela` VALUES ('5811', '1', '94', 'D', '2017-06-02 15:25:58', '2017-09-09 17:34:27', '1', '1', '1');
INSERT INTO `t_def_role_privilege_rela` VALUES ('5812', '1', '175', 'D', '2017-06-02 15:25:58', '2017-09-09 17:34:27', '1', '1', '1');
INSERT INTO `t_def_role_privilege_rela` VALUES ('5813', '1', '96', 'D', '2017-06-02 15:25:58', '2017-09-09 17:34:27', '1', '1', '1');
INSERT INTO `t_def_role_privilege_rela` VALUES ('5814', '1', '97', 'D', '2017-06-02 15:25:58', '2017-09-09 17:34:27', '1', '1', '1');
INSERT INTO `t_def_role_privilege_rela` VALUES ('5815', '1', '98', 'D', '2017-06-02 15:25:58', '2017-09-09 17:34:27', '1', '1', '1');
INSERT INTO `t_def_role_privilege_rela` VALUES ('5816', '1', '99', 'D', '2017-06-02 15:25:58', '2017-09-09 17:34:27', '1', '1', '1');
INSERT INTO `t_def_role_privilege_rela` VALUES ('5817', '1', '100', 'D', '2017-06-02 15:25:58', '2017-09-09 17:34:27', '1', '1', '1');
INSERT INTO `t_def_role_privilege_rela` VALUES ('5818', '1', '169', 'D', '2017-06-02 15:25:58', '2017-09-09 17:34:27', '1', '1', '1');
INSERT INTO `t_def_role_privilege_rela` VALUES ('5819', '1', '117', 'D', '2017-06-02 15:25:58', '2017-09-09 17:34:27', '1', '1', '1');
INSERT INTO `t_def_role_privilege_rela` VALUES ('5820', '1', '101', 'D', '2017-06-02 15:25:58', '2017-09-09 17:34:27', '1', '1', '1');
INSERT INTO `t_def_role_privilege_rela` VALUES ('5821', '1', '102', 'D', '2017-06-02 15:25:58', '2017-09-09 17:34:27', '1', '1', '1');
INSERT INTO `t_def_role_privilege_rela` VALUES ('5822', '1', '103', 'D', '2017-06-02 15:25:58', '2017-09-09 17:34:27', '1', '1', '1');
INSERT INTO `t_def_role_privilege_rela` VALUES ('5823', '1', '170', 'D', '2017-06-02 15:25:58', '2017-09-09 17:34:27', '1', '1', '1');
INSERT INTO `t_def_role_privilege_rela` VALUES ('5824', '1', '105', 'D', '2017-06-02 15:25:58', '2017-09-09 17:34:27', '1', '1', '1');
INSERT INTO `t_def_role_privilege_rela` VALUES ('5825', '1', '118', 'D', '2017-06-02 15:25:58', '2017-09-09 17:34:27', '1', '1', '1');
INSERT INTO `t_def_role_privilege_rela` VALUES ('5826', '1', '119', 'D', '2017-06-02 15:25:58', '2017-09-09 17:34:27', '1', '1', '1');
INSERT INTO `t_def_role_privilege_rela` VALUES ('5827', '1', '123', 'D', '2017-06-02 15:25:58', '2017-09-09 17:34:27', '1', '1', '1');
INSERT INTO `t_def_role_privilege_rela` VALUES ('5828', '1', '121', 'D', '2017-06-02 15:25:58', '2017-09-09 17:34:27', '1', '1', '1');
INSERT INTO `t_def_role_privilege_rela` VALUES ('5829', '1', '122', 'D', '2017-06-02 15:25:58', '2017-09-09 17:34:27', '1', '1', '1');
INSERT INTO `t_def_role_privilege_rela` VALUES ('5830', '1', '174', 'D', '2017-06-02 15:25:58', '2017-09-09 17:34:27', '1', '1', '1');
INSERT INTO `t_def_role_privilege_rela` VALUES ('5831', '1', '124', 'D', '2017-06-02 15:25:58', '2017-09-09 17:34:27', '1', '1', '1');
INSERT INTO `t_def_role_privilege_rela` VALUES ('5832', '1', '125', 'D', '2017-06-02 15:25:58', '2017-09-09 17:34:27', '1', '1', '1');
INSERT INTO `t_def_role_privilege_rela` VALUES ('5833', '1', '126', 'D', '2017-06-02 15:25:58', '2017-09-09 17:34:27', '1', '1', '1');
INSERT INTO `t_def_role_privilege_rela` VALUES ('5834', '1', '127', 'D', '2017-06-02 15:25:58', '2017-09-09 17:34:27', '1', '1', '1');
INSERT INTO `t_def_role_privilege_rela` VALUES ('5835', '1', '128', 'D', '2017-06-02 15:25:58', '2017-09-09 17:34:27', '1', '1', '1');
INSERT INTO `t_def_role_privilege_rela` VALUES ('5836', '1', '129', 'D', '2017-06-02 15:25:58', '2017-09-09 17:34:27', '1', '1', '1');
INSERT INTO `t_def_role_privilege_rela` VALUES ('5837', '1', '67', 'D', '2017-06-02 15:25:58', '2017-09-09 17:34:27', '1', '1', '1');
INSERT INTO `t_def_role_privilege_rela` VALUES ('5838', '1', '130', 'D', '2017-06-02 15:25:58', '2017-09-09 17:34:27', '1', '1', '1');
INSERT INTO `t_def_role_privilege_rela` VALUES ('5839', '1', '132', 'D', '2017-06-02 15:25:58', '2017-09-09 17:34:27', '1', '1', '1');
INSERT INTO `t_def_role_privilege_rela` VALUES ('5840', '1', '133', 'D', '2017-06-02 15:25:59', '2017-09-09 17:34:27', '1', '1', '1');
INSERT INTO `t_def_role_privilege_rela` VALUES ('5841', '1', '134', 'D', '2017-06-02 15:25:59', '2017-09-09 17:34:27', '1', '1', '1');
INSERT INTO `t_def_role_privilege_rela` VALUES ('5842', '1', '135', 'D', '2017-06-02 15:25:59', '2017-09-09 17:34:27', '1', '1', '1');
INSERT INTO `t_def_role_privilege_rela` VALUES ('5843', '1', '136', 'D', '2017-06-02 15:25:59', '2017-09-09 17:34:27', '1', '1', '1');
INSERT INTO `t_def_role_privilege_rela` VALUES ('5844', '1', '137', 'D', '2017-06-02 15:25:59', '2017-09-09 17:34:27', '1', '1', '1');
INSERT INTO `t_def_role_privilege_rela` VALUES ('5845', '1', '138', 'D', '2017-06-02 15:25:59', '2017-09-09 17:34:27', '1', '1', '1');
INSERT INTO `t_def_role_privilege_rela` VALUES ('5846', '1', '139', 'D', '2017-06-02 15:25:59', '2017-09-09 17:34:27', '1', '1', '1');
INSERT INTO `t_def_role_privilege_rela` VALUES ('5847', '1', '140', 'D', '2017-06-02 15:25:59', '2017-09-09 17:34:27', '1', '1', '1');
INSERT INTO `t_def_role_privilege_rela` VALUES ('5848', '1', '141', 'D', '2017-06-02 15:25:59', '2017-09-09 17:34:27', '1', '1', '1');
INSERT INTO `t_def_role_privilege_rela` VALUES ('5849', '1', '142', 'D', '2017-06-02 15:25:59', '2017-09-09 17:34:27', '1', '1', '1');
INSERT INTO `t_def_role_privilege_rela` VALUES ('5850', '1', '143', 'D', '2017-06-02 15:25:59', '2017-09-09 17:34:27', '1', '1', '1');
INSERT INTO `t_def_role_privilege_rela` VALUES ('5851', '1', '144', 'D', '2017-06-02 15:25:59', '2017-09-09 17:34:27', '1', '1', '1');
INSERT INTO `t_def_role_privilege_rela` VALUES ('5852', '1', '145', 'D', '2017-06-02 15:25:59', '2017-09-09 17:34:27', '1', '1', '1');
INSERT INTO `t_def_role_privilege_rela` VALUES ('5853', '1', '146', 'D', '2017-06-02 15:25:59', '2017-09-09 17:34:27', '1', '1', '1');
INSERT INTO `t_def_role_privilege_rela` VALUES ('5854', '1', '147', 'D', '2017-06-02 15:25:59', '2017-09-09 17:34:27', '1', '1', '1');
INSERT INTO `t_def_role_privilege_rela` VALUES ('5855', '1', '148', 'D', '2017-06-02 15:25:59', '2017-09-09 17:34:27', '1', '1', '1');
INSERT INTO `t_def_role_privilege_rela` VALUES ('5856', '1', '149', 'D', '2017-06-02 15:25:59', '2017-09-09 17:34:27', '1', '1', '1');
INSERT INTO `t_def_role_privilege_rela` VALUES ('5857', '1', '150', 'D', '2017-06-02 15:25:59', '2017-09-09 17:34:27', '1', '1', '1');
INSERT INTO `t_def_role_privilege_rela` VALUES ('5858', '1', '151', 'D', '2017-06-02 15:25:59', '2017-09-09 17:34:27', '1', '1', '1');
INSERT INTO `t_def_role_privilege_rela` VALUES ('5859', '1', '152', 'D', '2017-06-02 15:25:59', '2017-09-09 17:34:27', '1', '1', '1');
INSERT INTO `t_def_role_privilege_rela` VALUES ('5860', '1', '153', 'D', '2017-06-02 15:25:59', '2017-09-09 17:34:27', '1', '1', '1');
INSERT INTO `t_def_role_privilege_rela` VALUES ('5861', '1', '154', 'D', '2017-06-02 15:25:59', '2017-09-09 17:34:27', '1', '1', '1');
INSERT INTO `t_def_role_privilege_rela` VALUES ('5862', '1', '155', 'D', '2017-06-02 15:25:59', '2017-09-09 17:34:27', '1', '1', '1');
INSERT INTO `t_def_role_privilege_rela` VALUES ('5863', '1', '156', 'D', '2017-06-02 15:25:59', '2017-09-09 17:34:27', '1', '1', '1');
INSERT INTO `t_def_role_privilege_rela` VALUES ('5864', '1', '157', 'D', '2017-06-02 15:25:59', '2017-09-09 17:34:27', '1', '1', '1');
INSERT INTO `t_def_role_privilege_rela` VALUES ('5865', '1', '177', 'D', '2017-06-02 15:25:59', '2017-09-09 17:34:27', '1', '1', '1');
INSERT INTO `t_def_role_privilege_rela` VALUES ('5866', '1', '158', 'D', '2017-06-02 15:25:59', '2017-09-09 17:34:27', '1', '1', '1');
INSERT INTO `t_def_role_privilege_rela` VALUES ('5867', '1', '159', 'D', '2017-06-02 15:25:59', '2017-09-09 17:34:27', '1', '1', '1');
INSERT INTO `t_def_role_privilege_rela` VALUES ('5868', '1', '160', 'D', '2017-06-02 15:25:59', '2017-09-09 17:34:27', '1', '1', '1');
INSERT INTO `t_def_role_privilege_rela` VALUES ('5869', '1', '162', 'D', '2017-06-02 15:25:59', '2017-09-09 17:34:27', '1', '1', '1');
INSERT INTO `t_def_role_privilege_rela` VALUES ('5870', '1', '163', 'D', '2017-06-02 15:25:59', '2017-09-09 17:34:28', '1', '1', '1');
INSERT INTO `t_def_role_privilege_rela` VALUES ('5871', '1', '164', 'D', '2017-06-02 15:25:59', '2017-09-09 17:34:28', '1', '1', '1');
INSERT INTO `t_def_role_privilege_rela` VALUES ('5872', '1', '165', 'D', '2017-06-02 15:25:59', '2017-09-09 17:34:28', '1', '1', '1');
INSERT INTO `t_def_role_privilege_rela` VALUES ('5873', '1', '166', 'E', '2017-06-02 15:25:59', '2017-06-02 15:25:59', '1', '1', '1');
INSERT INTO `t_def_role_privilege_rela` VALUES ('5874', '9', '8', 'D', '2017-08-08 11:33:43', '2017-09-09 17:43:39', '1', '1', '1');
INSERT INTO `t_def_role_privilege_rela` VALUES ('5875', '9', '105', 'D', '2017-08-08 11:33:43', '2017-09-09 17:43:39', '1', '1', '1');
INSERT INTO `t_def_role_privilege_rela` VALUES ('5876', '9', '118', 'D', '2017-08-08 11:33:43', '2017-09-09 17:43:39', '1', '1', '1');
INSERT INTO `t_def_role_privilege_rela` VALUES ('5877', '9', '119', 'D', '2017-08-08 11:33:43', '2017-09-09 17:43:39', '1', '1', '1');
INSERT INTO `t_def_role_privilege_rela` VALUES ('5878', '9', '121', 'D', '2017-08-08 11:33:43', '2017-09-09 17:43:39', '1', '1', '1');
INSERT INTO `t_def_role_privilege_rela` VALUES ('5879', '9', '122', 'D', '2017-08-08 11:33:43', '2017-09-09 17:43:39', '1', '1', '1');
INSERT INTO `t_def_role_privilege_rela` VALUES ('5880', '9', '123', 'D', '2017-08-08 11:33:43', '2017-09-09 17:43:39', '1', '1', '1');
INSERT INTO `t_def_role_privilege_rela` VALUES ('5881', '9', '124', 'D', '2017-08-08 11:33:43', '2017-09-09 17:43:39', '1', '1', '1');
INSERT INTO `t_def_role_privilege_rela` VALUES ('5882', '9', '125', 'D', '2017-08-08 11:33:43', '2017-09-09 17:43:39', '1', '1', '1');
INSERT INTO `t_def_role_privilege_rela` VALUES ('5883', '9', '126', 'D', '2017-08-08 11:33:43', '2017-09-09 17:43:39', '1', '1', '1');
INSERT INTO `t_def_role_privilege_rela` VALUES ('5884', '9', '127', 'D', '2017-08-08 11:33:43', '2017-09-09 17:43:39', '1', '1', '1');
INSERT INTO `t_def_role_privilege_rela` VALUES ('5885', '9', '128', 'D', '2017-08-08 11:33:43', '2017-09-09 17:43:39', '1', '1', '1');
INSERT INTO `t_def_role_privilege_rela` VALUES ('5886', '9', '129', 'D', '2017-08-08 11:33:44', '2017-09-09 17:43:39', '1', '1', '1');
INSERT INTO `t_def_role_privilege_rela` VALUES ('5887', '9', '94', 'D', '2017-08-08 11:33:44', '2017-09-09 17:43:39', '1', '1', '1');
INSERT INTO `t_def_role_privilege_rela` VALUES ('5888', '9', '96', 'D', '2017-08-08 11:33:44', '2017-09-09 17:43:39', '1', '1', '1');
INSERT INTO `t_def_role_privilege_rela` VALUES ('5889', '9', '97', 'D', '2017-08-08 11:33:44', '2017-09-09 17:43:39', '1', '1', '1');
INSERT INTO `t_def_role_privilege_rela` VALUES ('5890', '9', '98', 'D', '2017-08-08 11:33:44', '2017-09-09 17:43:39', '1', '1', '1');
INSERT INTO `t_def_role_privilege_rela` VALUES ('5891', '9', '99', 'D', '2017-08-08 11:33:44', '2017-09-09 17:43:39', '1', '1', '1');
INSERT INTO `t_def_role_privilege_rela` VALUES ('5892', '9', '100', 'D', '2017-08-08 11:33:44', '2017-09-09 17:43:39', '1', '1', '1');
INSERT INTO `t_def_role_privilege_rela` VALUES ('5893', '9', '101', 'D', '2017-08-08 11:33:44', '2017-09-09 17:43:39', '1', '1', '1');
INSERT INTO `t_def_role_privilege_rela` VALUES ('5894', '9', '102', 'D', '2017-08-08 11:33:44', '2017-09-09 17:43:39', '1', '1', '1');
INSERT INTO `t_def_role_privilege_rela` VALUES ('5895', '9', '103', 'D', '2017-08-08 11:33:44', '2017-09-09 17:43:39', '1', '1', '1');
INSERT INTO `t_def_role_privilege_rela` VALUES ('5896', '9', '117', 'D', '2017-08-08 11:33:44', '2017-09-09 17:43:39', '1', '1', '1');
INSERT INTO `t_def_role_privilege_rela` VALUES ('5897', '9', '89', 'D', '2017-08-08 11:33:44', '2017-09-09 17:43:39', '1', '1', '1');
INSERT INTO `t_def_role_privilege_rela` VALUES ('5898', '9', '92', 'D', '2017-08-08 11:33:44', '2017-09-09 17:43:39', '1', '1', '1');
INSERT INTO `t_def_role_privilege_rela` VALUES ('5899', '9', '115', 'D', '2017-08-08 11:33:44', '2017-09-09 17:43:39', '1', '1', '1');
INSERT INTO `t_def_role_privilege_rela` VALUES ('5900', '9', '116', 'D', '2017-08-08 11:33:44', '2017-09-09 17:43:39', '1', '1', '1');
INSERT INTO `t_def_role_privilege_rela` VALUES ('5901', '9', '167', 'D', '2017-08-08 11:33:44', '2017-09-09 17:43:39', '1', '1', '1');
INSERT INTO `t_def_role_privilege_rela` VALUES ('5902', '9', '172', 'D', '2017-08-08 11:33:44', '2017-09-09 17:43:39', '1', '1', '1');
INSERT INTO `t_def_role_privilege_rela` VALUES ('8617', '1', '8', 'D', '2017-09-09 17:34:28', '2017-09-10 14:45:14', '1', '1', '1');
INSERT INTO `t_def_role_privilege_rela` VALUES ('8618', '1', '101', 'E', '2017-09-09 17:34:28', '2017-09-09 17:34:28', '1', '1', '1');
INSERT INTO `t_def_role_privilege_rela` VALUES ('8619', '1', '102', 'E', '2017-09-09 17:34:28', '2017-09-09 17:34:28', '1', '1', '1');
INSERT INTO `t_def_role_privilege_rela` VALUES ('8620', '1', '103', 'E', '2017-09-09 17:34:28', '2017-09-09 17:34:28', '1', '1', '1');
INSERT INTO `t_def_role_privilege_rela` VALUES ('8621', '1', '170', 'E', '2017-09-09 17:34:28', '2017-09-09 17:34:28', '1', '1', '1');
INSERT INTO `t_def_role_privilege_rela` VALUES ('8622', '1', '105', 'D', '2017-09-09 17:34:28', '2017-09-10 14:45:14', '1', '1', '1');
INSERT INTO `t_def_role_privilege_rela` VALUES ('8623', '1', '97', 'D', '2017-09-09 17:34:28', '2017-09-10 14:45:14', '1', '1', '1');
INSERT INTO `t_def_role_privilege_rela` VALUES ('8624', '1', '98', 'D', '2017-09-09 17:34:28', '2017-09-10 14:45:14', '1', '1', '1');
INSERT INTO `t_def_role_privilege_rela` VALUES ('8625', '1', '99', 'D', '2017-09-09 17:34:28', '2017-09-10 14:45:14', '1', '1', '1');
INSERT INTO `t_def_role_privilege_rela` VALUES ('8626', '1', '100', 'D', '2017-09-09 17:34:28', '2017-09-10 14:45:14', '1', '1', '1');
INSERT INTO `t_def_role_privilege_rela` VALUES ('8627', '1', '118', 'D', '2017-09-09 17:34:28', '2017-09-10 14:45:14', '1', '1', '1');
INSERT INTO `t_def_role_privilege_rela` VALUES ('8628', '1', '119', 'D', '2017-09-09 17:34:28', '2017-09-10 14:45:14', '1', '1', '1');
INSERT INTO `t_def_role_privilege_rela` VALUES ('8629', '1', '123', 'D', '2017-09-09 17:34:28', '2017-09-10 14:45:14', '1', '1', '1');
INSERT INTO `t_def_role_privilege_rela` VALUES ('8630', '1', '121', 'D', '2017-09-09 17:34:28', '2017-09-10 14:45:14', '1', '1', '1');
INSERT INTO `t_def_role_privilege_rela` VALUES ('8631', '1', '174', 'D', '2017-09-09 17:34:28', '2017-09-10 14:45:14', '1', '1', '1');
INSERT INTO `t_def_role_privilege_rela` VALUES ('8632', '1', '124', 'D', '2017-09-09 17:34:28', '2017-09-10 14:45:14', '1', '1', '1');
INSERT INTO `t_def_role_privilege_rela` VALUES ('8633', '1', '125', 'D', '2017-09-09 17:34:28', '2017-09-10 14:45:14', '1', '1', '1');
INSERT INTO `t_def_role_privilege_rela` VALUES ('8634', '1', '126', 'D', '2017-09-09 17:34:28', '2017-09-10 14:45:14', '1', '1', '1');
INSERT INTO `t_def_role_privilege_rela` VALUES ('8635', '1', '127', 'D', '2017-09-09 17:34:28', '2017-09-10 14:45:14', '1', '1', '1');
INSERT INTO `t_def_role_privilege_rela` VALUES ('8636', '1', '128', 'D', '2017-09-09 17:34:28', '2017-09-10 14:45:14', '1', '1', '1');
INSERT INTO `t_def_role_privilege_rela` VALUES ('8637', '1', '129', 'D', '2017-09-09 17:34:28', '2017-09-10 14:45:14', '1', '1', '1');
INSERT INTO `t_def_role_privilege_rela` VALUES ('8638', '1', '130', 'D', '2017-09-09 17:34:28', '2017-09-10 14:45:14', '1', '1', '1');
INSERT INTO `t_def_role_privilege_rela` VALUES ('8639', '1', '172', 'D', '2017-09-09 17:34:28', '2017-09-10 14:45:14', '1', '1', '1');
INSERT INTO `t_def_role_privilege_rela` VALUES ('8640', '1', '175', 'D', '2017-09-09 17:34:28', '2017-09-10 14:45:14', '1', '1', '1');
INSERT INTO `t_def_role_privilege_rela` VALUES ('8641', '1', '96', 'D', '2017-09-09 17:34:28', '2017-09-10 14:45:14', '1', '1', '1');
INSERT INTO `t_def_role_privilege_rela` VALUES ('8642', '1', '132', 'D', '2017-09-09 17:34:29', '2017-09-10 14:45:14', '1', '1', '1');
INSERT INTO `t_def_role_privilege_rela` VALUES ('8643', '1', '133', 'D', '2017-09-09 17:34:29', '2017-09-10 14:45:14', '1', '1', '1');
INSERT INTO `t_def_role_privilege_rela` VALUES ('8644', '1', '134', 'D', '2017-09-09 17:34:29', '2017-09-10 14:45:14', '1', '1', '1');
INSERT INTO `t_def_role_privilege_rela` VALUES ('8645', '1', '92', 'D', '2017-09-09 17:34:29', '2017-09-10 14:45:14', '1', '1', '1');
INSERT INTO `t_def_role_privilege_rela` VALUES ('8646', '1', '115', 'D', '2017-09-09 17:34:29', '2017-09-10 14:45:14', '1', '1', '1');
INSERT INTO `t_def_role_privilege_rela` VALUES ('8647', '1', '116', 'D', '2017-09-09 17:34:29', '2017-09-10 14:45:14', '1', '1', '1');
INSERT INTO `t_def_role_privilege_rela` VALUES ('8648', '1', '135', 'D', '2017-09-09 17:34:29', '2017-09-10 14:45:14', '1', '1', '1');
INSERT INTO `t_def_role_privilege_rela` VALUES ('8649', '1', '136', 'D', '2017-09-09 17:34:29', '2017-09-10 14:45:14', '1', '1', '1');
INSERT INTO `t_def_role_privilege_rela` VALUES ('8650', '1', '137', 'D', '2017-09-09 17:34:29', '2017-09-10 14:45:14', '1', '1', '1');
INSERT INTO `t_def_role_privilege_rela` VALUES ('8651', '1', '138', 'D', '2017-09-09 17:34:29', '2017-09-10 14:45:14', '1', '1', '1');
INSERT INTO `t_def_role_privilege_rela` VALUES ('8652', '1', '139', 'D', '2017-09-09 17:34:29', '2017-09-10 14:45:14', '1', '1', '1');
INSERT INTO `t_def_role_privilege_rela` VALUES ('8653', '1', '168', 'D', '2017-09-09 17:34:29', '2017-09-10 14:45:14', '1', '1', '1');
INSERT INTO `t_def_role_privilege_rela` VALUES ('8654', '1', '140', 'D', '2017-09-09 17:34:29', '2017-09-10 14:45:14', '1', '1', '1');
INSERT INTO `t_def_role_privilege_rela` VALUES ('8655', '1', '141', 'D', '2017-09-09 17:34:29', '2017-09-10 14:45:14', '1', '1', '1');
INSERT INTO `t_def_role_privilege_rela` VALUES ('8656', '1', '142', 'D', '2017-09-09 17:34:29', '2017-09-10 14:45:14', '1', '1', '1');
INSERT INTO `t_def_role_privilege_rela` VALUES ('8657', '1', '167', 'D', '2017-09-09 17:34:29', '2017-09-10 14:45:14', '1', '1', '1');
INSERT INTO `t_def_role_privilege_rela` VALUES ('8658', '1', '143', 'D', '2017-09-09 17:34:29', '2017-09-10 14:45:14', '1', '1', '1');
INSERT INTO `t_def_role_privilege_rela` VALUES ('8659', '1', '144', 'D', '2017-09-09 17:34:29', '2017-09-10 14:45:14', '1', '1', '1');
INSERT INTO `t_def_role_privilege_rela` VALUES ('8660', '1', '145', 'D', '2017-09-09 17:34:29', '2017-09-10 14:45:14', '1', '1', '1');
INSERT INTO `t_def_role_privilege_rela` VALUES ('8661', '1', '146', 'D', '2017-09-09 17:34:29', '2017-09-10 14:45:14', '1', '1', '1');
INSERT INTO `t_def_role_privilege_rela` VALUES ('8662', '1', '147', 'D', '2017-09-09 17:34:29', '2017-09-10 14:45:14', '1', '1', '1');
INSERT INTO `t_def_role_privilege_rela` VALUES ('8663', '1', '117', 'D', '2017-09-09 17:34:29', '2017-09-10 14:45:14', '1', '1', '1');
INSERT INTO `t_def_role_privilege_rela` VALUES ('8664', '1', '148', 'D', '2017-09-09 17:34:29', '2017-09-10 14:45:14', '1', '1', '1');
INSERT INTO `t_def_role_privilege_rela` VALUES ('8665', '1', '149', 'D', '2017-09-09 17:34:29', '2017-09-10 14:45:14', '1', '1', '1');
INSERT INTO `t_def_role_privilege_rela` VALUES ('8666', '1', '150', 'D', '2017-09-09 17:34:29', '2017-09-10 14:45:14', '1', '1', '1');
INSERT INTO `t_def_role_privilege_rela` VALUES ('8667', '1', '151', 'D', '2017-09-09 17:34:30', '2017-09-10 14:45:14', '1', '1', '1');
INSERT INTO `t_def_role_privilege_rela` VALUES ('8668', '1', '152', 'D', '2017-09-09 17:34:30', '2017-09-10 14:45:14', '1', '1', '1');
INSERT INTO `t_def_role_privilege_rela` VALUES ('8669', '1', '153', 'D', '2017-09-09 17:34:30', '2017-09-10 14:45:14', '1', '1', '1');
INSERT INTO `t_def_role_privilege_rela` VALUES ('8670', '1', '154', 'D', '2017-09-09 17:34:30', '2017-09-10 14:45:14', '1', '1', '1');
INSERT INTO `t_def_role_privilege_rela` VALUES ('8671', '1', '155', 'D', '2017-09-09 17:34:30', '2017-09-10 14:45:14', '1', '1', '1');
INSERT INTO `t_def_role_privilege_rela` VALUES ('8672', '1', '156', 'D', '2017-09-09 17:34:30', '2017-09-10 14:45:14', '1', '1', '1');
INSERT INTO `t_def_role_privilege_rela` VALUES ('8673', '1', '157', 'D', '2017-09-09 17:34:30', '2017-09-10 14:45:14', '1', '1', '1');
INSERT INTO `t_def_role_privilege_rela` VALUES ('8674', '1', '177', 'D', '2017-09-09 17:34:30', '2017-09-10 14:45:14', '1', '1', '1');
INSERT INTO `t_def_role_privilege_rela` VALUES ('8675', '1', '158', 'D', '2017-09-09 17:34:30', '2017-09-10 14:45:14', '1', '1', '1');
INSERT INTO `t_def_role_privilege_rela` VALUES ('8676', '1', '159', 'D', '2017-09-09 17:34:30', '2017-09-10 14:45:14', '1', '1', '1');
INSERT INTO `t_def_role_privilege_rela` VALUES ('8677', '1', '162', 'D', '2017-09-09 17:34:30', '2017-09-10 14:45:14', '1', '1', '1');
INSERT INTO `t_def_role_privilege_rela` VALUES ('8678', '1', '163', 'D', '2017-09-09 17:34:30', '2017-09-10 14:45:14', '1', '1', '1');
INSERT INTO `t_def_role_privilege_rela` VALUES ('8679', '1', '164', 'D', '2017-09-09 17:34:30', '2017-09-10 14:45:14', '1', '1', '1');
INSERT INTO `t_def_role_privilege_rela` VALUES ('8680', '1', '165', 'D', '2017-09-09 17:34:30', '2017-09-10 14:45:14', '1', '1', '1');
INSERT INTO `t_def_role_privilege_rela` VALUES ('8681', '1', '207', 'D', '2017-09-09 17:34:30', '2017-09-10 14:45:14', '1', '1', '1');
INSERT INTO `t_def_role_privilege_rela` VALUES ('8682', '1', '208', 'D', '2017-09-09 17:34:30', '2017-09-10 14:45:14', '1', '1', '1');
INSERT INTO `t_def_role_privilege_rela` VALUES ('8683', '9', '8', 'E', '2017-09-09 17:43:39', '2017-09-09 17:43:39', '1', '1', '1');
INSERT INTO `t_def_role_privilege_rela` VALUES ('8684', '9', '130', 'E', '2017-09-09 17:43:39', '2017-09-09 17:43:39', '1', '1', '1');
INSERT INTO `t_def_role_privilege_rela` VALUES ('8685', '9', '96', 'E', '2017-09-09 17:43:39', '2017-09-09 17:43:39', '1', '1', '1');
INSERT INTO `t_def_role_privilege_rela` VALUES ('8686', '9', '172', 'E', '2017-09-09 17:43:39', '2017-09-09 17:43:39', '1', '1', '1');
INSERT INTO `t_def_role_privilege_rela` VALUES ('8687', '9', '175', 'E', '2017-09-09 17:43:39', '2017-09-09 17:43:39', '1', '1', '1');
INSERT INTO `t_def_role_privilege_rela` VALUES ('8688', '9', '142', 'E', '2017-09-09 17:43:39', '2017-09-09 17:43:39', '1', '1', '1');
INSERT INTO `t_def_role_privilege_rela` VALUES ('8689', '9', '144', 'E', '2017-09-09 17:43:39', '2017-09-09 17:43:39', '1', '1', '1');
INSERT INTO `t_def_role_privilege_rela` VALUES ('8690', '9', '167', 'E', '2017-09-09 17:43:39', '2017-09-09 17:43:39', '1', '1', '1');
INSERT INTO `t_def_role_privilege_rela` VALUES ('8691', '9', '134', 'E', '2017-09-09 17:43:39', '2017-09-09 17:43:39', '1', '1', '1');
INSERT INTO `t_def_role_privilege_rela` VALUES ('8692', '9', '92', 'E', '2017-09-09 17:43:40', '2017-09-09 17:43:40', '1', '1', '1');
INSERT INTO `t_def_role_privilege_rela` VALUES ('8693', '9', '115', 'E', '2017-09-09 17:43:40', '2017-09-09 17:43:40', '1', '1', '1');
INSERT INTO `t_def_role_privilege_rela` VALUES ('8694', '9', '116', 'E', '2017-09-09 17:43:40', '2017-09-09 17:43:40', '1', '1', '1');
INSERT INTO `t_def_role_privilege_rela` VALUES ('8695', '9', '139', 'E', '2017-09-09 17:43:40', '2017-09-09 17:43:40', '1', '1', '1');
INSERT INTO `t_def_role_privilege_rela` VALUES ('8696', '9', '168', 'E', '2017-09-09 17:43:40', '2017-09-09 17:43:40', '1', '1', '1');
INSERT INTO `t_def_role_privilege_rela` VALUES ('8697', '10', '8', 'D', '2017-09-10 09:02:20', '2017-09-10 14:45:31', '1', '1', '1');
INSERT INTO `t_def_role_privilege_rela` VALUES ('8698', '10', '130', 'D', '2017-09-10 09:02:20', '2017-09-10 14:45:31', '1', '1', '1');
INSERT INTO `t_def_role_privilege_rela` VALUES ('8699', '10', '96', 'D', '2017-09-10 09:02:20', '2017-09-10 14:45:31', '1', '1', '1');
INSERT INTO `t_def_role_privilege_rela` VALUES ('8700', '10', '132', 'D', '2017-09-10 09:02:20', '2017-09-10 14:45:31', '1', '1', '1');
INSERT INTO `t_def_role_privilege_rela` VALUES ('8701', '10', '133', 'D', '2017-09-10 09:02:20', '2017-09-10 14:45:31', '1', '1', '1');
INSERT INTO `t_def_role_privilege_rela` VALUES ('8702', '10', '172', 'D', '2017-09-10 09:02:21', '2017-09-10 14:45:31', '1', '1', '1');
INSERT INTO `t_def_role_privilege_rela` VALUES ('8703', '10', '175', 'D', '2017-09-10 09:02:21', '2017-09-10 14:45:31', '1', '1', '1');
INSERT INTO `t_def_role_privilege_rela` VALUES ('8704', '10', '105', 'D', '2017-09-10 09:02:21', '2017-09-10 14:45:31', '1', '1', '1');
INSERT INTO `t_def_role_privilege_rela` VALUES ('8705', '10', '97', 'D', '2017-09-10 09:02:21', '2017-09-10 14:45:31', '1', '1', '1');
INSERT INTO `t_def_role_privilege_rela` VALUES ('8706', '10', '98', 'D', '2017-09-10 09:02:21', '2017-09-10 14:45:31', '1', '1', '1');
INSERT INTO `t_def_role_privilege_rela` VALUES ('8707', '10', '99', 'D', '2017-09-10 09:02:21', '2017-09-10 14:45:31', '1', '1', '1');
INSERT INTO `t_def_role_privilege_rela` VALUES ('8708', '10', '100', 'D', '2017-09-10 09:02:21', '2017-09-10 14:45:31', '1', '1', '1');
INSERT INTO `t_def_role_privilege_rela` VALUES ('8709', '10', '118', 'D', '2017-09-10 09:02:21', '2017-09-10 14:45:31', '1', '1', '1');
INSERT INTO `t_def_role_privilege_rela` VALUES ('8710', '10', '119', 'D', '2017-09-10 09:02:21', '2017-09-10 14:45:31', '1', '1', '1');
INSERT INTO `t_def_role_privilege_rela` VALUES ('8711', '10', '121', 'D', '2017-09-10 09:02:22', '2017-09-10 14:45:31', '1', '1', '1');
INSERT INTO `t_def_role_privilege_rela` VALUES ('8712', '10', '123', 'D', '2017-09-10 09:02:22', '2017-09-10 14:45:31', '1', '1', '1');
INSERT INTO `t_def_role_privilege_rela` VALUES ('8713', '10', '174', 'D', '2017-09-10 09:02:22', '2017-09-10 14:45:31', '1', '1', '1');
INSERT INTO `t_def_role_privilege_rela` VALUES ('8714', '10', '124', 'D', '2017-09-10 09:02:22', '2017-09-10 14:45:31', '1', '1', '1');
INSERT INTO `t_def_role_privilege_rela` VALUES ('8715', '10', '125', 'D', '2017-09-10 09:02:22', '2017-09-10 14:45:31', '1', '1', '1');
INSERT INTO `t_def_role_privilege_rela` VALUES ('8716', '10', '126', 'D', '2017-09-10 09:02:23', '2017-09-10 14:45:31', '1', '1', '1');
INSERT INTO `t_def_role_privilege_rela` VALUES ('8717', '10', '127', 'D', '2017-09-10 09:02:23', '2017-09-10 14:45:31', '1', '1', '1');
INSERT INTO `t_def_role_privilege_rela` VALUES ('8718', '10', '128', 'D', '2017-09-10 09:02:23', '2017-09-10 14:45:31', '1', '1', '1');
INSERT INTO `t_def_role_privilege_rela` VALUES ('8719', '10', '129', 'D', '2017-09-10 09:02:24', '2017-09-10 14:45:31', '1', '1', '1');
INSERT INTO `t_def_role_privilege_rela` VALUES ('8720', '10', '101', 'E', '2017-09-10 09:02:24', '2017-09-10 09:02:24', '1', '1', '1');
INSERT INTO `t_def_role_privilege_rela` VALUES ('8721', '10', '102', 'E', '2017-09-10 09:02:25', '2017-09-10 09:02:25', '1', '1', '1');
INSERT INTO `t_def_role_privilege_rela` VALUES ('8722', '10', '103', 'E', '2017-09-10 09:02:25', '2017-09-10 09:02:25', '1', '1', '1');
INSERT INTO `t_def_role_privilege_rela` VALUES ('8723', '10', '170', 'E', '2017-09-10 09:02:25', '2017-09-10 09:02:25', '1', '1', '1');
INSERT INTO `t_def_role_privilege_rela` VALUES ('8724', '10', '134', 'D', '2017-09-10 09:02:25', '2017-09-10 14:45:31', '1', '1', '1');
INSERT INTO `t_def_role_privilege_rela` VALUES ('8725', '10', '92', 'D', '2017-09-10 09:02:25', '2017-09-10 14:45:31', '1', '1', '1');
INSERT INTO `t_def_role_privilege_rela` VALUES ('8726', '10', '115', 'D', '2017-09-10 09:02:26', '2017-09-10 14:45:31', '1', '1', '1');
INSERT INTO `t_def_role_privilege_rela` VALUES ('8727', '10', '116', 'D', '2017-09-10 09:02:26', '2017-09-10 14:45:31', '1', '1', '1');
INSERT INTO `t_def_role_privilege_rela` VALUES ('8728', '10', '135', 'D', '2017-09-10 09:02:26', '2017-09-10 14:45:31', '1', '1', '1');
INSERT INTO `t_def_role_privilege_rela` VALUES ('8729', '10', '136', 'D', '2017-09-10 09:02:27', '2017-09-10 14:45:31', '1', '1', '1');
INSERT INTO `t_def_role_privilege_rela` VALUES ('8730', '10', '137', 'D', '2017-09-10 09:02:27', '2017-09-10 14:45:31', '1', '1', '1');
INSERT INTO `t_def_role_privilege_rela` VALUES ('8731', '10', '138', 'D', '2017-09-10 09:02:27', '2017-09-10 14:45:31', '1', '1', '1');
INSERT INTO `t_def_role_privilege_rela` VALUES ('8732', '10', '139', 'D', '2017-09-10 09:02:27', '2017-09-10 14:45:31', '1', '1', '1');
INSERT INTO `t_def_role_privilege_rela` VALUES ('8733', '10', '140', 'D', '2017-09-10 09:02:27', '2017-09-10 14:45:31', '1', '1', '1');
INSERT INTO `t_def_role_privilege_rela` VALUES ('8734', '10', '141', 'D', '2017-09-10 09:02:27', '2017-09-10 14:45:31', '1', '1', '1');
INSERT INTO `t_def_role_privilege_rela` VALUES ('8735', '10', '168', 'D', '2017-09-10 09:02:27', '2017-09-10 14:45:31', '1', '1', '1');
INSERT INTO `t_def_role_privilege_rela` VALUES ('8736', '10', '162', 'D', '2017-09-10 09:02:27', '2017-09-10 14:45:31', '1', '1', '1');
INSERT INTO `t_def_role_privilege_rela` VALUES ('8737', '10', '163', 'D', '2017-09-10 09:02:27', '2017-09-10 14:45:31', '1', '1', '1');
INSERT INTO `t_def_role_privilege_rela` VALUES ('8738', '10', '164', 'D', '2017-09-10 09:02:27', '2017-09-10 14:45:31', '1', '1', '1');
INSERT INTO `t_def_role_privilege_rela` VALUES ('8739', '10', '165', 'D', '2017-09-10 09:02:28', '2017-09-10 14:45:31', '1', '1', '1');
INSERT INTO `t_def_role_privilege_rela` VALUES ('8740', '10', '142', 'D', '2017-09-10 09:02:28', '2017-09-10 14:45:31', '1', '1', '1');
INSERT INTO `t_def_role_privilege_rela` VALUES ('8741', '10', '143', 'D', '2017-09-10 09:02:28', '2017-09-10 14:45:31', '1', '1', '1');
INSERT INTO `t_def_role_privilege_rela` VALUES ('8742', '10', '144', 'D', '2017-09-10 09:02:28', '2017-09-10 14:45:31', '1', '1', '1');
INSERT INTO `t_def_role_privilege_rela` VALUES ('8743', '10', '145', 'D', '2017-09-10 09:02:28', '2017-09-10 14:45:31', '1', '1', '1');
INSERT INTO `t_def_role_privilege_rela` VALUES ('8744', '10', '146', 'D', '2017-09-10 09:02:28', '2017-09-10 14:45:31', '1', '1', '1');
INSERT INTO `t_def_role_privilege_rela` VALUES ('8745', '10', '167', 'D', '2017-09-10 09:02:29', '2017-09-10 14:45:31', '1', '1', '1');
INSERT INTO `t_def_role_privilege_rela` VALUES ('8746', '11', '8', 'E', '2017-09-10 14:16:24', '2017-09-10 14:16:24', '1', '1', '1');
INSERT INTO `t_def_role_privilege_rela` VALUES ('8747', '11', '105', 'E', '2017-09-10 14:16:24', '2017-09-10 14:16:24', '1', '1', '1');
INSERT INTO `t_def_role_privilege_rela` VALUES ('8748', '11', '97', 'E', '2017-09-10 14:16:24', '2017-09-10 14:16:24', '1', '1', '1');
INSERT INTO `t_def_role_privilege_rela` VALUES ('8749', '11', '98', 'E', '2017-09-10 14:16:24', '2017-09-10 14:16:24', '1', '1', '1');
INSERT INTO `t_def_role_privilege_rela` VALUES ('8750', '11', '99', 'E', '2017-09-10 14:16:24', '2017-09-10 14:16:24', '1', '1', '1');
INSERT INTO `t_def_role_privilege_rela` VALUES ('8751', '11', '100', 'E', '2017-09-10 14:16:24', '2017-09-10 14:16:24', '1', '1', '1');
INSERT INTO `t_def_role_privilege_rela` VALUES ('8752', '11', '118', 'E', '2017-09-10 14:16:25', '2017-09-10 14:16:25', '1', '1', '1');
INSERT INTO `t_def_role_privilege_rela` VALUES ('8753', '11', '119', 'E', '2017-09-10 14:16:25', '2017-09-10 14:16:25', '1', '1', '1');
INSERT INTO `t_def_role_privilege_rela` VALUES ('8754', '11', '121', 'E', '2017-09-10 14:16:25', '2017-09-10 14:16:25', '1', '1', '1');
INSERT INTO `t_def_role_privilege_rela` VALUES ('8755', '11', '123', 'E', '2017-09-10 14:16:25', '2017-09-10 14:16:25', '1', '1', '1');
INSERT INTO `t_def_role_privilege_rela` VALUES ('8756', '11', '174', 'E', '2017-09-10 14:16:25', '2017-09-10 14:16:25', '1', '1', '1');
INSERT INTO `t_def_role_privilege_rela` VALUES ('8757', '11', '124', 'E', '2017-09-10 14:16:25', '2017-09-10 14:16:25', '1', '1', '1');
INSERT INTO `t_def_role_privilege_rela` VALUES ('8758', '11', '125', 'E', '2017-09-10 14:16:25', '2017-09-10 14:16:25', '1', '1', '1');
INSERT INTO `t_def_role_privilege_rela` VALUES ('8759', '11', '126', 'E', '2017-09-10 14:16:25', '2017-09-10 14:16:25', '1', '1', '1');
INSERT INTO `t_def_role_privilege_rela` VALUES ('8760', '11', '127', 'E', '2017-09-10 14:16:25', '2017-09-10 14:16:25', '1', '1', '1');
INSERT INTO `t_def_role_privilege_rela` VALUES ('8761', '11', '128', 'E', '2017-09-10 14:16:25', '2017-09-10 14:16:25', '1', '1', '1');
INSERT INTO `t_def_role_privilege_rela` VALUES ('8762', '11', '129', 'E', '2017-09-10 14:16:25', '2017-09-10 14:16:25', '1', '1', '1');
INSERT INTO `t_def_role_privilege_rela` VALUES ('8763', '11', '134', 'E', '2017-09-10 14:16:25', '2017-09-10 14:16:25', '1', '1', '1');
INSERT INTO `t_def_role_privilege_rela` VALUES ('8764', '11', '92', 'E', '2017-09-10 14:16:25', '2017-09-10 14:16:25', '1', '1', '1');
INSERT INTO `t_def_role_privilege_rela` VALUES ('8765', '11', '115', 'E', '2017-09-10 14:16:25', '2017-09-10 14:16:25', '1', '1', '1');
INSERT INTO `t_def_role_privilege_rela` VALUES ('8766', '11', '116', 'E', '2017-09-10 14:16:25', '2017-09-10 14:16:25', '1', '1', '1');
INSERT INTO `t_def_role_privilege_rela` VALUES ('8767', '11', '135', 'E', '2017-09-10 14:16:25', '2017-09-10 14:16:25', '1', '1', '1');
INSERT INTO `t_def_role_privilege_rela` VALUES ('8768', '11', '136', 'E', '2017-09-10 14:16:25', '2017-09-10 14:16:25', '1', '1', '1');
INSERT INTO `t_def_role_privilege_rela` VALUES ('8769', '11', '137', 'E', '2017-09-10 14:16:25', '2017-09-10 14:16:25', '1', '1', '1');
INSERT INTO `t_def_role_privilege_rela` VALUES ('8770', '11', '138', 'E', '2017-09-10 14:16:25', '2017-09-10 14:16:25', '1', '1', '1');
INSERT INTO `t_def_role_privilege_rela` VALUES ('8771', '11', '162', 'E', '2017-09-10 14:16:25', '2017-09-10 14:16:25', '1', '1', '1');
INSERT INTO `t_def_role_privilege_rela` VALUES ('8772', '11', '163', 'E', '2017-09-10 14:16:25', '2017-09-10 14:16:25', '1', '1', '1');
INSERT INTO `t_def_role_privilege_rela` VALUES ('8773', '11', '164', 'E', '2017-09-10 14:16:26', '2017-09-10 14:16:26', '1', '1', '1');
INSERT INTO `t_def_role_privilege_rela` VALUES ('8774', '11', '165', 'E', '2017-09-10 14:16:26', '2017-09-10 14:16:26', '1', '1', '1');
INSERT INTO `t_def_role_privilege_rela` VALUES ('8775', '1', '8', 'D', '2017-09-10 14:45:14', '2017-09-11 08:50:23', '1', '1', '1');
INSERT INTO `t_def_role_privilege_rela` VALUES ('8776', '1', '105', 'D', '2017-09-10 14:45:14', '2017-09-11 08:50:23', '1', '1', '1');
INSERT INTO `t_def_role_privilege_rela` VALUES ('8777', '1', '97', 'D', '2017-09-10 14:45:14', '2017-09-11 08:50:23', '1', '1', '1');
INSERT INTO `t_def_role_privilege_rela` VALUES ('8778', '1', '98', 'D', '2017-09-10 14:45:14', '2017-09-11 08:50:23', '1', '1', '1');
INSERT INTO `t_def_role_privilege_rela` VALUES ('8779', '1', '99', 'D', '2017-09-10 14:45:14', '2017-09-11 08:50:23', '1', '1', '1');
INSERT INTO `t_def_role_privilege_rela` VALUES ('8780', '1', '100', 'D', '2017-09-10 14:45:15', '2017-09-11 08:50:23', '1', '1', '1');
INSERT INTO `t_def_role_privilege_rela` VALUES ('8781', '1', '118', 'D', '2017-09-10 14:45:15', '2017-09-11 08:50:23', '1', '1', '1');
INSERT INTO `t_def_role_privilege_rela` VALUES ('8782', '1', '119', 'D', '2017-09-10 14:45:15', '2017-09-11 08:50:23', '1', '1', '1');
INSERT INTO `t_def_role_privilege_rela` VALUES ('8783', '1', '123', 'D', '2017-09-10 14:45:15', '2017-09-11 08:50:23', '1', '1', '1');
INSERT INTO `t_def_role_privilege_rela` VALUES ('8784', '1', '121', 'D', '2017-09-10 14:45:15', '2017-09-11 08:50:23', '1', '1', '1');
INSERT INTO `t_def_role_privilege_rela` VALUES ('8785', '1', '174', 'D', '2017-09-10 14:45:15', '2017-09-11 08:50:23', '1', '1', '1');
INSERT INTO `t_def_role_privilege_rela` VALUES ('8786', '1', '124', 'D', '2017-09-10 14:45:15', '2017-09-11 08:50:23', '1', '1', '1');
INSERT INTO `t_def_role_privilege_rela` VALUES ('8787', '1', '125', 'D', '2017-09-10 14:45:15', '2017-09-11 08:50:23', '1', '1', '1');
INSERT INTO `t_def_role_privilege_rela` VALUES ('8788', '1', '126', 'D', '2017-09-10 14:45:15', '2017-09-11 08:50:23', '1', '1', '1');
INSERT INTO `t_def_role_privilege_rela` VALUES ('8789', '1', '127', 'D', '2017-09-10 14:45:15', '2017-09-11 08:50:23', '1', '1', '1');
INSERT INTO `t_def_role_privilege_rela` VALUES ('8790', '1', '128', 'D', '2017-09-10 14:45:15', '2017-09-11 08:50:23', '1', '1', '1');
INSERT INTO `t_def_role_privilege_rela` VALUES ('8791', '1', '129', 'D', '2017-09-10 14:45:15', '2017-09-11 08:50:23', '1', '1', '1');
INSERT INTO `t_def_role_privilege_rela` VALUES ('8792', '1', '130', 'D', '2017-09-10 14:45:15', '2017-09-11 08:50:23', '1', '1', '1');
INSERT INTO `t_def_role_privilege_rela` VALUES ('8793', '1', '172', 'D', '2017-09-10 14:45:15', '2017-09-11 08:50:23', '1', '1', '1');
INSERT INTO `t_def_role_privilege_rela` VALUES ('8794', '1', '175', 'D', '2017-09-10 14:45:15', '2017-09-11 08:50:23', '1', '1', '1');
INSERT INTO `t_def_role_privilege_rela` VALUES ('8795', '1', '96', 'D', '2017-09-10 14:45:15', '2017-09-11 08:50:23', '1', '1', '1');
INSERT INTO `t_def_role_privilege_rela` VALUES ('8796', '1', '132', 'D', '2017-09-10 14:45:15', '2017-09-11 08:50:23', '1', '1', '1');
INSERT INTO `t_def_role_privilege_rela` VALUES ('8797', '1', '133', 'D', '2017-09-10 14:45:15', '2017-09-11 08:50:23', '1', '1', '1');
INSERT INTO `t_def_role_privilege_rela` VALUES ('8798', '1', '134', 'D', '2017-09-10 14:45:15', '2017-09-11 08:50:23', '1', '1', '1');
INSERT INTO `t_def_role_privilege_rela` VALUES ('8799', '1', '92', 'D', '2017-09-10 14:45:16', '2017-09-11 08:50:23', '1', '1', '1');
INSERT INTO `t_def_role_privilege_rela` VALUES ('8800', '1', '115', 'D', '2017-09-10 14:45:16', '2017-09-11 08:50:23', '1', '1', '1');
INSERT INTO `t_def_role_privilege_rela` VALUES ('8801', '1', '116', 'D', '2017-09-10 14:45:16', '2017-09-11 08:50:23', '1', '1', '1');
INSERT INTO `t_def_role_privilege_rela` VALUES ('8802', '1', '135', 'D', '2017-09-10 14:45:16', '2017-09-11 08:50:23', '1', '1', '1');
INSERT INTO `t_def_role_privilege_rela` VALUES ('8803', '1', '136', 'D', '2017-09-10 14:45:16', '2017-09-11 08:50:23', '1', '1', '1');
INSERT INTO `t_def_role_privilege_rela` VALUES ('8804', '1', '137', 'D', '2017-09-10 14:45:16', '2017-09-11 08:50:23', '1', '1', '1');
INSERT INTO `t_def_role_privilege_rela` VALUES ('8805', '1', '138', 'D', '2017-09-10 14:45:16', '2017-09-11 08:50:23', '1', '1', '1');
INSERT INTO `t_def_role_privilege_rela` VALUES ('8806', '1', '139', 'D', '2017-09-10 14:45:16', '2017-09-11 08:50:23', '1', '1', '1');
INSERT INTO `t_def_role_privilege_rela` VALUES ('8807', '1', '168', 'D', '2017-09-10 14:45:16', '2017-09-11 08:50:23', '1', '1', '1');
INSERT INTO `t_def_role_privilege_rela` VALUES ('8808', '1', '140', 'D', '2017-09-10 14:45:16', '2017-09-11 08:50:23', '1', '1', '1');
INSERT INTO `t_def_role_privilege_rela` VALUES ('8809', '1', '141', 'D', '2017-09-10 14:45:16', '2017-09-11 08:50:23', '1', '1', '1');
INSERT INTO `t_def_role_privilege_rela` VALUES ('8810', '1', '142', 'D', '2017-09-10 14:45:16', '2017-09-11 08:50:23', '1', '1', '1');
INSERT INTO `t_def_role_privilege_rela` VALUES ('8811', '1', '167', 'D', '2017-09-10 14:45:16', '2017-09-11 08:50:23', '1', '1', '1');
INSERT INTO `t_def_role_privilege_rela` VALUES ('8812', '1', '143', 'D', '2017-09-10 14:45:16', '2017-09-11 08:50:23', '1', '1', '1');
INSERT INTO `t_def_role_privilege_rela` VALUES ('8813', '1', '144', 'D', '2017-09-10 14:45:16', '2017-09-11 08:50:23', '1', '1', '1');
INSERT INTO `t_def_role_privilege_rela` VALUES ('8814', '1', '145', 'D', '2017-09-10 14:45:16', '2017-09-11 08:50:23', '1', '1', '1');
INSERT INTO `t_def_role_privilege_rela` VALUES ('8815', '1', '146', 'D', '2017-09-10 14:45:16', '2017-09-11 08:50:23', '1', '1', '1');
INSERT INTO `t_def_role_privilege_rela` VALUES ('8816', '1', '147', 'D', '2017-09-10 14:45:16', '2017-09-11 08:50:23', '1', '1', '1');
INSERT INTO `t_def_role_privilege_rela` VALUES ('8817', '1', '148', 'D', '2017-09-10 14:45:16', '2017-09-11 08:50:23', '1', '1', '1');
INSERT INTO `t_def_role_privilege_rela` VALUES ('8818', '1', '149', 'D', '2017-09-10 14:45:16', '2017-09-11 08:50:23', '1', '1', '1');
INSERT INTO `t_def_role_privilege_rela` VALUES ('8819', '1', '150', 'D', '2017-09-10 14:45:16', '2017-09-11 08:50:23', '1', '1', '1');
INSERT INTO `t_def_role_privilege_rela` VALUES ('8820', '1', '153', 'D', '2017-09-10 14:45:17', '2017-09-11 08:50:23', '1', '1', '1');
INSERT INTO `t_def_role_privilege_rela` VALUES ('8821', '1', '155', 'D', '2017-09-10 14:45:17', '2017-09-11 08:50:23', '1', '1', '1');
INSERT INTO `t_def_role_privilege_rela` VALUES ('8822', '1', '156', 'D', '2017-09-10 14:45:17', '2017-09-11 08:50:23', '1', '1', '1');
INSERT INTO `t_def_role_privilege_rela` VALUES ('8823', '1', '157', 'D', '2017-09-10 14:45:17', '2017-09-11 08:50:23', '1', '1', '1');
INSERT INTO `t_def_role_privilege_rela` VALUES ('8824', '1', '177', 'D', '2017-09-10 14:45:17', '2017-09-11 08:50:23', '1', '1', '1');
INSERT INTO `t_def_role_privilege_rela` VALUES ('8825', '1', '158', 'D', '2017-09-10 14:45:17', '2017-09-11 08:50:23', '1', '1', '1');
INSERT INTO `t_def_role_privilege_rela` VALUES ('8826', '1', '159', 'D', '2017-09-10 14:45:17', '2017-09-11 08:50:23', '1', '1', '1');
INSERT INTO `t_def_role_privilege_rela` VALUES ('8827', '1', '162', 'D', '2017-09-10 14:45:17', '2017-09-11 08:50:23', '1', '1', '1');
INSERT INTO `t_def_role_privilege_rela` VALUES ('8828', '1', '163', 'D', '2017-09-10 14:45:17', '2017-09-11 08:50:23', '1', '1', '1');
INSERT INTO `t_def_role_privilege_rela` VALUES ('8829', '1', '164', 'D', '2017-09-10 14:45:17', '2017-09-11 08:50:23', '1', '1', '1');
INSERT INTO `t_def_role_privilege_rela` VALUES ('8830', '1', '165', 'D', '2017-09-10 14:45:17', '2017-09-11 08:50:23', '1', '1', '1');
INSERT INTO `t_def_role_privilege_rela` VALUES ('8831', '1', '207', 'D', '2017-09-10 14:45:17', '2017-09-11 08:50:23', '1', '1', '1');
INSERT INTO `t_def_role_privilege_rela` VALUES ('8832', '1', '208', 'D', '2017-09-10 14:45:17', '2017-09-11 08:50:23', '1', '1', '1');
INSERT INTO `t_def_role_privilege_rela` VALUES ('8833', '1', '209', 'D', '2017-09-10 14:45:17', '2017-09-11 08:50:23', '1', '1', '1');
INSERT INTO `t_def_role_privilege_rela` VALUES ('8834', '1', '210', 'D', '2017-09-10 14:45:17', '2017-09-11 08:50:23', '1', '1', '1');
INSERT INTO `t_def_role_privilege_rela` VALUES ('8835', '1', '213', 'D', '2017-09-10 14:45:17', '2017-09-11 08:50:23', '1', '1', '1');
INSERT INTO `t_def_role_privilege_rela` VALUES ('8836', '1', '214', 'D', '2017-09-10 14:45:17', '2017-09-11 08:50:23', '1', '1', '1');
INSERT INTO `t_def_role_privilege_rela` VALUES ('8837', '10', '8', 'E', '2017-09-10 14:45:31', '2017-09-10 14:45:31', '1', '1', '1');
INSERT INTO `t_def_role_privilege_rela` VALUES ('8838', '10', '130', 'E', '2017-09-10 14:45:31', '2017-09-10 14:45:31', '1', '1', '1');
INSERT INTO `t_def_role_privilege_rela` VALUES ('8839', '10', '96', 'E', '2017-09-10 14:45:31', '2017-09-10 14:45:31', '1', '1', '1');
INSERT INTO `t_def_role_privilege_rela` VALUES ('8840', '10', '132', 'E', '2017-09-10 14:45:31', '2017-09-10 14:45:31', '1', '1', '1');
INSERT INTO `t_def_role_privilege_rela` VALUES ('8841', '10', '133', 'E', '2017-09-10 14:45:31', '2017-09-10 14:45:31', '1', '1', '1');
INSERT INTO `t_def_role_privilege_rela` VALUES ('8842', '10', '172', 'E', '2017-09-10 14:45:31', '2017-09-10 14:45:31', '1', '1', '1');
INSERT INTO `t_def_role_privilege_rela` VALUES ('8843', '10', '175', 'E', '2017-09-10 14:45:31', '2017-09-10 14:45:31', '1', '1', '1');
INSERT INTO `t_def_role_privilege_rela` VALUES ('8844', '10', '105', 'E', '2017-09-10 14:45:31', '2017-09-10 14:45:31', '1', '1', '1');
INSERT INTO `t_def_role_privilege_rela` VALUES ('8845', '10', '97', 'E', '2017-09-10 14:45:31', '2017-09-10 14:45:31', '1', '1', '1');
INSERT INTO `t_def_role_privilege_rela` VALUES ('8846', '10', '98', 'E', '2017-09-10 14:45:31', '2017-09-10 14:45:31', '1', '1', '1');
INSERT INTO `t_def_role_privilege_rela` VALUES ('8847', '10', '99', 'E', '2017-09-10 14:45:31', '2017-09-10 14:45:31', '1', '1', '1');
INSERT INTO `t_def_role_privilege_rela` VALUES ('8848', '10', '100', 'E', '2017-09-10 14:45:31', '2017-09-10 14:45:31', '1', '1', '1');
INSERT INTO `t_def_role_privilege_rela` VALUES ('8849', '10', '118', 'E', '2017-09-10 14:45:31', '2017-09-10 14:45:31', '1', '1', '1');
INSERT INTO `t_def_role_privilege_rela` VALUES ('8850', '10', '119', 'E', '2017-09-10 14:45:31', '2017-09-10 14:45:31', '1', '1', '1');
INSERT INTO `t_def_role_privilege_rela` VALUES ('8851', '10', '121', 'E', '2017-09-10 14:45:31', '2017-09-10 14:45:31', '1', '1', '1');
INSERT INTO `t_def_role_privilege_rela` VALUES ('8852', '10', '123', 'E', '2017-09-10 14:45:32', '2017-09-10 14:45:32', '1', '1', '1');
INSERT INTO `t_def_role_privilege_rela` VALUES ('8853', '10', '174', 'E', '2017-09-10 14:45:32', '2017-09-10 14:45:32', '1', '1', '1');
INSERT INTO `t_def_role_privilege_rela` VALUES ('8854', '10', '124', 'E', '2017-09-10 14:45:32', '2017-09-10 14:45:32', '1', '1', '1');
INSERT INTO `t_def_role_privilege_rela` VALUES ('8855', '10', '125', 'E', '2017-09-10 14:45:32', '2017-09-10 14:45:32', '1', '1', '1');
INSERT INTO `t_def_role_privilege_rela` VALUES ('8856', '10', '126', 'E', '2017-09-10 14:45:32', '2017-09-10 14:45:32', '1', '1', '1');
INSERT INTO `t_def_role_privilege_rela` VALUES ('8857', '10', '127', 'E', '2017-09-10 14:45:32', '2017-09-10 14:45:32', '1', '1', '1');
INSERT INTO `t_def_role_privilege_rela` VALUES ('8858', '10', '128', 'E', '2017-09-10 14:45:32', '2017-09-10 14:45:32', '1', '1', '1');
INSERT INTO `t_def_role_privilege_rela` VALUES ('8859', '10', '129', 'E', '2017-09-10 14:45:32', '2017-09-10 14:45:32', '1', '1', '1');
INSERT INTO `t_def_role_privilege_rela` VALUES ('8860', '10', '134', 'E', '2017-09-10 14:45:32', '2017-09-10 14:45:32', '1', '1', '1');
INSERT INTO `t_def_role_privilege_rela` VALUES ('8861', '10', '92', 'E', '2017-09-10 14:45:32', '2017-09-10 14:45:32', '1', '1', '1');
INSERT INTO `t_def_role_privilege_rela` VALUES ('8862', '10', '115', 'E', '2017-09-10 14:45:32', '2017-09-10 14:45:32', '1', '1', '1');
INSERT INTO `t_def_role_privilege_rela` VALUES ('8863', '10', '116', 'E', '2017-09-10 14:45:32', '2017-09-10 14:45:32', '1', '1', '1');
INSERT INTO `t_def_role_privilege_rela` VALUES ('8864', '10', '135', 'E', '2017-09-10 14:45:32', '2017-09-10 14:45:32', '1', '1', '1');
INSERT INTO `t_def_role_privilege_rela` VALUES ('8865', '10', '136', 'E', '2017-09-10 14:45:32', '2017-09-10 14:45:32', '1', '1', '1');
INSERT INTO `t_def_role_privilege_rela` VALUES ('8866', '10', '137', 'E', '2017-09-10 14:45:32', '2017-09-10 14:45:32', '1', '1', '1');
INSERT INTO `t_def_role_privilege_rela` VALUES ('8867', '10', '138', 'E', '2017-09-10 14:45:32', '2017-09-10 14:45:32', '1', '1', '1');
INSERT INTO `t_def_role_privilege_rela` VALUES ('8868', '10', '139', 'E', '2017-09-10 14:45:32', '2017-09-10 14:45:32', '1', '1', '1');
INSERT INTO `t_def_role_privilege_rela` VALUES ('8869', '10', '140', 'E', '2017-09-10 14:45:32', '2017-09-10 14:45:32', '1', '1', '1');
INSERT INTO `t_def_role_privilege_rela` VALUES ('8870', '10', '141', 'E', '2017-09-10 14:45:32', '2017-09-10 14:45:32', '1', '1', '1');
INSERT INTO `t_def_role_privilege_rela` VALUES ('8871', '10', '168', 'E', '2017-09-10 14:45:32', '2017-09-10 14:45:32', '1', '1', '1');
INSERT INTO `t_def_role_privilege_rela` VALUES ('8872', '10', '162', 'E', '2017-09-10 14:45:32', '2017-09-10 14:45:32', '1', '1', '1');
INSERT INTO `t_def_role_privilege_rela` VALUES ('8873', '10', '163', 'E', '2017-09-10 14:45:33', '2017-09-10 14:45:33', '1', '1', '1');
INSERT INTO `t_def_role_privilege_rela` VALUES ('8874', '10', '164', 'E', '2017-09-10 14:45:33', '2017-09-10 14:45:33', '1', '1', '1');
INSERT INTO `t_def_role_privilege_rela` VALUES ('8875', '10', '165', 'E', '2017-09-10 14:45:33', '2017-09-10 14:45:33', '1', '1', '1');
INSERT INTO `t_def_role_privilege_rela` VALUES ('8876', '10', '142', 'E', '2017-09-10 14:45:33', '2017-09-10 14:45:33', '1', '1', '1');
INSERT INTO `t_def_role_privilege_rela` VALUES ('8877', '10', '143', 'E', '2017-09-10 14:45:33', '2017-09-10 14:45:33', '1', '1', '1');
INSERT INTO `t_def_role_privilege_rela` VALUES ('8878', '10', '144', 'E', '2017-09-10 14:45:33', '2017-09-10 14:45:33', '1', '1', '1');
INSERT INTO `t_def_role_privilege_rela` VALUES ('8879', '10', '145', 'E', '2017-09-10 14:45:33', '2017-09-10 14:45:33', '1', '1', '1');
INSERT INTO `t_def_role_privilege_rela` VALUES ('8880', '10', '146', 'E', '2017-09-10 14:45:33', '2017-09-10 14:45:33', '1', '1', '1');
INSERT INTO `t_def_role_privilege_rela` VALUES ('8881', '10', '167', 'E', '2017-09-10 14:45:33', '2017-09-10 14:45:33', '1', '1', '1');
INSERT INTO `t_def_role_privilege_rela` VALUES ('8882', '10', '209', 'E', '2017-09-10 14:45:33', '2017-09-10 14:45:33', '1', '1', '1');
INSERT INTO `t_def_role_privilege_rela` VALUES ('8883', '10', '210', 'E', '2017-09-10 14:45:33', '2017-09-10 14:45:33', '1', '1', '1');
INSERT INTO `t_def_role_privilege_rela` VALUES ('8884', '10', '213', 'E', '2017-09-10 14:45:33', '2017-09-10 14:45:33', '1', '1', '1');
INSERT INTO `t_def_role_privilege_rela` VALUES ('8885', '10', '214', 'E', '2017-09-10 14:45:33', '2017-09-10 14:45:33', '1', '1', '1');
INSERT INTO `t_def_role_privilege_rela` VALUES ('8886', '1', '8', 'D', '2017-09-11 08:50:23', '2017-09-11 08:56:29', '1', '1', '1');
INSERT INTO `t_def_role_privilege_rela` VALUES ('8887', '1', '105', 'D', '2017-09-11 08:50:23', '2017-09-11 08:56:29', '1', '1', '1');
INSERT INTO `t_def_role_privilege_rela` VALUES ('8888', '1', '97', 'D', '2017-09-11 08:50:23', '2017-09-11 08:56:29', '1', '1', '1');
INSERT INTO `t_def_role_privilege_rela` VALUES ('8889', '1', '98', 'D', '2017-09-11 08:50:23', '2017-09-11 08:56:29', '1', '1', '1');
INSERT INTO `t_def_role_privilege_rela` VALUES ('8890', '1', '99', 'D', '2017-09-11 08:50:24', '2017-09-11 08:56:29', '1', '1', '1');
INSERT INTO `t_def_role_privilege_rela` VALUES ('8891', '1', '100', 'D', '2017-09-11 08:50:24', '2017-09-11 08:56:29', '1', '1', '1');
INSERT INTO `t_def_role_privilege_rela` VALUES ('8892', '1', '118', 'D', '2017-09-11 08:50:24', '2017-09-11 08:56:29', '1', '1', '1');
INSERT INTO `t_def_role_privilege_rela` VALUES ('8893', '1', '119', 'D', '2017-09-11 08:50:24', '2017-09-11 08:56:29', '1', '1', '1');
INSERT INTO `t_def_role_privilege_rela` VALUES ('8894', '1', '123', 'D', '2017-09-11 08:50:24', '2017-09-11 08:56:29', '1', '1', '1');
INSERT INTO `t_def_role_privilege_rela` VALUES ('8895', '1', '121', 'D', '2017-09-11 08:50:24', '2017-09-11 08:56:29', '1', '1', '1');
INSERT INTO `t_def_role_privilege_rela` VALUES ('8896', '1', '174', 'D', '2017-09-11 08:50:24', '2017-09-11 08:56:29', '1', '1', '1');
INSERT INTO `t_def_role_privilege_rela` VALUES ('8897', '1', '124', 'D', '2017-09-11 08:50:24', '2017-09-11 08:56:29', '1', '1', '1');
INSERT INTO `t_def_role_privilege_rela` VALUES ('8898', '1', '125', 'D', '2017-09-11 08:50:24', '2017-09-11 08:56:29', '1', '1', '1');
INSERT INTO `t_def_role_privilege_rela` VALUES ('8899', '1', '126', 'D', '2017-09-11 08:50:24', '2017-09-11 08:56:29', '1', '1', '1');
INSERT INTO `t_def_role_privilege_rela` VALUES ('8900', '1', '127', 'D', '2017-09-11 08:50:24', '2017-09-11 08:56:29', '1', '1', '1');
INSERT INTO `t_def_role_privilege_rela` VALUES ('8901', '1', '130', 'D', '2017-09-11 08:50:24', '2017-09-11 08:56:29', '1', '1', '1');
INSERT INTO `t_def_role_privilege_rela` VALUES ('8902', '1', '172', 'D', '2017-09-11 08:50:24', '2017-09-11 08:56:29', '1', '1', '1');
INSERT INTO `t_def_role_privilege_rela` VALUES ('8903', '1', '175', 'D', '2017-09-11 08:50:24', '2017-09-11 08:56:29', '1', '1', '1');
INSERT INTO `t_def_role_privilege_rela` VALUES ('8904', '1', '96', 'D', '2017-09-11 08:50:24', '2017-09-11 08:56:29', '1', '1', '1');
INSERT INTO `t_def_role_privilege_rela` VALUES ('8905', '1', '132', 'D', '2017-09-11 08:50:24', '2017-09-11 08:56:29', '1', '1', '1');
INSERT INTO `t_def_role_privilege_rela` VALUES ('8906', '1', '133', 'D', '2017-09-11 08:50:24', '2017-09-11 08:56:29', '1', '1', '1');
INSERT INTO `t_def_role_privilege_rela` VALUES ('8907', '1', '215', 'D', '2017-09-11 08:50:24', '2017-09-11 08:56:29', '1', '1', '1');
INSERT INTO `t_def_role_privilege_rela` VALUES ('8908', '1', '134', 'D', '2017-09-11 08:50:24', '2017-09-11 08:56:29', '1', '1', '1');
INSERT INTO `t_def_role_privilege_rela` VALUES ('8909', '1', '92', 'D', '2017-09-11 08:50:24', '2017-09-11 08:56:29', '1', '1', '1');
INSERT INTO `t_def_role_privilege_rela` VALUES ('8910', '1', '115', 'D', '2017-09-11 08:50:24', '2017-09-11 08:56:29', '1', '1', '1');
INSERT INTO `t_def_role_privilege_rela` VALUES ('8911', '1', '116', 'D', '2017-09-11 08:50:24', '2017-09-11 08:56:29', '1', '1', '1');
INSERT INTO `t_def_role_privilege_rela` VALUES ('8912', '1', '135', 'D', '2017-09-11 08:50:24', '2017-09-11 08:56:29', '1', '1', '1');
INSERT INTO `t_def_role_privilege_rela` VALUES ('8913', '1', '136', 'D', '2017-09-11 08:50:24', '2017-09-11 08:56:29', '1', '1', '1');
INSERT INTO `t_def_role_privilege_rela` VALUES ('8914', '1', '137', 'D', '2017-09-11 08:50:24', '2017-09-11 08:56:29', '1', '1', '1');
INSERT INTO `t_def_role_privilege_rela` VALUES ('8915', '1', '138', 'D', '2017-09-11 08:50:24', '2017-09-11 08:56:29', '1', '1', '1');
INSERT INTO `t_def_role_privilege_rela` VALUES ('8916', '1', '139', 'D', '2017-09-11 08:50:24', '2017-09-11 08:56:29', '1', '1', '1');
INSERT INTO `t_def_role_privilege_rela` VALUES ('8917', '1', '168', 'D', '2017-09-11 08:50:25', '2017-09-11 08:56:30', '1', '1', '1');
INSERT INTO `t_def_role_privilege_rela` VALUES ('8918', '1', '140', 'D', '2017-09-11 08:50:25', '2017-09-11 08:56:30', '1', '1', '1');
INSERT INTO `t_def_role_privilege_rela` VALUES ('8919', '1', '141', 'D', '2017-09-11 08:50:25', '2017-09-11 08:56:30', '1', '1', '1');
INSERT INTO `t_def_role_privilege_rela` VALUES ('8920', '1', '142', 'D', '2017-09-11 08:50:25', '2017-09-11 08:56:30', '1', '1', '1');
INSERT INTO `t_def_role_privilege_rela` VALUES ('8921', '1', '167', 'D', '2017-09-11 08:50:25', '2017-09-11 08:56:30', '1', '1', '1');
INSERT INTO `t_def_role_privilege_rela` VALUES ('8922', '1', '143', 'D', '2017-09-11 08:50:25', '2017-09-11 08:56:30', '1', '1', '1');
INSERT INTO `t_def_role_privilege_rela` VALUES ('8923', '1', '144', 'D', '2017-09-11 08:50:25', '2017-09-11 08:56:30', '1', '1', '1');
INSERT INTO `t_def_role_privilege_rela` VALUES ('8924', '1', '145', 'D', '2017-09-11 08:50:25', '2017-09-11 08:56:30', '1', '1', '1');
INSERT INTO `t_def_role_privilege_rela` VALUES ('8925', '1', '146', 'D', '2017-09-11 08:50:25', '2017-09-11 08:56:30', '1', '1', '1');
INSERT INTO `t_def_role_privilege_rela` VALUES ('8926', '1', '147', 'D', '2017-09-11 08:50:25', '2017-09-11 08:56:30', '1', '1', '1');
INSERT INTO `t_def_role_privilege_rela` VALUES ('8927', '1', '148', 'D', '2017-09-11 08:50:25', '2017-09-11 08:56:30', '1', '1', '1');
INSERT INTO `t_def_role_privilege_rela` VALUES ('8928', '1', '149', 'D', '2017-09-11 08:50:25', '2017-09-11 08:56:30', '1', '1', '1');
INSERT INTO `t_def_role_privilege_rela` VALUES ('8929', '1', '150', 'D', '2017-09-11 08:50:25', '2017-09-11 08:56:30', '1', '1', '1');
INSERT INTO `t_def_role_privilege_rela` VALUES ('8930', '1', '153', 'D', '2017-09-11 08:50:25', '2017-09-11 08:56:30', '1', '1', '1');
INSERT INTO `t_def_role_privilege_rela` VALUES ('8931', '1', '155', 'D', '2017-09-11 08:50:25', '2017-09-11 08:56:30', '1', '1', '1');
INSERT INTO `t_def_role_privilege_rela` VALUES ('8932', '1', '156', 'D', '2017-09-11 08:50:25', '2017-09-11 08:56:30', '1', '1', '1');
INSERT INTO `t_def_role_privilege_rela` VALUES ('8933', '1', '157', 'D', '2017-09-11 08:50:25', '2017-09-11 08:56:30', '1', '1', '1');
INSERT INTO `t_def_role_privilege_rela` VALUES ('8934', '1', '177', 'D', '2017-09-11 08:50:25', '2017-09-11 08:56:30', '1', '1', '1');
INSERT INTO `t_def_role_privilege_rela` VALUES ('8935', '1', '158', 'D', '2017-09-11 08:50:25', '2017-09-11 08:56:30', '1', '1', '1');
INSERT INTO `t_def_role_privilege_rela` VALUES ('8936', '1', '159', 'D', '2017-09-11 08:50:25', '2017-09-11 08:56:30', '1', '1', '1');
INSERT INTO `t_def_role_privilege_rela` VALUES ('8937', '1', '162', 'D', '2017-09-11 08:50:25', '2017-09-11 08:56:30', '1', '1', '1');
INSERT INTO `t_def_role_privilege_rela` VALUES ('8938', '1', '163', 'D', '2017-09-11 08:50:25', '2017-09-11 08:56:30', '1', '1', '1');
INSERT INTO `t_def_role_privilege_rela` VALUES ('8939', '1', '164', 'D', '2017-09-11 08:50:25', '2017-09-11 08:56:30', '1', '1', '1');
INSERT INTO `t_def_role_privilege_rela` VALUES ('8940', '1', '165', 'D', '2017-09-11 08:50:25', '2017-09-11 08:56:30', '1', '1', '1');
INSERT INTO `t_def_role_privilege_rela` VALUES ('8941', '1', '207', 'D', '2017-09-11 08:50:25', '2017-09-11 08:56:30', '1', '1', '1');
INSERT INTO `t_def_role_privilege_rela` VALUES ('8942', '1', '208', 'D', '2017-09-11 08:50:25', '2017-09-11 08:56:30', '1', '1', '1');
INSERT INTO `t_def_role_privilege_rela` VALUES ('8943', '1', '209', 'D', '2017-09-11 08:50:25', '2017-09-11 08:56:30', '1', '1', '1');
INSERT INTO `t_def_role_privilege_rela` VALUES ('8944', '1', '210', 'D', '2017-09-11 08:50:26', '2017-09-11 08:56:30', '1', '1', '1');
INSERT INTO `t_def_role_privilege_rela` VALUES ('8945', '1', '213', 'D', '2017-09-11 08:50:26', '2017-09-11 08:56:30', '1', '1', '1');
INSERT INTO `t_def_role_privilege_rela` VALUES ('8946', '1', '214', 'D', '2017-09-11 08:50:26', '2017-09-11 08:56:30', '1', '1', '1');
INSERT INTO `t_def_role_privilege_rela` VALUES ('8947', '1', '8', 'D', '2017-09-11 08:56:30', '2017-09-11 09:00:05', '1', '1', '1');
INSERT INTO `t_def_role_privilege_rela` VALUES ('8948', '1', '105', 'D', '2017-09-11 08:56:30', '2017-09-11 09:00:05', '1', '1', '1');
INSERT INTO `t_def_role_privilege_rela` VALUES ('8949', '1', '97', 'D', '2017-09-11 08:56:30', '2017-09-11 09:00:05', '1', '1', '1');
INSERT INTO `t_def_role_privilege_rela` VALUES ('8950', '1', '98', 'D', '2017-09-11 08:56:30', '2017-09-11 09:00:05', '1', '1', '1');
INSERT INTO `t_def_role_privilege_rela` VALUES ('8951', '1', '99', 'D', '2017-09-11 08:56:30', '2017-09-11 09:00:05', '1', '1', '1');
INSERT INTO `t_def_role_privilege_rela` VALUES ('8952', '1', '100', 'D', '2017-09-11 08:56:30', '2017-09-11 09:00:05', '1', '1', '1');
INSERT INTO `t_def_role_privilege_rela` VALUES ('8953', '1', '118', 'D', '2017-09-11 08:56:30', '2017-09-11 09:00:05', '1', '1', '1');
INSERT INTO `t_def_role_privilege_rela` VALUES ('8954', '1', '119', 'D', '2017-09-11 08:56:30', '2017-09-11 09:00:05', '1', '1', '1');
INSERT INTO `t_def_role_privilege_rela` VALUES ('8955', '1', '123', 'D', '2017-09-11 08:56:30', '2017-09-11 09:00:05', '1', '1', '1');
INSERT INTO `t_def_role_privilege_rela` VALUES ('8956', '1', '121', 'D', '2017-09-11 08:56:30', '2017-09-11 09:00:05', '1', '1', '1');
INSERT INTO `t_def_role_privilege_rela` VALUES ('8957', '1', '174', 'D', '2017-09-11 08:56:30', '2017-09-11 09:00:05', '1', '1', '1');
INSERT INTO `t_def_role_privilege_rela` VALUES ('8958', '1', '124', 'D', '2017-09-11 08:56:30', '2017-09-11 09:00:05', '1', '1', '1');
INSERT INTO `t_def_role_privilege_rela` VALUES ('8959', '1', '125', 'D', '2017-09-11 08:56:30', '2017-09-11 09:00:05', '1', '1', '1');
INSERT INTO `t_def_role_privilege_rela` VALUES ('8960', '1', '126', 'D', '2017-09-11 08:56:30', '2017-09-11 09:00:05', '1', '1', '1');
INSERT INTO `t_def_role_privilege_rela` VALUES ('8961', '1', '127', 'D', '2017-09-11 08:56:30', '2017-09-11 09:00:05', '1', '1', '1');
INSERT INTO `t_def_role_privilege_rela` VALUES ('8962', '1', '130', 'D', '2017-09-11 08:56:30', '2017-09-11 09:00:05', '1', '1', '1');
INSERT INTO `t_def_role_privilege_rela` VALUES ('8963', '1', '172', 'D', '2017-09-11 08:56:30', '2017-09-11 09:00:05', '1', '1', '1');
INSERT INTO `t_def_role_privilege_rela` VALUES ('8964', '1', '175', 'D', '2017-09-11 08:56:30', '2017-09-11 09:00:05', '1', '1', '1');
INSERT INTO `t_def_role_privilege_rela` VALUES ('8965', '1', '96', 'D', '2017-09-11 08:56:30', '2017-09-11 09:00:05', '1', '1', '1');
INSERT INTO `t_def_role_privilege_rela` VALUES ('8966', '1', '132', 'D', '2017-09-11 08:56:30', '2017-09-11 09:00:05', '1', '1', '1');
INSERT INTO `t_def_role_privilege_rela` VALUES ('8967', '1', '133', 'D', '2017-09-11 08:56:30', '2017-09-11 09:00:05', '1', '1', '1');
INSERT INTO `t_def_role_privilege_rela` VALUES ('8968', '1', '215', 'D', '2017-09-11 08:56:30', '2017-09-11 09:00:05', '1', '1', '1');
INSERT INTO `t_def_role_privilege_rela` VALUES ('8969', '1', '134', 'D', '2017-09-11 08:56:30', '2017-09-11 09:00:05', '1', '1', '1');
INSERT INTO `t_def_role_privilege_rela` VALUES ('8970', '1', '92', 'D', '2017-09-11 08:56:30', '2017-09-11 09:00:05', '1', '1', '1');
INSERT INTO `t_def_role_privilege_rela` VALUES ('8971', '1', '115', 'D', '2017-09-11 08:56:30', '2017-09-11 09:00:05', '1', '1', '1');
INSERT INTO `t_def_role_privilege_rela` VALUES ('8972', '1', '116', 'D', '2017-09-11 08:56:30', '2017-09-11 09:00:05', '1', '1', '1');
INSERT INTO `t_def_role_privilege_rela` VALUES ('8973', '1', '135', 'D', '2017-09-11 08:56:30', '2017-09-11 09:00:05', '1', '1', '1');
INSERT INTO `t_def_role_privilege_rela` VALUES ('8974', '1', '136', 'D', '2017-09-11 08:56:31', '2017-09-11 09:00:05', '1', '1', '1');
INSERT INTO `t_def_role_privilege_rela` VALUES ('8975', '1', '137', 'D', '2017-09-11 08:56:31', '2017-09-11 09:00:05', '1', '1', '1');
INSERT INTO `t_def_role_privilege_rela` VALUES ('8976', '1', '138', 'D', '2017-09-11 08:56:31', '2017-09-11 09:00:05', '1', '1', '1');
INSERT INTO `t_def_role_privilege_rela` VALUES ('8977', '1', '139', 'D', '2017-09-11 08:56:31', '2017-09-11 09:00:05', '1', '1', '1');
INSERT INTO `t_def_role_privilege_rela` VALUES ('8978', '1', '168', 'D', '2017-09-11 08:56:31', '2017-09-11 09:00:05', '1', '1', '1');
INSERT INTO `t_def_role_privilege_rela` VALUES ('8979', '1', '140', 'D', '2017-09-11 08:56:31', '2017-09-11 09:00:05', '1', '1', '1');
INSERT INTO `t_def_role_privilege_rela` VALUES ('8980', '1', '141', 'D', '2017-09-11 08:56:31', '2017-09-11 09:00:05', '1', '1', '1');
INSERT INTO `t_def_role_privilege_rela` VALUES ('8981', '1', '142', 'D', '2017-09-11 08:56:31', '2017-09-11 09:00:05', '1', '1', '1');
INSERT INTO `t_def_role_privilege_rela` VALUES ('8982', '1', '167', 'D', '2017-09-11 08:56:31', '2017-09-11 09:00:05', '1', '1', '1');
INSERT INTO `t_def_role_privilege_rela` VALUES ('8983', '1', '143', 'D', '2017-09-11 08:56:31', '2017-09-11 09:00:05', '1', '1', '1');
INSERT INTO `t_def_role_privilege_rela` VALUES ('8984', '1', '144', 'D', '2017-09-11 08:56:31', '2017-09-11 09:00:05', '1', '1', '1');
INSERT INTO `t_def_role_privilege_rela` VALUES ('8985', '1', '145', 'D', '2017-09-11 08:56:31', '2017-09-11 09:00:05', '1', '1', '1');
INSERT INTO `t_def_role_privilege_rela` VALUES ('8986', '1', '146', 'D', '2017-09-11 08:56:31', '2017-09-11 09:00:05', '1', '1', '1');
INSERT INTO `t_def_role_privilege_rela` VALUES ('8987', '1', '147', 'D', '2017-09-11 08:56:31', '2017-09-11 09:00:05', '1', '1', '1');
INSERT INTO `t_def_role_privilege_rela` VALUES ('8988', '1', '148', 'D', '2017-09-11 08:56:31', '2017-09-11 09:00:05', '1', '1', '1');
INSERT INTO `t_def_role_privilege_rela` VALUES ('8989', '1', '149', 'D', '2017-09-11 08:56:31', '2017-09-11 09:00:05', '1', '1', '1');
INSERT INTO `t_def_role_privilege_rela` VALUES ('8990', '1', '150', 'D', '2017-09-11 08:56:31', '2017-09-11 09:00:05', '1', '1', '1');
INSERT INTO `t_def_role_privilege_rela` VALUES ('8991', '1', '153', 'D', '2017-09-11 08:56:31', '2017-09-11 09:00:05', '1', '1', '1');
INSERT INTO `t_def_role_privilege_rela` VALUES ('8992', '1', '155', 'D', '2017-09-11 08:56:31', '2017-09-11 09:00:05', '1', '1', '1');
INSERT INTO `t_def_role_privilege_rela` VALUES ('8993', '1', '156', 'D', '2017-09-11 08:56:31', '2017-09-11 09:00:05', '1', '1', '1');
INSERT INTO `t_def_role_privilege_rela` VALUES ('8994', '1', '157', 'D', '2017-09-11 08:56:31', '2017-09-11 09:00:05', '1', '1', '1');
INSERT INTO `t_def_role_privilege_rela` VALUES ('8995', '1', '177', 'D', '2017-09-11 08:56:31', '2017-09-11 09:00:05', '1', '1', '1');
INSERT INTO `t_def_role_privilege_rela` VALUES ('8996', '1', '158', 'D', '2017-09-11 08:56:31', '2017-09-11 09:00:05', '1', '1', '1');
INSERT INTO `t_def_role_privilege_rela` VALUES ('8997', '1', '159', 'D', '2017-09-11 08:56:31', '2017-09-11 09:00:05', '1', '1', '1');
INSERT INTO `t_def_role_privilege_rela` VALUES ('8998', '1', '162', 'D', '2017-09-11 08:56:31', '2017-09-11 09:00:05', '1', '1', '1');
INSERT INTO `t_def_role_privilege_rela` VALUES ('8999', '1', '163', 'D', '2017-09-11 08:56:31', '2017-09-11 09:00:05', '1', '1', '1');
INSERT INTO `t_def_role_privilege_rela` VALUES ('9000', '1', '164', 'D', '2017-09-11 08:56:32', '2017-09-11 09:00:05', '1', '1', '1');
INSERT INTO `t_def_role_privilege_rela` VALUES ('9001', '1', '165', 'D', '2017-09-11 08:56:32', '2017-09-11 09:00:05', '1', '1', '1');
INSERT INTO `t_def_role_privilege_rela` VALUES ('9002', '1', '207', 'D', '2017-09-11 08:56:32', '2017-09-11 09:00:05', '1', '1', '1');
INSERT INTO `t_def_role_privilege_rela` VALUES ('9003', '1', '208', 'D', '2017-09-11 08:56:32', '2017-09-11 09:00:05', '1', '1', '1');
INSERT INTO `t_def_role_privilege_rela` VALUES ('9004', '1', '209', 'D', '2017-09-11 08:56:32', '2017-09-11 09:00:05', '1', '1', '1');
INSERT INTO `t_def_role_privilege_rela` VALUES ('9005', '1', '210', 'D', '2017-09-11 08:56:32', '2017-09-11 09:00:05', '1', '1', '1');
INSERT INTO `t_def_role_privilege_rela` VALUES ('9006', '1', '213', 'D', '2017-09-11 08:56:32', '2017-09-11 09:00:05', '1', '1', '1');
INSERT INTO `t_def_role_privilege_rela` VALUES ('9007', '1', '214', 'D', '2017-09-11 08:56:32', '2017-09-11 09:00:05', '1', '1', '1');
INSERT INTO `t_def_role_privilege_rela` VALUES ('9008', '1', '216', 'E', '2017-09-11 08:56:32', '2017-09-11 08:56:32', '1', '1', '1');
INSERT INTO `t_def_role_privilege_rela` VALUES ('9009', '1', '217', 'E', '2017-09-11 08:56:32', '2017-09-11 08:56:32', '1', '1', '1');
INSERT INTO `t_def_role_privilege_rela` VALUES ('9010', '1', '219', 'E', '2017-09-11 08:56:32', '2017-09-11 08:56:32', '1', '1', '1');
INSERT INTO `t_def_role_privilege_rela` VALUES ('9011', '1', '220', 'E', '2017-09-11 08:56:32', '2017-09-11 08:56:32', '1', '1', '1');
INSERT INTO `t_def_role_privilege_rela` VALUES ('9012', '1', '218', 'E', '2017-09-11 08:56:32', '2017-09-11 08:56:32', '1', '1', '1');
INSERT INTO `t_def_role_privilege_rela` VALUES ('9013', '1', '8', 'D', '2017-09-11 09:00:06', '2017-09-11 09:03:41', '1', '1', '1');
INSERT INTO `t_def_role_privilege_rela` VALUES ('9014', '1', '105', 'D', '2017-09-11 09:00:06', '2017-09-11 09:03:41', '1', '1', '1');
INSERT INTO `t_def_role_privilege_rela` VALUES ('9015', '1', '97', 'D', '2017-09-11 09:00:06', '2017-09-11 09:03:41', '1', '1', '1');
INSERT INTO `t_def_role_privilege_rela` VALUES ('9016', '1', '98', 'D', '2017-09-11 09:00:06', '2017-09-11 09:03:41', '1', '1', '1');
INSERT INTO `t_def_role_privilege_rela` VALUES ('9017', '1', '99', 'D', '2017-09-11 09:00:06', '2017-09-11 09:03:41', '1', '1', '1');
INSERT INTO `t_def_role_privilege_rela` VALUES ('9018', '1', '100', 'D', '2017-09-11 09:00:06', '2017-09-11 09:03:41', '1', '1', '1');
INSERT INTO `t_def_role_privilege_rela` VALUES ('9019', '1', '118', 'D', '2017-09-11 09:00:06', '2017-09-11 09:03:41', '1', '1', '1');
INSERT INTO `t_def_role_privilege_rela` VALUES ('9020', '1', '119', 'D', '2017-09-11 09:00:06', '2017-09-11 09:03:41', '1', '1', '1');
INSERT INTO `t_def_role_privilege_rela` VALUES ('9021', '1', '123', 'D', '2017-09-11 09:00:06', '2017-09-11 09:03:41', '1', '1', '1');
INSERT INTO `t_def_role_privilege_rela` VALUES ('9022', '1', '121', 'D', '2017-09-11 09:00:06', '2017-09-11 09:03:41', '1', '1', '1');
INSERT INTO `t_def_role_privilege_rela` VALUES ('9023', '1', '174', 'D', '2017-09-11 09:00:06', '2017-09-11 09:03:41', '1', '1', '1');
INSERT INTO `t_def_role_privilege_rela` VALUES ('9024', '1', '124', 'D', '2017-09-11 09:00:06', '2017-09-11 09:03:41', '1', '1', '1');
INSERT INTO `t_def_role_privilege_rela` VALUES ('9025', '1', '125', 'D', '2017-09-11 09:00:06', '2017-09-11 09:03:41', '1', '1', '1');
INSERT INTO `t_def_role_privilege_rela` VALUES ('9026', '1', '126', 'D', '2017-09-11 09:00:06', '2017-09-11 09:03:41', '1', '1', '1');
INSERT INTO `t_def_role_privilege_rela` VALUES ('9027', '1', '127', 'D', '2017-09-11 09:00:06', '2017-09-11 09:03:41', '1', '1', '1');
INSERT INTO `t_def_role_privilege_rela` VALUES ('9028', '1', '130', 'D', '2017-09-11 09:00:06', '2017-09-11 09:03:41', '1', '1', '1');
INSERT INTO `t_def_role_privilege_rela` VALUES ('9029', '1', '172', 'D', '2017-09-11 09:00:06', '2017-09-11 09:03:42', '1', '1', '1');
INSERT INTO `t_def_role_privilege_rela` VALUES ('9030', '1', '175', 'D', '2017-09-11 09:00:06', '2017-09-11 09:03:42', '1', '1', '1');
INSERT INTO `t_def_role_privilege_rela` VALUES ('9031', '1', '96', 'D', '2017-09-11 09:00:06', '2017-09-11 09:03:42', '1', '1', '1');
INSERT INTO `t_def_role_privilege_rela` VALUES ('9032', '1', '132', 'D', '2017-09-11 09:00:06', '2017-09-11 09:03:42', '1', '1', '1');
INSERT INTO `t_def_role_privilege_rela` VALUES ('9033', '1', '133', 'D', '2017-09-11 09:00:06', '2017-09-11 09:03:42', '1', '1', '1');
INSERT INTO `t_def_role_privilege_rela` VALUES ('9034', '1', '215', 'D', '2017-09-11 09:00:06', '2017-09-11 09:03:42', '1', '1', '1');
INSERT INTO `t_def_role_privilege_rela` VALUES ('9035', '1', '134', 'D', '2017-09-11 09:00:07', '2017-09-11 09:03:42', '1', '1', '1');
INSERT INTO `t_def_role_privilege_rela` VALUES ('9036', '1', '92', 'D', '2017-09-11 09:00:07', '2017-09-11 09:03:42', '1', '1', '1');
INSERT INTO `t_def_role_privilege_rela` VALUES ('9037', '1', '115', 'D', '2017-09-11 09:00:07', '2017-09-11 09:03:42', '1', '1', '1');
INSERT INTO `t_def_role_privilege_rela` VALUES ('9038', '1', '116', 'D', '2017-09-11 09:00:07', '2017-09-11 09:03:42', '1', '1', '1');
INSERT INTO `t_def_role_privilege_rela` VALUES ('9039', '1', '135', 'D', '2017-09-11 09:00:07', '2017-09-11 09:03:42', '1', '1', '1');
INSERT INTO `t_def_role_privilege_rela` VALUES ('9040', '1', '136', 'D', '2017-09-11 09:00:07', '2017-09-11 09:03:42', '1', '1', '1');
INSERT INTO `t_def_role_privilege_rela` VALUES ('9041', '1', '137', 'D', '2017-09-11 09:00:07', '2017-09-11 09:03:42', '1', '1', '1');
INSERT INTO `t_def_role_privilege_rela` VALUES ('9042', '1', '138', 'D', '2017-09-11 09:00:07', '2017-09-11 09:03:42', '1', '1', '1');
INSERT INTO `t_def_role_privilege_rela` VALUES ('9043', '1', '139', 'D', '2017-09-11 09:00:07', '2017-09-11 09:03:42', '1', '1', '1');
INSERT INTO `t_def_role_privilege_rela` VALUES ('9044', '1', '168', 'D', '2017-09-11 09:00:07', '2017-09-11 09:03:42', '1', '1', '1');
INSERT INTO `t_def_role_privilege_rela` VALUES ('9045', '1', '140', 'D', '2017-09-11 09:00:07', '2017-09-11 09:03:42', '1', '1', '1');
INSERT INTO `t_def_role_privilege_rela` VALUES ('9046', '1', '141', 'D', '2017-09-11 09:00:07', '2017-09-11 09:03:42', '1', '1', '1');
INSERT INTO `t_def_role_privilege_rela` VALUES ('9047', '1', '142', 'D', '2017-09-11 09:00:07', '2017-09-11 09:03:42', '1', '1', '1');
INSERT INTO `t_def_role_privilege_rela` VALUES ('9048', '1', '167', 'D', '2017-09-11 09:00:07', '2017-09-11 09:03:42', '1', '1', '1');
INSERT INTO `t_def_role_privilege_rela` VALUES ('9049', '1', '143', 'D', '2017-09-11 09:00:07', '2017-09-11 09:03:42', '1', '1', '1');
INSERT INTO `t_def_role_privilege_rela` VALUES ('9050', '1', '144', 'D', '2017-09-11 09:00:07', '2017-09-11 09:03:42', '1', '1', '1');
INSERT INTO `t_def_role_privilege_rela` VALUES ('9051', '1', '145', 'D', '2017-09-11 09:00:07', '2017-09-11 09:03:42', '1', '1', '1');
INSERT INTO `t_def_role_privilege_rela` VALUES ('9052', '1', '146', 'D', '2017-09-11 09:00:07', '2017-09-11 09:03:42', '1', '1', '1');
INSERT INTO `t_def_role_privilege_rela` VALUES ('9053', '1', '147', 'D', '2017-09-11 09:00:07', '2017-09-11 09:03:42', '1', '1', '1');
INSERT INTO `t_def_role_privilege_rela` VALUES ('9054', '1', '148', 'D', '2017-09-11 09:00:07', '2017-09-11 09:03:42', '1', '1', '1');
INSERT INTO `t_def_role_privilege_rela` VALUES ('9055', '1', '149', 'D', '2017-09-11 09:00:07', '2017-09-11 09:03:42', '1', '1', '1');
INSERT INTO `t_def_role_privilege_rela` VALUES ('9056', '1', '150', 'D', '2017-09-11 09:00:07', '2017-09-11 09:03:42', '1', '1', '1');
INSERT INTO `t_def_role_privilege_rela` VALUES ('9057', '1', '153', 'D', '2017-09-11 09:00:07', '2017-09-11 09:03:42', '1', '1', '1');
INSERT INTO `t_def_role_privilege_rela` VALUES ('9058', '1', '155', 'D', '2017-09-11 09:00:07', '2017-09-11 09:03:42', '1', '1', '1');
INSERT INTO `t_def_role_privilege_rela` VALUES ('9059', '1', '156', 'D', '2017-09-11 09:00:07', '2017-09-11 09:03:42', '1', '1', '1');
INSERT INTO `t_def_role_privilege_rela` VALUES ('9060', '1', '157', 'D', '2017-09-11 09:00:07', '2017-09-11 09:03:42', '1', '1', '1');
INSERT INTO `t_def_role_privilege_rela` VALUES ('9061', '1', '177', 'D', '2017-09-11 09:00:08', '2017-09-11 09:03:42', '1', '1', '1');
INSERT INTO `t_def_role_privilege_rela` VALUES ('9062', '1', '158', 'D', '2017-09-11 09:00:08', '2017-09-11 09:03:42', '1', '1', '1');
INSERT INTO `t_def_role_privilege_rela` VALUES ('9063', '1', '159', 'D', '2017-09-11 09:00:08', '2017-09-11 09:03:42', '1', '1', '1');
INSERT INTO `t_def_role_privilege_rela` VALUES ('9064', '1', '162', 'D', '2017-09-11 09:00:08', '2017-09-11 09:03:42', '1', '1', '1');
INSERT INTO `t_def_role_privilege_rela` VALUES ('9065', '1', '163', 'D', '2017-09-11 09:00:08', '2017-09-11 09:03:42', '1', '1', '1');
INSERT INTO `t_def_role_privilege_rela` VALUES ('9066', '1', '164', 'D', '2017-09-11 09:00:08', '2017-09-11 09:03:42', '1', '1', '1');
INSERT INTO `t_def_role_privilege_rela` VALUES ('9067', '1', '165', 'D', '2017-09-11 09:00:08', '2017-09-11 09:03:42', '1', '1', '1');
INSERT INTO `t_def_role_privilege_rela` VALUES ('9068', '1', '207', 'D', '2017-09-11 09:00:08', '2017-09-11 09:03:42', '1', '1', '1');
INSERT INTO `t_def_role_privilege_rela` VALUES ('9069', '1', '208', 'D', '2017-09-11 09:00:08', '2017-09-11 09:03:42', '1', '1', '1');
INSERT INTO `t_def_role_privilege_rela` VALUES ('9070', '1', '209', 'D', '2017-09-11 09:00:08', '2017-09-11 09:03:42', '1', '1', '1');
INSERT INTO `t_def_role_privilege_rela` VALUES ('9071', '1', '210', 'D', '2017-09-11 09:00:08', '2017-09-11 09:03:42', '1', '1', '1');
INSERT INTO `t_def_role_privilege_rela` VALUES ('9072', '1', '213', 'D', '2017-09-11 09:00:08', '2017-09-11 09:03:42', '1', '1', '1');
INSERT INTO `t_def_role_privilege_rela` VALUES ('9073', '1', '214', 'D', '2017-09-11 09:00:08', '2017-09-11 09:03:42', '1', '1', '1');
INSERT INTO `t_def_role_privilege_rela` VALUES ('9074', '1', '221', 'D', '2017-09-11 09:00:08', '2017-09-11 09:03:42', '1', '1', '1');
INSERT INTO `t_def_role_privilege_rela` VALUES ('9075', '1', '222', 'D', '2017-09-11 09:00:08', '2017-09-11 09:03:42', '1', '1', '1');
INSERT INTO `t_def_role_privilege_rela` VALUES ('9076', '1', '223', 'D', '2017-09-11 09:00:08', '2017-09-11 09:03:42', '1', '1', '1');
INSERT INTO `t_def_role_privilege_rela` VALUES ('9077', '1', '224', 'D', '2017-09-11 09:00:08', '2017-09-11 09:03:42', '1', '1', '1');
INSERT INTO `t_def_role_privilege_rela` VALUES ('9078', '1', '225', 'D', '2017-09-11 09:00:08', '2017-09-11 09:03:42', '1', '1', '1');
INSERT INTO `t_def_role_privilege_rela` VALUES ('9079', '1', '8', 'D', '2017-09-11 09:03:42', '2017-09-11 09:47:01', '1', '1', '1');
INSERT INTO `t_def_role_privilege_rela` VALUES ('9080', '1', '105', 'D', '2017-09-11 09:03:42', '2017-09-11 09:47:01', '1', '1', '1');
INSERT INTO `t_def_role_privilege_rela` VALUES ('9081', '1', '97', 'D', '2017-09-11 09:03:42', '2017-09-11 09:47:01', '1', '1', '1');
INSERT INTO `t_def_role_privilege_rela` VALUES ('9082', '1', '98', 'D', '2017-09-11 09:03:42', '2017-09-11 09:47:01', '1', '1', '1');
INSERT INTO `t_def_role_privilege_rela` VALUES ('9083', '1', '99', 'D', '2017-09-11 09:03:42', '2017-09-11 09:47:01', '1', '1', '1');
INSERT INTO `t_def_role_privilege_rela` VALUES ('9084', '1', '100', 'D', '2017-09-11 09:03:42', '2017-09-11 09:47:01', '1', '1', '1');
INSERT INTO `t_def_role_privilege_rela` VALUES ('9085', '1', '118', 'D', '2017-09-11 09:03:42', '2017-09-11 09:47:01', '1', '1', '1');
INSERT INTO `t_def_role_privilege_rela` VALUES ('9086', '1', '119', 'D', '2017-09-11 09:03:42', '2017-09-11 09:47:01', '1', '1', '1');
INSERT INTO `t_def_role_privilege_rela` VALUES ('9087', '1', '123', 'D', '2017-09-11 09:03:42', '2017-09-11 09:47:01', '1', '1', '1');
INSERT INTO `t_def_role_privilege_rela` VALUES ('9088', '1', '121', 'D', '2017-09-11 09:03:42', '2017-09-11 09:47:01', '1', '1', '1');
INSERT INTO `t_def_role_privilege_rela` VALUES ('9089', '1', '174', 'D', '2017-09-11 09:03:42', '2017-09-11 09:47:01', '1', '1', '1');
INSERT INTO `t_def_role_privilege_rela` VALUES ('9090', '1', '124', 'D', '2017-09-11 09:03:42', '2017-09-11 09:47:01', '1', '1', '1');
INSERT INTO `t_def_role_privilege_rela` VALUES ('9091', '1', '125', 'D', '2017-09-11 09:03:42', '2017-09-11 09:47:01', '1', '1', '1');
INSERT INTO `t_def_role_privilege_rela` VALUES ('9092', '1', '126', 'D', '2017-09-11 09:03:42', '2017-09-11 09:47:01', '1', '1', '1');
INSERT INTO `t_def_role_privilege_rela` VALUES ('9093', '1', '130', 'D', '2017-09-11 09:03:42', '2017-09-11 09:47:01', '1', '1', '1');
INSERT INTO `t_def_role_privilege_rela` VALUES ('9094', '1', '172', 'D', '2017-09-11 09:03:42', '2017-09-11 09:47:01', '1', '1', '1');
INSERT INTO `t_def_role_privilege_rela` VALUES ('9095', '1', '175', 'D', '2017-09-11 09:03:42', '2017-09-11 09:47:01', '1', '1', '1');
INSERT INTO `t_def_role_privilege_rela` VALUES ('9096', '1', '96', 'D', '2017-09-11 09:03:42', '2017-09-11 09:47:01', '1', '1', '1');
INSERT INTO `t_def_role_privilege_rela` VALUES ('9097', '1', '132', 'D', '2017-09-11 09:03:42', '2017-09-11 09:47:01', '1', '1', '1');
INSERT INTO `t_def_role_privilege_rela` VALUES ('9098', '1', '133', 'D', '2017-09-11 09:03:42', '2017-09-11 09:47:01', '1', '1', '1');
INSERT INTO `t_def_role_privilege_rela` VALUES ('9099', '1', '215', 'D', '2017-09-11 09:03:42', '2017-09-11 09:47:01', '1', '1', '1');
INSERT INTO `t_def_role_privilege_rela` VALUES ('9100', '1', '134', 'D', '2017-09-11 09:03:42', '2017-09-11 09:47:01', '1', '1', '1');
INSERT INTO `t_def_role_privilege_rela` VALUES ('9101', '1', '92', 'D', '2017-09-11 09:03:42', '2017-09-11 09:47:01', '1', '1', '1');
INSERT INTO `t_def_role_privilege_rela` VALUES ('9102', '1', '115', 'D', '2017-09-11 09:03:42', '2017-09-11 09:47:01', '1', '1', '1');
INSERT INTO `t_def_role_privilege_rela` VALUES ('9103', '1', '116', 'D', '2017-09-11 09:03:42', '2017-09-11 09:47:01', '1', '1', '1');
INSERT INTO `t_def_role_privilege_rela` VALUES ('9104', '1', '135', 'D', '2017-09-11 09:03:42', '2017-09-11 09:47:01', '1', '1', '1');
INSERT INTO `t_def_role_privilege_rela` VALUES ('9105', '1', '136', 'D', '2017-09-11 09:03:42', '2017-09-11 09:47:01', '1', '1', '1');
INSERT INTO `t_def_role_privilege_rela` VALUES ('9106', '1', '137', 'D', '2017-09-11 09:03:42', '2017-09-11 09:47:01', '1', '1', '1');
INSERT INTO `t_def_role_privilege_rela` VALUES ('9107', '1', '138', 'D', '2017-09-11 09:03:42', '2017-09-11 09:47:01', '1', '1', '1');
INSERT INTO `t_def_role_privilege_rela` VALUES ('9108', '1', '139', 'D', '2017-09-11 09:03:43', '2017-09-11 09:47:01', '1', '1', '1');
INSERT INTO `t_def_role_privilege_rela` VALUES ('9109', '1', '168', 'D', '2017-09-11 09:03:43', '2017-09-11 09:47:01', '1', '1', '1');
INSERT INTO `t_def_role_privilege_rela` VALUES ('9110', '1', '140', 'D', '2017-09-11 09:03:43', '2017-09-11 09:47:01', '1', '1', '1');
INSERT INTO `t_def_role_privilege_rela` VALUES ('9111', '1', '141', 'D', '2017-09-11 09:03:43', '2017-09-11 09:47:01', '1', '1', '1');
INSERT INTO `t_def_role_privilege_rela` VALUES ('9112', '1', '142', 'D', '2017-09-11 09:03:43', '2017-09-11 09:47:01', '1', '1', '1');
INSERT INTO `t_def_role_privilege_rela` VALUES ('9113', '1', '167', 'D', '2017-09-11 09:03:43', '2017-09-11 09:47:01', '1', '1', '1');
INSERT INTO `t_def_role_privilege_rela` VALUES ('9114', '1', '143', 'D', '2017-09-11 09:03:43', '2017-09-11 09:47:01', '1', '1', '1');
INSERT INTO `t_def_role_privilege_rela` VALUES ('9115', '1', '144', 'D', '2017-09-11 09:03:43', '2017-09-11 09:47:01', '1', '1', '1');
INSERT INTO `t_def_role_privilege_rela` VALUES ('9116', '1', '145', 'D', '2017-09-11 09:03:43', '2017-09-11 09:47:01', '1', '1', '1');
INSERT INTO `t_def_role_privilege_rela` VALUES ('9117', '1', '146', 'D', '2017-09-11 09:03:43', '2017-09-11 09:47:01', '1', '1', '1');
INSERT INTO `t_def_role_privilege_rela` VALUES ('9118', '1', '147', 'D', '2017-09-11 09:03:43', '2017-09-11 09:47:01', '1', '1', '1');
INSERT INTO `t_def_role_privilege_rela` VALUES ('9119', '1', '148', 'D', '2017-09-11 09:03:43', '2017-09-11 09:47:01', '1', '1', '1');
INSERT INTO `t_def_role_privilege_rela` VALUES ('9120', '1', '149', 'D', '2017-09-11 09:03:43', '2017-09-11 09:47:01', '1', '1', '1');
INSERT INTO `t_def_role_privilege_rela` VALUES ('9121', '1', '150', 'D', '2017-09-11 09:03:43', '2017-09-11 09:47:01', '1', '1', '1');
INSERT INTO `t_def_role_privilege_rela` VALUES ('9122', '1', '153', 'D', '2017-09-11 09:03:43', '2017-09-11 09:47:01', '1', '1', '1');
INSERT INTO `t_def_role_privilege_rela` VALUES ('9123', '1', '155', 'D', '2017-09-11 09:03:43', '2017-09-11 09:47:01', '1', '1', '1');
INSERT INTO `t_def_role_privilege_rela` VALUES ('9124', '1', '156', 'D', '2017-09-11 09:03:43', '2017-09-11 09:47:01', '1', '1', '1');
INSERT INTO `t_def_role_privilege_rela` VALUES ('9125', '1', '157', 'D', '2017-09-11 09:03:43', '2017-09-11 09:47:02', '1', '1', '1');
INSERT INTO `t_def_role_privilege_rela` VALUES ('9126', '1', '177', 'D', '2017-09-11 09:03:43', '2017-09-11 09:47:02', '1', '1', '1');
INSERT INTO `t_def_role_privilege_rela` VALUES ('9127', '1', '158', 'D', '2017-09-11 09:03:43', '2017-09-11 09:47:02', '1', '1', '1');
INSERT INTO `t_def_role_privilege_rela` VALUES ('9128', '1', '159', 'D', '2017-09-11 09:03:43', '2017-09-11 09:47:02', '1', '1', '1');
INSERT INTO `t_def_role_privilege_rela` VALUES ('9129', '1', '162', 'D', '2017-09-11 09:03:43', '2017-09-11 09:47:02', '1', '1', '1');
INSERT INTO `t_def_role_privilege_rela` VALUES ('9130', '1', '163', 'D', '2017-09-11 09:03:43', '2017-09-11 09:47:02', '1', '1', '1');
INSERT INTO `t_def_role_privilege_rela` VALUES ('9131', '1', '164', 'D', '2017-09-11 09:03:43', '2017-09-11 09:47:02', '1', '1', '1');
INSERT INTO `t_def_role_privilege_rela` VALUES ('9132', '1', '165', 'D', '2017-09-11 09:03:43', '2017-09-11 09:47:02', '1', '1', '1');
INSERT INTO `t_def_role_privilege_rela` VALUES ('9133', '1', '207', 'D', '2017-09-11 09:03:43', '2017-09-11 09:47:02', '1', '1', '1');
INSERT INTO `t_def_role_privilege_rela` VALUES ('9134', '1', '208', 'D', '2017-09-11 09:03:43', '2017-09-11 09:47:02', '1', '1', '1');
INSERT INTO `t_def_role_privilege_rela` VALUES ('9135', '1', '209', 'D', '2017-09-11 09:03:43', '2017-09-11 09:47:02', '1', '1', '1');
INSERT INTO `t_def_role_privilege_rela` VALUES ('9136', '1', '210', 'D', '2017-09-11 09:03:44', '2017-09-11 09:47:02', '1', '1', '1');
INSERT INTO `t_def_role_privilege_rela` VALUES ('9137', '1', '213', 'D', '2017-09-11 09:03:44', '2017-09-11 09:47:02', '1', '1', '1');
INSERT INTO `t_def_role_privilege_rela` VALUES ('9138', '1', '214', 'D', '2017-09-11 09:03:44', '2017-09-11 09:47:02', '1', '1', '1');
INSERT INTO `t_def_role_privilege_rela` VALUES ('9139', '1', '221', 'D', '2017-09-11 09:03:44', '2017-09-11 09:47:02', '1', '1', '1');
INSERT INTO `t_def_role_privilege_rela` VALUES ('9140', '1', '222', 'D', '2017-09-11 09:03:44', '2017-09-11 09:47:02', '1', '1', '1');
INSERT INTO `t_def_role_privilege_rela` VALUES ('9141', '1', '223', 'D', '2017-09-11 09:03:44', '2017-09-11 09:47:02', '1', '1', '1');
INSERT INTO `t_def_role_privilege_rela` VALUES ('9142', '1', '224', 'D', '2017-09-11 09:03:44', '2017-09-11 09:47:02', '1', '1', '1');
INSERT INTO `t_def_role_privilege_rela` VALUES ('9143', '1', '225', 'D', '2017-09-11 09:03:44', '2017-09-11 09:47:02', '1', '1', '1');
INSERT INTO `t_def_role_privilege_rela` VALUES ('9144', '1', '226', 'D', '2017-09-11 09:03:44', '2017-09-11 09:47:02', '1', '1', '1');
INSERT INTO `t_def_role_privilege_rela` VALUES ('9145', '1', '227', 'D', '2017-09-11 09:03:44', '2017-09-11 09:47:02', '1', '1', '1');
INSERT INTO `t_def_role_privilege_rela` VALUES ('9146', '1', '228', 'D', '2017-09-11 09:03:44', '2017-09-11 09:47:02', '1', '1', '1');
INSERT INTO `t_def_role_privilege_rela` VALUES ('9147', '1', '8', 'D', '2017-09-11 09:47:02', '2017-09-11 14:31:14', '1', '1', '1');
INSERT INTO `t_def_role_privilege_rela` VALUES ('9148', '1', '105', 'D', '2017-09-11 09:47:02', '2017-09-11 14:31:14', '1', '1', '1');
INSERT INTO `t_def_role_privilege_rela` VALUES ('9149', '1', '97', 'D', '2017-09-11 09:47:02', '2017-09-11 14:31:14', '1', '1', '1');
INSERT INTO `t_def_role_privilege_rela` VALUES ('9150', '1', '98', 'D', '2017-09-11 09:47:02', '2017-09-11 14:31:14', '1', '1', '1');
INSERT INTO `t_def_role_privilege_rela` VALUES ('9151', '1', '99', 'D', '2017-09-11 09:47:02', '2017-09-11 14:31:14', '1', '1', '1');
INSERT INTO `t_def_role_privilege_rela` VALUES ('9152', '1', '100', 'D', '2017-09-11 09:47:02', '2017-09-11 14:31:14', '1', '1', '1');
INSERT INTO `t_def_role_privilege_rela` VALUES ('9153', '1', '118', 'D', '2017-09-11 09:47:02', '2017-09-11 14:31:14', '1', '1', '1');
INSERT INTO `t_def_role_privilege_rela` VALUES ('9154', '1', '119', 'D', '2017-09-11 09:47:02', '2017-09-11 14:31:14', '1', '1', '1');
INSERT INTO `t_def_role_privilege_rela` VALUES ('9155', '1', '123', 'D', '2017-09-11 09:47:02', '2017-09-11 14:31:14', '1', '1', '1');
INSERT INTO `t_def_role_privilege_rela` VALUES ('9156', '1', '121', 'D', '2017-09-11 09:47:02', '2017-09-11 14:31:14', '1', '1', '1');
INSERT INTO `t_def_role_privilege_rela` VALUES ('9157', '1', '174', 'D', '2017-09-11 09:47:02', '2017-09-11 14:31:14', '1', '1', '1');
INSERT INTO `t_def_role_privilege_rela` VALUES ('9158', '1', '124', 'D', '2017-09-11 09:47:02', '2017-09-11 14:31:14', '1', '1', '1');
INSERT INTO `t_def_role_privilege_rela` VALUES ('9159', '1', '125', 'D', '2017-09-11 09:47:02', '2017-09-11 14:31:14', '1', '1', '1');
INSERT INTO `t_def_role_privilege_rela` VALUES ('9160', '1', '126', 'D', '2017-09-11 09:47:02', '2017-09-11 14:31:14', '1', '1', '1');
INSERT INTO `t_def_role_privilege_rela` VALUES ('9161', '1', '130', 'D', '2017-09-11 09:47:02', '2017-09-11 14:31:14', '1', '1', '1');
INSERT INTO `t_def_role_privilege_rela` VALUES ('9162', '1', '172', 'D', '2017-09-11 09:47:02', '2017-09-11 14:31:14', '1', '1', '1');
INSERT INTO `t_def_role_privilege_rela` VALUES ('9163', '1', '175', 'D', '2017-09-11 09:47:02', '2017-09-11 14:31:14', '1', '1', '1');
INSERT INTO `t_def_role_privilege_rela` VALUES ('9164', '1', '96', 'D', '2017-09-11 09:47:02', '2017-09-11 14:31:14', '1', '1', '1');
INSERT INTO `t_def_role_privilege_rela` VALUES ('9165', '1', '132', 'D', '2017-09-11 09:47:02', '2017-09-11 14:31:14', '1', '1', '1');
INSERT INTO `t_def_role_privilege_rela` VALUES ('9166', '1', '133', 'D', '2017-09-11 09:47:02', '2017-09-11 14:31:14', '1', '1', '1');
INSERT INTO `t_def_role_privilege_rela` VALUES ('9167', '1', '215', 'D', '2017-09-11 09:47:02', '2017-09-11 14:31:14', '1', '1', '1');
INSERT INTO `t_def_role_privilege_rela` VALUES ('9168', '1', '134', 'D', '2017-09-11 09:47:02', '2017-09-11 14:31:14', '1', '1', '1');
INSERT INTO `t_def_role_privilege_rela` VALUES ('9169', '1', '92', 'D', '2017-09-11 09:47:02', '2017-09-11 14:31:14', '1', '1', '1');
INSERT INTO `t_def_role_privilege_rela` VALUES ('9170', '1', '115', 'D', '2017-09-11 09:47:02', '2017-09-11 14:31:14', '1', '1', '1');
INSERT INTO `t_def_role_privilege_rela` VALUES ('9171', '1', '116', 'D', '2017-09-11 09:47:03', '2017-09-11 14:31:14', '1', '1', '1');
INSERT INTO `t_def_role_privilege_rela` VALUES ('9172', '1', '135', 'D', '2017-09-11 09:47:03', '2017-09-11 14:31:14', '1', '1', '1');
INSERT INTO `t_def_role_privilege_rela` VALUES ('9173', '1', '136', 'D', '2017-09-11 09:47:03', '2017-09-11 14:31:14', '1', '1', '1');
INSERT INTO `t_def_role_privilege_rela` VALUES ('9174', '1', '137', 'D', '2017-09-11 09:47:03', '2017-09-11 14:31:14', '1', '1', '1');
INSERT INTO `t_def_role_privilege_rela` VALUES ('9175', '1', '138', 'D', '2017-09-11 09:47:03', '2017-09-11 14:31:14', '1', '1', '1');
INSERT INTO `t_def_role_privilege_rela` VALUES ('9176', '1', '139', 'D', '2017-09-11 09:47:03', '2017-09-11 14:31:14', '1', '1', '1');
INSERT INTO `t_def_role_privilege_rela` VALUES ('9177', '1', '168', 'D', '2017-09-11 09:47:03', '2017-09-11 14:31:14', '1', '1', '1');
INSERT INTO `t_def_role_privilege_rela` VALUES ('9178', '1', '140', 'D', '2017-09-11 09:47:03', '2017-09-11 14:31:14', '1', '1', '1');
INSERT INTO `t_def_role_privilege_rela` VALUES ('9179', '1', '141', 'D', '2017-09-11 09:47:03', '2017-09-11 14:31:14', '1', '1', '1');
INSERT INTO `t_def_role_privilege_rela` VALUES ('9180', '1', '142', 'D', '2017-09-11 09:47:03', '2017-09-11 14:31:14', '1', '1', '1');
INSERT INTO `t_def_role_privilege_rela` VALUES ('9181', '1', '167', 'D', '2017-09-11 09:47:03', '2017-09-11 14:31:14', '1', '1', '1');
INSERT INTO `t_def_role_privilege_rela` VALUES ('9182', '1', '143', 'D', '2017-09-11 09:47:03', '2017-09-11 14:31:14', '1', '1', '1');
INSERT INTO `t_def_role_privilege_rela` VALUES ('9183', '1', '144', 'D', '2017-09-11 09:47:03', '2017-09-11 14:31:14', '1', '1', '1');
INSERT INTO `t_def_role_privilege_rela` VALUES ('9184', '1', '145', 'D', '2017-09-11 09:47:03', '2017-09-11 14:31:14', '1', '1', '1');
INSERT INTO `t_def_role_privilege_rela` VALUES ('9185', '1', '146', 'D', '2017-09-11 09:47:03', '2017-09-11 14:31:14', '1', '1', '1');
INSERT INTO `t_def_role_privilege_rela` VALUES ('9186', '1', '147', 'D', '2017-09-11 09:47:03', '2017-09-11 14:31:14', '1', '1', '1');
INSERT INTO `t_def_role_privilege_rela` VALUES ('9187', '1', '148', 'D', '2017-09-11 09:47:03', '2017-09-11 14:31:14', '1', '1', '1');
INSERT INTO `t_def_role_privilege_rela` VALUES ('9188', '1', '149', 'D', '2017-09-11 09:47:03', '2017-09-11 14:31:14', '1', '1', '1');
INSERT INTO `t_def_role_privilege_rela` VALUES ('9189', '1', '150', 'D', '2017-09-11 09:47:03', '2017-09-11 14:31:14', '1', '1', '1');
INSERT INTO `t_def_role_privilege_rela` VALUES ('9190', '1', '229', 'D', '2017-09-11 09:47:03', '2017-09-11 14:31:14', '1', '1', '1');
INSERT INTO `t_def_role_privilege_rela` VALUES ('9191', '1', '230', 'D', '2017-09-11 09:47:03', '2017-09-11 14:31:14', '1', '1', '1');
INSERT INTO `t_def_role_privilege_rela` VALUES ('9192', '1', '153', 'D', '2017-09-11 09:47:03', '2017-09-11 14:31:14', '1', '1', '1');
INSERT INTO `t_def_role_privilege_rela` VALUES ('9193', '1', '155', 'D', '2017-09-11 09:47:03', '2017-09-11 14:31:14', '1', '1', '1');
INSERT INTO `t_def_role_privilege_rela` VALUES ('9194', '1', '156', 'D', '2017-09-11 09:47:03', '2017-09-11 14:31:14', '1', '1', '1');
INSERT INTO `t_def_role_privilege_rela` VALUES ('9195', '1', '157', 'D', '2017-09-11 09:47:03', '2017-09-11 14:31:14', '1', '1', '1');
INSERT INTO `t_def_role_privilege_rela` VALUES ('9196', '1', '177', 'D', '2017-09-11 09:47:03', '2017-09-11 14:31:14', '1', '1', '1');
INSERT INTO `t_def_role_privilege_rela` VALUES ('9197', '1', '158', 'D', '2017-09-11 09:47:04', '2017-09-11 14:31:14', '1', '1', '1');
INSERT INTO `t_def_role_privilege_rela` VALUES ('9198', '1', '159', 'D', '2017-09-11 09:47:04', '2017-09-11 14:31:14', '1', '1', '1');
INSERT INTO `t_def_role_privilege_rela` VALUES ('9199', '1', '162', 'D', '2017-09-11 09:47:04', '2017-09-11 14:31:14', '1', '1', '1');
INSERT INTO `t_def_role_privilege_rela` VALUES ('9200', '1', '163', 'D', '2017-09-11 09:47:04', '2017-09-11 14:31:14', '1', '1', '1');
INSERT INTO `t_def_role_privilege_rela` VALUES ('9201', '1', '164', 'D', '2017-09-11 09:47:04', '2017-09-11 14:31:14', '1', '1', '1');
INSERT INTO `t_def_role_privilege_rela` VALUES ('9202', '1', '165', 'D', '2017-09-11 09:47:04', '2017-09-11 14:31:14', '1', '1', '1');
INSERT INTO `t_def_role_privilege_rela` VALUES ('9203', '1', '207', 'D', '2017-09-11 09:47:04', '2017-09-11 14:31:14', '1', '1', '1');
INSERT INTO `t_def_role_privilege_rela` VALUES ('9204', '1', '208', 'D', '2017-09-11 09:47:04', '2017-09-11 14:31:14', '1', '1', '1');
INSERT INTO `t_def_role_privilege_rela` VALUES ('9205', '1', '209', 'D', '2017-09-11 09:47:04', '2017-09-11 14:31:14', '1', '1', '1');
INSERT INTO `t_def_role_privilege_rela` VALUES ('9206', '1', '210', 'D', '2017-09-11 09:47:04', '2017-09-11 14:31:14', '1', '1', '1');
INSERT INTO `t_def_role_privilege_rela` VALUES ('9207', '1', '213', 'D', '2017-09-11 09:47:04', '2017-09-11 14:31:14', '1', '1', '1');
INSERT INTO `t_def_role_privilege_rela` VALUES ('9208', '1', '214', 'D', '2017-09-11 09:47:04', '2017-09-11 14:31:14', '1', '1', '1');
INSERT INTO `t_def_role_privilege_rela` VALUES ('9209', '1', '221', 'D', '2017-09-11 09:47:04', '2017-09-11 14:31:14', '1', '1', '1');
INSERT INTO `t_def_role_privilege_rela` VALUES ('9210', '1', '222', 'D', '2017-09-11 09:47:04', '2017-09-11 14:31:14', '1', '1', '1');
INSERT INTO `t_def_role_privilege_rela` VALUES ('9211', '1', '223', 'D', '2017-09-11 09:47:04', '2017-09-11 14:31:14', '1', '1', '1');
INSERT INTO `t_def_role_privilege_rela` VALUES ('9212', '1', '224', 'D', '2017-09-11 09:47:04', '2017-09-11 14:31:14', '1', '1', '1');
INSERT INTO `t_def_role_privilege_rela` VALUES ('9213', '1', '225', 'D', '2017-09-11 09:47:04', '2017-09-11 14:31:14', '1', '1', '1');
INSERT INTO `t_def_role_privilege_rela` VALUES ('9214', '1', '226', 'D', '2017-09-11 09:47:04', '2017-09-11 14:31:14', '1', '1', '1');
INSERT INTO `t_def_role_privilege_rela` VALUES ('9215', '1', '227', 'D', '2017-09-11 09:47:04', '2017-09-11 14:31:14', '1', '1', '1');
INSERT INTO `t_def_role_privilege_rela` VALUES ('9216', '1', '228', 'D', '2017-09-11 09:47:04', '2017-09-11 14:31:14', '1', '1', '1');
INSERT INTO `t_def_role_privilege_rela` VALUES ('9217', '1', '8', 'D', '2017-09-11 14:31:14', '2017-11-13 11:47:45', '1', '1', '1');
INSERT INTO `t_def_role_privilege_rela` VALUES ('9218', '1', '105', 'D', '2017-09-11 14:31:14', '2017-11-13 11:47:45', '1', '1', '1');
INSERT INTO `t_def_role_privilege_rela` VALUES ('9219', '1', '97', 'D', '2017-09-11 14:31:14', '2017-11-13 11:47:46', '1', '1', '1');
INSERT INTO `t_def_role_privilege_rela` VALUES ('9220', '1', '98', 'D', '2017-09-11 14:31:14', '2017-11-13 11:47:46', '1', '1', '1');
INSERT INTO `t_def_role_privilege_rela` VALUES ('9221', '1', '99', 'D', '2017-09-11 14:31:14', '2017-11-13 11:47:46', '1', '1', '1');
INSERT INTO `t_def_role_privilege_rela` VALUES ('9222', '1', '100', 'D', '2017-09-11 14:31:14', '2017-11-13 11:47:46', '1', '1', '1');
INSERT INTO `t_def_role_privilege_rela` VALUES ('9223', '1', '118', 'D', '2017-09-11 14:31:14', '2017-11-13 11:47:46', '1', '1', '1');
INSERT INTO `t_def_role_privilege_rela` VALUES ('9224', '1', '119', 'D', '2017-09-11 14:31:14', '2017-11-13 11:47:46', '1', '1', '1');
INSERT INTO `t_def_role_privilege_rela` VALUES ('9225', '1', '123', 'D', '2017-09-11 14:31:14', '2017-11-13 11:47:46', '1', '1', '1');
INSERT INTO `t_def_role_privilege_rela` VALUES ('9226', '1', '121', 'D', '2017-09-11 14:31:14', '2017-11-13 11:47:47', '1', '1', '1');
INSERT INTO `t_def_role_privilege_rela` VALUES ('9227', '1', '174', 'D', '2017-09-11 14:31:14', '2017-11-13 11:47:47', '1', '1', '1');
INSERT INTO `t_def_role_privilege_rela` VALUES ('9228', '1', '124', 'D', '2017-09-11 14:31:14', '2017-11-13 11:47:47', '1', '1', '1');
INSERT INTO `t_def_role_privilege_rela` VALUES ('9229', '1', '125', 'D', '2017-09-11 14:31:14', '2017-11-13 11:47:47', '1', '1', '1');
INSERT INTO `t_def_role_privilege_rela` VALUES ('9230', '1', '126', 'D', '2017-09-11 14:31:14', '2017-11-13 11:47:47', '1', '1', '1');
INSERT INTO `t_def_role_privilege_rela` VALUES ('9231', '1', '231', 'D', '2017-09-11 14:31:14', '2017-11-13 11:47:47', '1', '1', '1');
INSERT INTO `t_def_role_privilege_rela` VALUES ('9232', '1', '130', 'D', '2017-09-11 14:31:14', '2017-11-13 11:47:48', '1', '1', '1');
INSERT INTO `t_def_role_privilege_rela` VALUES ('9233', '1', '172', 'D', '2017-09-11 14:31:14', '2017-11-13 11:47:48', '1', '1', '1');
INSERT INTO `t_def_role_privilege_rela` VALUES ('9234', '1', '175', 'D', '2017-09-11 14:31:14', '2017-11-13 11:47:48', '1', '1', '1');
INSERT INTO `t_def_role_privilege_rela` VALUES ('9235', '1', '96', 'D', '2017-09-11 14:31:14', '2017-11-13 11:47:48', '1', '1', '1');
INSERT INTO `t_def_role_privilege_rela` VALUES ('9236', '1', '132', 'D', '2017-09-11 14:31:14', '2017-11-13 11:47:48', '1', '1', '1');
INSERT INTO `t_def_role_privilege_rela` VALUES ('9237', '1', '133', 'D', '2017-09-11 14:31:14', '2017-11-13 11:47:49', '1', '1', '1');
INSERT INTO `t_def_role_privilege_rela` VALUES ('9238', '1', '215', 'D', '2017-09-11 14:31:14', '2017-11-13 11:47:49', '1', '1', '1');
INSERT INTO `t_def_role_privilege_rela` VALUES ('9239', '1', '134', 'D', '2017-09-11 14:31:14', '2017-11-13 11:47:49', '1', '1', '1');
INSERT INTO `t_def_role_privilege_rela` VALUES ('9240', '1', '92', 'D', '2017-09-11 14:31:15', '2017-11-13 11:47:49', '1', '1', '1');
INSERT INTO `t_def_role_privilege_rela` VALUES ('9241', '1', '115', 'D', '2017-09-11 14:31:15', '2017-11-13 11:47:49', '1', '1', '1');
INSERT INTO `t_def_role_privilege_rela` VALUES ('9242', '1', '116', 'D', '2017-09-11 14:31:15', '2017-11-13 11:47:49', '1', '1', '1');
INSERT INTO `t_def_role_privilege_rela` VALUES ('9243', '1', '135', 'D', '2017-09-11 14:31:15', '2017-11-13 11:47:49', '1', '1', '1');
INSERT INTO `t_def_role_privilege_rela` VALUES ('9244', '1', '136', 'D', '2017-09-11 14:31:15', '2017-11-13 11:47:50', '1', '1', '1');
INSERT INTO `t_def_role_privilege_rela` VALUES ('9245', '1', '137', 'D', '2017-09-11 14:31:15', '2017-11-13 11:47:50', '1', '1', '1');
INSERT INTO `t_def_role_privilege_rela` VALUES ('9246', '1', '138', 'D', '2017-09-11 14:31:15', '2017-11-13 11:47:50', '1', '1', '1');
INSERT INTO `t_def_role_privilege_rela` VALUES ('9247', '1', '139', 'D', '2017-09-11 14:31:15', '2017-11-13 11:47:50', '1', '1', '1');
INSERT INTO `t_def_role_privilege_rela` VALUES ('9248', '1', '168', 'D', '2017-09-11 14:31:15', '2017-11-13 11:47:50', '1', '1', '1');
INSERT INTO `t_def_role_privilege_rela` VALUES ('9249', '1', '140', 'D', '2017-09-11 14:31:15', '2017-11-13 11:47:50', '1', '1', '1');
INSERT INTO `t_def_role_privilege_rela` VALUES ('9250', '1', '141', 'D', '2017-09-11 14:31:15', '2017-11-13 11:47:51', '1', '1', '1');
INSERT INTO `t_def_role_privilege_rela` VALUES ('9251', '1', '142', 'D', '2017-09-11 14:31:15', '2017-11-13 11:47:51', '1', '1', '1');
INSERT INTO `t_def_role_privilege_rela` VALUES ('9252', '1', '167', 'D', '2017-09-11 14:31:15', '2017-11-13 11:47:51', '1', '1', '1');
INSERT INTO `t_def_role_privilege_rela` VALUES ('9253', '1', '143', 'D', '2017-09-11 14:31:15', '2017-11-13 11:47:51', '1', '1', '1');
INSERT INTO `t_def_role_privilege_rela` VALUES ('9254', '1', '144', 'D', '2017-09-11 14:31:15', '2017-11-13 11:47:51', '1', '1', '1');
INSERT INTO `t_def_role_privilege_rela` VALUES ('9255', '1', '145', 'D', '2017-09-11 14:31:15', '2017-11-13 11:47:51', '1', '1', '1');
INSERT INTO `t_def_role_privilege_rela` VALUES ('9256', '1', '146', 'D', '2017-09-11 14:31:15', '2017-11-13 11:47:52', '1', '1', '1');
INSERT INTO `t_def_role_privilege_rela` VALUES ('9257', '1', '147', 'D', '2017-09-11 14:31:15', '2017-11-13 11:47:52', '1', '1', '1');
INSERT INTO `t_def_role_privilege_rela` VALUES ('9258', '1', '148', 'D', '2017-09-11 14:31:15', '2017-11-13 11:47:52', '1', '1', '1');
INSERT INTO `t_def_role_privilege_rela` VALUES ('9259', '1', '149', 'D', '2017-09-11 14:31:15', '2017-11-13 11:47:52', '1', '1', '1');
INSERT INTO `t_def_role_privilege_rela` VALUES ('9260', '1', '150', 'D', '2017-09-11 14:31:15', '2017-11-13 11:47:52', '1', '1', '1');
INSERT INTO `t_def_role_privilege_rela` VALUES ('9261', '1', '229', 'D', '2017-09-11 14:31:15', '2017-11-13 11:47:52', '1', '1', '1');
INSERT INTO `t_def_role_privilege_rela` VALUES ('9262', '1', '230', 'D', '2017-09-11 14:31:15', '2017-11-13 11:47:53', '1', '1', '1');
INSERT INTO `t_def_role_privilege_rela` VALUES ('9263', '1', '153', 'D', '2017-09-11 14:31:15', '2017-11-13 11:47:53', '1', '1', '1');
INSERT INTO `t_def_role_privilege_rela` VALUES ('9264', '1', '155', 'D', '2017-09-11 14:31:15', '2017-11-13 11:47:53', '1', '1', '1');
INSERT INTO `t_def_role_privilege_rela` VALUES ('9265', '1', '156', 'D', '2017-09-11 14:31:15', '2017-11-13 11:47:53', '1', '1', '1');
INSERT INTO `t_def_role_privilege_rela` VALUES ('9266', '1', '157', 'D', '2017-09-11 14:31:15', '2017-11-13 11:47:53', '1', '1', '1');
INSERT INTO `t_def_role_privilege_rela` VALUES ('9267', '1', '177', 'D', '2017-09-11 14:31:15', '2017-11-13 11:47:54', '1', '1', '1');
INSERT INTO `t_def_role_privilege_rela` VALUES ('9268', '1', '158', 'D', '2017-09-11 14:31:15', '2017-11-13 11:47:54', '1', '1', '1');
INSERT INTO `t_def_role_privilege_rela` VALUES ('9269', '1', '159', 'D', '2017-09-11 14:31:15', '2017-11-13 11:47:54', '1', '1', '1');
INSERT INTO `t_def_role_privilege_rela` VALUES ('9270', '1', '162', 'D', '2017-09-11 14:31:15', '2017-11-13 11:47:54', '1', '1', '1');
INSERT INTO `t_def_role_privilege_rela` VALUES ('9271', '1', '163', 'D', '2017-09-11 14:31:15', '2017-11-13 11:47:54', '1', '1', '1');
INSERT INTO `t_def_role_privilege_rela` VALUES ('9272', '1', '164', 'D', '2017-09-11 14:31:15', '2017-11-13 11:47:55', '1', '1', '1');
INSERT INTO `t_def_role_privilege_rela` VALUES ('9273', '1', '165', 'D', '2017-09-11 14:31:15', '2017-11-13 11:47:55', '1', '1', '1');
INSERT INTO `t_def_role_privilege_rela` VALUES ('9274', '1', '207', 'D', '2017-09-11 14:31:15', '2017-11-13 11:47:55', '1', '1', '1');
INSERT INTO `t_def_role_privilege_rela` VALUES ('9275', '1', '208', 'D', '2017-09-11 14:31:15', '2017-11-13 11:47:55', '1', '1', '1');
INSERT INTO `t_def_role_privilege_rela` VALUES ('9276', '1', '209', 'D', '2017-09-11 14:31:15', '2017-11-13 11:47:55', '1', '1', '1');
INSERT INTO `t_def_role_privilege_rela` VALUES ('9277', '1', '210', 'D', '2017-09-11 14:31:15', '2017-11-13 11:47:55', '1', '1', '1');
INSERT INTO `t_def_role_privilege_rela` VALUES ('9278', '1', '213', 'D', '2017-09-11 14:31:15', '2017-11-13 11:47:56', '1', '1', '1');
INSERT INTO `t_def_role_privilege_rela` VALUES ('9279', '1', '214', 'D', '2017-09-11 14:31:15', '2017-11-13 11:47:56', '1', '1', '1');
INSERT INTO `t_def_role_privilege_rela` VALUES ('9280', '1', '221', 'D', '2017-09-11 14:31:15', '2017-11-13 11:47:56', '1', '1', '1');
INSERT INTO `t_def_role_privilege_rela` VALUES ('9281', '1', '222', 'D', '2017-09-11 14:31:15', '2017-11-13 11:47:56', '1', '1', '1');
INSERT INTO `t_def_role_privilege_rela` VALUES ('9282', '1', '223', 'D', '2017-09-11 14:31:15', '2017-11-13 11:47:56', '1', '1', '1');
INSERT INTO `t_def_role_privilege_rela` VALUES ('9283', '1', '224', 'D', '2017-09-11 14:31:15', '2017-11-13 11:47:56', '1', '1', '1');
INSERT INTO `t_def_role_privilege_rela` VALUES ('9284', '1', '225', 'D', '2017-09-11 14:31:15', '2017-11-13 11:47:57', '1', '1', '1');
INSERT INTO `t_def_role_privilege_rela` VALUES ('9285', '1', '226', 'D', '2017-09-11 14:31:15', '2017-11-13 11:47:57', '1', '1', '1');
INSERT INTO `t_def_role_privilege_rela` VALUES ('9286', '1', '227', 'D', '2017-09-11 14:31:15', '2017-11-13 11:47:57', '1', '1', '1');
INSERT INTO `t_def_role_privilege_rela` VALUES ('9287', '1', '228', 'D', '2017-09-11 14:31:15', '2017-11-13 11:47:57', '1', '1', '1');
INSERT INTO `t_def_role_privilege_rela` VALUES ('9288', '1', '8', 'D', '2017-11-13 11:47:59', '2017-11-13 11:51:32', '1', '1', '1');
INSERT INTO `t_def_role_privilege_rela` VALUES ('9289', '1', '105', 'D', '2017-11-13 11:48:00', '2017-11-13 11:51:32', '1', '1', '1');
INSERT INTO `t_def_role_privilege_rela` VALUES ('9290', '1', '97', 'D', '2017-11-13 11:48:00', '2017-11-13 11:51:32', '1', '1', '1');
INSERT INTO `t_def_role_privilege_rela` VALUES ('9291', '1', '98', 'D', '2017-11-13 11:48:00', '2017-11-13 11:51:32', '1', '1', '1');
INSERT INTO `t_def_role_privilege_rela` VALUES ('9292', '1', '99', 'D', '2017-11-13 11:48:01', '2017-11-13 11:51:33', '1', '1', '1');
INSERT INTO `t_def_role_privilege_rela` VALUES ('9293', '1', '100', 'D', '2017-11-13 11:48:01', '2017-11-13 11:51:33', '1', '1', '1');
INSERT INTO `t_def_role_privilege_rela` VALUES ('9294', '1', '118', 'D', '2017-11-13 11:48:02', '2017-11-13 11:51:33', '1', '1', '1');
INSERT INTO `t_def_role_privilege_rela` VALUES ('9295', '1', '119', 'D', '2017-11-13 11:48:02', '2017-11-13 11:51:33', '1', '1', '1');
INSERT INTO `t_def_role_privilege_rela` VALUES ('9296', '1', '123', 'D', '2017-11-13 11:48:02', '2017-11-13 11:51:33', '1', '1', '1');
INSERT INTO `t_def_role_privilege_rela` VALUES ('9297', '1', '121', 'D', '2017-11-13 11:48:03', '2017-11-13 11:51:33', '1', '1', '1');
INSERT INTO `t_def_role_privilege_rela` VALUES ('9298', '1', '174', 'D', '2017-11-13 11:48:03', '2017-11-13 11:51:33', '1', '1', '1');
INSERT INTO `t_def_role_privilege_rela` VALUES ('9299', '1', '124', 'D', '2017-11-13 11:48:03', '2017-11-13 11:51:33', '1', '1', '1');
INSERT INTO `t_def_role_privilege_rela` VALUES ('9300', '1', '125', 'D', '2017-11-13 11:48:04', '2017-11-13 11:51:34', '1', '1', '1');
INSERT INTO `t_def_role_privilege_rela` VALUES ('9301', '1', '126', 'D', '2017-11-13 11:48:04', '2017-11-13 11:51:34', '1', '1', '1');
INSERT INTO `t_def_role_privilege_rela` VALUES ('9302', '1', '231', 'D', '2017-11-13 11:48:05', '2017-11-13 11:51:34', '1', '1', '1');
INSERT INTO `t_def_role_privilege_rela` VALUES ('9303', '1', '130', 'D', '2017-11-13 11:48:05', '2017-11-13 11:51:34', '1', '1', '1');
INSERT INTO `t_def_role_privilege_rela` VALUES ('9304', '1', '172', 'D', '2017-11-13 11:48:05', '2017-11-13 11:51:34', '1', '1', '1');
INSERT INTO `t_def_role_privilege_rela` VALUES ('9305', '1', '175', 'D', '2017-11-13 11:48:06', '2017-11-13 11:51:34', '1', '1', '1');
INSERT INTO `t_def_role_privilege_rela` VALUES ('9306', '1', '96', 'D', '2017-11-13 11:48:06', '2017-11-13 11:51:34', '1', '1', '1');
INSERT INTO `t_def_role_privilege_rela` VALUES ('9307', '1', '132', 'D', '2017-11-13 11:48:07', '2017-11-13 11:51:34', '1', '1', '1');
INSERT INTO `t_def_role_privilege_rela` VALUES ('9308', '1', '133', 'D', '2017-11-13 11:48:07', '2017-11-13 11:51:35', '1', '1', '1');
INSERT INTO `t_def_role_privilege_rela` VALUES ('9309', '1', '215', 'D', '2017-11-13 11:48:07', '2017-11-13 11:51:35', '1', '1', '1');
INSERT INTO `t_def_role_privilege_rela` VALUES ('9310', '1', '134', 'D', '2017-11-13 11:48:08', '2017-11-13 11:51:35', '1', '1', '1');
INSERT INTO `t_def_role_privilege_rela` VALUES ('9311', '1', '92', 'D', '2017-11-13 11:48:08', '2017-11-13 11:51:35', '1', '1', '1');
INSERT INTO `t_def_role_privilege_rela` VALUES ('9312', '1', '115', 'D', '2017-11-13 11:48:08', '2017-11-13 11:51:35', '1', '1', '1');
INSERT INTO `t_def_role_privilege_rela` VALUES ('9313', '1', '116', 'D', '2017-11-13 11:48:09', '2017-11-13 11:51:35', '1', '1', '1');
INSERT INTO `t_def_role_privilege_rela` VALUES ('9314', '1', '135', 'D', '2017-11-13 11:48:09', '2017-11-13 11:51:35', '1', '1', '1');
INSERT INTO `t_def_role_privilege_rela` VALUES ('9315', '1', '136', 'D', '2017-11-13 11:48:10', '2017-11-13 11:51:36', '1', '1', '1');
INSERT INTO `t_def_role_privilege_rela` VALUES ('9316', '1', '137', 'D', '2017-11-13 11:48:10', '2017-11-13 11:51:36', '1', '1', '1');
INSERT INTO `t_def_role_privilege_rela` VALUES ('9317', '1', '138', 'D', '2017-11-13 11:48:10', '2017-11-13 11:51:36', '1', '1', '1');
INSERT INTO `t_def_role_privilege_rela` VALUES ('9318', '1', '147', 'D', '2017-11-13 11:48:11', '2017-11-13 11:51:36', '1', '1', '1');
INSERT INTO `t_def_role_privilege_rela` VALUES ('9319', '1', '148', 'D', '2017-11-13 11:48:11', '2017-11-13 11:51:36', '1', '1', '1');
INSERT INTO `t_def_role_privilege_rela` VALUES ('9320', '1', '149', 'D', '2017-11-13 11:48:12', '2017-11-13 11:51:36', '1', '1', '1');
INSERT INTO `t_def_role_privilege_rela` VALUES ('9321', '1', '150', 'D', '2017-11-13 11:48:12', '2017-11-13 11:51:36', '1', '1', '1');
INSERT INTO `t_def_role_privilege_rela` VALUES ('9322', '1', '229', 'D', '2017-11-13 11:48:13', '2017-11-13 11:51:36', '1', '1', '1');
INSERT INTO `t_def_role_privilege_rela` VALUES ('9323', '1', '230', 'D', '2017-11-13 11:48:13', '2017-11-13 11:51:37', '1', '1', '1');
INSERT INTO `t_def_role_privilege_rela` VALUES ('9324', '1', '157', 'D', '2017-11-13 11:48:13', '2017-11-13 11:51:37', '1', '1', '1');
INSERT INTO `t_def_role_privilege_rela` VALUES ('9325', '1', '177', 'D', '2017-11-13 11:48:14', '2017-11-13 11:51:37', '1', '1', '1');
INSERT INTO `t_def_role_privilege_rela` VALUES ('9326', '1', '158', 'D', '2017-11-13 11:48:14', '2017-11-13 11:51:37', '1', '1', '1');
INSERT INTO `t_def_role_privilege_rela` VALUES ('9327', '1', '159', 'D', '2017-11-13 11:48:15', '2017-11-13 11:51:37', '1', '1', '1');
INSERT INTO `t_def_role_privilege_rela` VALUES ('9328', '1', '162', 'D', '2017-11-13 11:48:15', '2017-11-13 11:51:37', '1', '1', '1');
INSERT INTO `t_def_role_privilege_rela` VALUES ('9329', '1', '163', 'D', '2017-11-13 11:48:15', '2017-11-13 11:51:37', '1', '1', '1');
INSERT INTO `t_def_role_privilege_rela` VALUES ('9330', '1', '164', 'D', '2017-11-13 11:48:16', '2017-11-13 11:51:37', '1', '1', '1');
INSERT INTO `t_def_role_privilege_rela` VALUES ('9331', '1', '165', 'D', '2017-11-13 11:48:16', '2017-11-13 11:51:38', '1', '1', '1');
INSERT INTO `t_def_role_privilege_rela` VALUES ('9332', '1', '207', 'D', '2017-11-13 11:48:17', '2017-11-13 11:51:38', '1', '1', '1');
INSERT INTO `t_def_role_privilege_rela` VALUES ('9333', '1', '208', 'D', '2017-11-13 11:48:17', '2017-11-13 11:51:38', '1', '1', '1');
INSERT INTO `t_def_role_privilege_rela` VALUES ('9334', '1', '209', 'D', '2017-11-13 11:48:17', '2017-11-13 11:51:38', '1', '1', '1');
INSERT INTO `t_def_role_privilege_rela` VALUES ('9335', '1', '210', 'D', '2017-11-13 11:48:18', '2017-11-13 11:51:38', '1', '1', '1');
INSERT INTO `t_def_role_privilege_rela` VALUES ('9336', '1', '213', 'D', '2017-11-13 11:48:18', '2017-11-13 11:51:38', '1', '1', '1');
INSERT INTO `t_def_role_privilege_rela` VALUES ('9337', '1', '221', 'D', '2017-11-13 11:48:18', '2017-11-13 11:51:39', '1', '1', '1');
INSERT INTO `t_def_role_privilege_rela` VALUES ('9338', '1', '222', 'D', '2017-11-13 11:48:19', '2017-11-13 11:51:39', '1', '1', '1');
INSERT INTO `t_def_role_privilege_rela` VALUES ('9339', '1', '223', 'D', '2017-11-13 11:48:19', '2017-11-13 11:51:39', '1', '1', '1');
INSERT INTO `t_def_role_privilege_rela` VALUES ('9340', '1', '224', 'D', '2017-11-13 11:48:20', '2017-11-13 11:51:39', '1', '1', '1');
INSERT INTO `t_def_role_privilege_rela` VALUES ('9341', '1', '225', 'D', '2017-11-13 11:48:20', '2017-11-13 11:51:39', '1', '1', '1');
INSERT INTO `t_def_role_privilege_rela` VALUES ('9342', '1', '8', 'D', '2017-11-13 11:51:41', '2018-01-30 19:04:58', '1', '1', '1');
INSERT INTO `t_def_role_privilege_rela` VALUES ('9343', '1', '105', 'D', '2017-11-13 11:51:42', '2018-01-30 19:04:58', '1', '1', '1');
INSERT INTO `t_def_role_privilege_rela` VALUES ('9344', '1', '97', 'D', '2017-11-13 11:51:42', '2018-01-30 19:04:58', '1', '1', '1');
INSERT INTO `t_def_role_privilege_rela` VALUES ('9345', '1', '98', 'D', '2017-11-13 11:51:43', '2018-01-30 19:04:58', '1', '1', '1');
INSERT INTO `t_def_role_privilege_rela` VALUES ('9346', '1', '99', 'D', '2017-11-13 11:51:43', '2018-01-30 19:04:58', '1', '1', '1');
INSERT INTO `t_def_role_privilege_rela` VALUES ('9347', '1', '100', 'D', '2017-11-13 11:51:44', '2018-01-30 19:04:58', '1', '1', '1');
INSERT INTO `t_def_role_privilege_rela` VALUES ('9348', '1', '118', 'D', '2017-11-13 11:51:44', '2018-01-30 19:04:58', '1', '1', '1');
INSERT INTO `t_def_role_privilege_rela` VALUES ('9349', '1', '119', 'D', '2017-11-13 11:51:45', '2018-01-30 19:04:58', '1', '1', '1');
INSERT INTO `t_def_role_privilege_rela` VALUES ('9350', '1', '123', 'D', '2017-11-13 11:51:45', '2018-01-30 19:04:58', '1', '1', '1');
INSERT INTO `t_def_role_privilege_rela` VALUES ('9351', '1', '121', 'D', '2017-11-13 11:51:46', '2018-01-30 19:04:58', '1', '1', '1');
INSERT INTO `t_def_role_privilege_rela` VALUES ('9352', '1', '174', 'D', '2017-11-13 11:51:46', '2018-01-30 19:04:58', '1', '1', '1');
INSERT INTO `t_def_role_privilege_rela` VALUES ('9353', '1', '124', 'D', '2017-11-13 11:51:47', '2018-01-30 19:04:58', '1', '1', '1');
INSERT INTO `t_def_role_privilege_rela` VALUES ('9354', '1', '125', 'D', '2017-11-13 11:51:47', '2018-01-30 19:04:58', '1', '1', '1');
INSERT INTO `t_def_role_privilege_rela` VALUES ('9355', '1', '126', 'D', '2017-11-13 11:51:47', '2018-01-30 19:04:58', '1', '1', '1');
INSERT INTO `t_def_role_privilege_rela` VALUES ('9356', '1', '231', 'D', '2017-11-13 11:51:48', '2018-01-30 19:04:58', '1', '1', '1');
INSERT INTO `t_def_role_privilege_rela` VALUES ('9357', '1', '130', 'D', '2017-11-13 11:51:48', '2018-01-30 19:04:58', '1', '1', '1');
INSERT INTO `t_def_role_privilege_rela` VALUES ('9358', '1', '172', 'D', '2017-11-13 11:51:49', '2018-01-30 19:04:58', '1', '1', '1');
INSERT INTO `t_def_role_privilege_rela` VALUES ('9359', '1', '175', 'D', '2017-11-13 11:51:49', '2018-01-30 19:04:58', '1', '1', '1');
INSERT INTO `t_def_role_privilege_rela` VALUES ('9360', '1', '96', 'D', '2017-11-13 11:51:49', '2018-01-30 19:04:58', '1', '1', '1');
INSERT INTO `t_def_role_privilege_rela` VALUES ('9361', '1', '132', 'D', '2017-11-13 11:51:50', '2018-01-30 19:04:58', '1', '1', '1');
INSERT INTO `t_def_role_privilege_rela` VALUES ('9362', '1', '133', 'D', '2017-11-13 11:51:50', '2018-01-30 19:04:58', '1', '1', '1');
INSERT INTO `t_def_role_privilege_rela` VALUES ('9363', '1', '215', 'D', '2017-11-13 11:51:50', '2018-01-30 19:04:58', '1', '1', '1');
INSERT INTO `t_def_role_privilege_rela` VALUES ('9364', '1', '134', 'D', '2017-11-13 11:51:51', '2018-01-30 19:04:58', '1', '1', '1');
INSERT INTO `t_def_role_privilege_rela` VALUES ('9365', '1', '92', 'D', '2017-11-13 11:51:51', '2018-01-30 19:04:58', '1', '1', '1');
INSERT INTO `t_def_role_privilege_rela` VALUES ('9366', '1', '115', 'D', '2017-11-13 11:51:51', '2018-01-30 19:04:58', '1', '1', '1');
INSERT INTO `t_def_role_privilege_rela` VALUES ('9367', '1', '116', 'D', '2017-11-13 11:51:52', '2018-01-30 19:04:58', '1', '1', '1');
INSERT INTO `t_def_role_privilege_rela` VALUES ('9368', '1', '135', 'D', '2017-11-13 11:51:52', '2018-01-30 19:04:58', '1', '1', '1');
INSERT INTO `t_def_role_privilege_rela` VALUES ('9369', '1', '136', 'D', '2017-11-13 11:51:52', '2018-01-30 19:04:58', '1', '1', '1');
INSERT INTO `t_def_role_privilege_rela` VALUES ('9370', '1', '137', 'D', '2017-11-13 11:51:53', '2018-01-30 19:04:58', '1', '1', '1');
INSERT INTO `t_def_role_privilege_rela` VALUES ('9371', '1', '138', 'D', '2017-11-13 11:51:53', '2018-01-30 19:04:58', '1', '1', '1');
INSERT INTO `t_def_role_privilege_rela` VALUES ('9372', '1', '147', 'D', '2017-11-13 11:51:53', '2018-01-30 19:04:58', '1', '1', '1');
INSERT INTO `t_def_role_privilege_rela` VALUES ('9373', '1', '148', 'D', '2017-11-13 11:51:54', '2018-01-30 19:04:58', '1', '1', '1');
INSERT INTO `t_def_role_privilege_rela` VALUES ('9374', '1', '149', 'D', '2017-11-13 11:51:54', '2018-01-30 19:04:58', '1', '1', '1');
INSERT INTO `t_def_role_privilege_rela` VALUES ('9375', '1', '150', 'D', '2017-11-13 11:51:54', '2018-01-30 19:04:58', '1', '1', '1');
INSERT INTO `t_def_role_privilege_rela` VALUES ('9376', '1', '229', 'D', '2017-11-13 11:51:55', '2018-01-30 19:04:58', '1', '1', '1');
INSERT INTO `t_def_role_privilege_rela` VALUES ('9377', '1', '230', 'D', '2017-11-13 11:51:55', '2018-01-30 19:04:58', '1', '1', '1');
INSERT INTO `t_def_role_privilege_rela` VALUES ('9378', '1', '157', 'D', '2017-11-13 11:51:55', '2018-01-30 19:04:58', '1', '1', '1');
INSERT INTO `t_def_role_privilege_rela` VALUES ('9379', '1', '177', 'D', '2017-11-13 11:51:56', '2018-01-30 19:04:58', '1', '1', '1');
INSERT INTO `t_def_role_privilege_rela` VALUES ('9380', '1', '158', 'D', '2017-11-13 11:51:56', '2018-01-30 19:04:58', '1', '1', '1');
INSERT INTO `t_def_role_privilege_rela` VALUES ('9381', '1', '159', 'D', '2017-11-13 11:51:56', '2018-01-30 19:04:58', '1', '1', '1');
INSERT INTO `t_def_role_privilege_rela` VALUES ('9382', '1', '162', 'D', '2017-11-13 11:51:57', '2018-01-30 19:04:58', '1', '1', '1');
INSERT INTO `t_def_role_privilege_rela` VALUES ('9383', '1', '163', 'D', '2017-11-13 11:51:57', '2018-01-30 19:04:58', '1', '1', '1');
INSERT INTO `t_def_role_privilege_rela` VALUES ('9384', '1', '164', 'D', '2017-11-13 11:51:58', '2018-01-30 19:04:58', '1', '1', '1');
INSERT INTO `t_def_role_privilege_rela` VALUES ('9385', '1', '165', 'D', '2017-11-13 11:51:58', '2018-01-30 19:04:58', '1', '1', '1');
INSERT INTO `t_def_role_privilege_rela` VALUES ('9386', '1', '232', 'D', '2017-11-13 11:51:58', '2018-01-30 19:04:58', '1', '1', '1');
INSERT INTO `t_def_role_privilege_rela` VALUES ('9387', '1', '233', 'D', '2017-11-13 11:51:59', '2018-01-30 19:04:58', '1', '1', '1');
INSERT INTO `t_def_role_privilege_rela` VALUES ('9388', '1', '234', 'D', '2017-11-13 11:52:00', '2018-01-30 19:04:58', '1', '1', '1');
INSERT INTO `t_def_role_privilege_rela` VALUES ('9389', '1', '235', 'D', '2017-11-13 11:52:00', '2018-01-30 19:04:58', '1', '1', '1');
INSERT INTO `t_def_role_privilege_rela` VALUES ('9390', '1', '236', 'D', '2017-11-13 11:52:00', '2018-01-30 19:04:58', '1', '1', '1');
INSERT INTO `t_def_role_privilege_rela` VALUES ('9391', '1', '207', 'D', '2017-11-13 11:52:01', '2018-01-30 19:04:58', '1', '1', '1');
INSERT INTO `t_def_role_privilege_rela` VALUES ('9392', '1', '208', 'D', '2017-11-13 11:52:01', '2018-01-30 19:04:58', '1', '1', '1');
INSERT INTO `t_def_role_privilege_rela` VALUES ('9393', '1', '209', 'D', '2017-11-13 11:52:01', '2018-01-30 19:04:58', '1', '1', '1');
INSERT INTO `t_def_role_privilege_rela` VALUES ('9394', '1', '210', 'D', '2017-11-13 11:52:02', '2018-01-30 19:04:58', '1', '1', '1');
INSERT INTO `t_def_role_privilege_rela` VALUES ('9395', '1', '213', 'D', '2017-11-13 11:52:02', '2018-01-30 19:04:58', '1', '1', '1');
INSERT INTO `t_def_role_privilege_rela` VALUES ('9396', '1', '221', 'D', '2017-11-13 11:52:02', '2018-01-30 19:04:58', '1', '1', '1');
INSERT INTO `t_def_role_privilege_rela` VALUES ('9397', '1', '222', 'D', '2017-11-13 11:52:03', '2018-01-30 19:04:58', '1', '1', '1');
INSERT INTO `t_def_role_privilege_rela` VALUES ('9398', '1', '223', 'D', '2017-11-13 11:52:03', '2018-01-30 19:04:58', '1', '1', '1');
INSERT INTO `t_def_role_privilege_rela` VALUES ('9399', '1', '224', 'D', '2017-11-13 11:52:03', '2018-01-30 19:04:58', '1', '1', '1');
INSERT INTO `t_def_role_privilege_rela` VALUES ('9400', '1', '225', 'D', '2017-11-13 11:52:04', '2018-01-30 19:04:58', '1', '1', '1');
INSERT INTO `t_def_role_privilege_rela` VALUES ('9401', '1', '8', 'D', '2018-01-30 19:04:58', '2018-01-30 19:11:31', '1', '1', '1');
INSERT INTO `t_def_role_privilege_rela` VALUES ('9402', '1', '105', 'D', '2018-01-30 19:04:58', '2018-01-30 19:11:31', '1', '1', '1');
INSERT INTO `t_def_role_privilege_rela` VALUES ('9403', '1', '97', 'D', '2018-01-30 19:04:58', '2018-01-30 19:11:31', '1', '1', '1');
INSERT INTO `t_def_role_privilege_rela` VALUES ('9404', '1', '98', 'D', '2018-01-30 19:04:58', '2018-01-30 19:11:31', '1', '1', '1');
INSERT INTO `t_def_role_privilege_rela` VALUES ('9405', '1', '99', 'D', '2018-01-30 19:04:58', '2018-01-30 19:11:31', '1', '1', '1');
INSERT INTO `t_def_role_privilege_rela` VALUES ('9406', '1', '100', 'D', '2018-01-30 19:04:58', '2018-01-30 19:11:31', '1', '1', '1');
INSERT INTO `t_def_role_privilege_rela` VALUES ('9407', '1', '118', 'D', '2018-01-30 19:04:58', '2018-01-30 19:11:31', '1', '1', '1');
INSERT INTO `t_def_role_privilege_rela` VALUES ('9408', '1', '119', 'D', '2018-01-30 19:04:58', '2018-01-30 19:11:31', '1', '1', '1');
INSERT INTO `t_def_role_privilege_rela` VALUES ('9409', '1', '123', 'D', '2018-01-30 19:04:58', '2018-01-30 19:11:31', '1', '1', '1');
INSERT INTO `t_def_role_privilege_rela` VALUES ('9410', '1', '121', 'D', '2018-01-30 19:04:58', '2018-01-30 19:11:31', '1', '1', '1');
INSERT INTO `t_def_role_privilege_rela` VALUES ('9411', '1', '174', 'D', '2018-01-30 19:04:58', '2018-01-30 19:11:31', '1', '1', '1');
INSERT INTO `t_def_role_privilege_rela` VALUES ('9412', '1', '124', 'D', '2018-01-30 19:04:58', '2018-01-30 19:11:31', '1', '1', '1');
INSERT INTO `t_def_role_privilege_rela` VALUES ('9413', '1', '125', 'D', '2018-01-30 19:04:58', '2018-01-30 19:11:31', '1', '1', '1');
INSERT INTO `t_def_role_privilege_rela` VALUES ('9414', '1', '126', 'D', '2018-01-30 19:04:58', '2018-01-30 19:11:31', '1', '1', '1');
INSERT INTO `t_def_role_privilege_rela` VALUES ('9415', '1', '231', 'D', '2018-01-30 19:04:58', '2018-01-30 19:11:31', '1', '1', '1');
INSERT INTO `t_def_role_privilege_rela` VALUES ('9416', '1', '130', 'D', '2018-01-30 19:04:58', '2018-01-30 19:11:31', '1', '1', '1');
INSERT INTO `t_def_role_privilege_rela` VALUES ('9417', '1', '172', 'D', '2018-01-30 19:04:58', '2018-01-30 19:11:31', '1', '1', '1');
INSERT INTO `t_def_role_privilege_rela` VALUES ('9418', '1', '175', 'D', '2018-01-30 19:04:58', '2018-01-30 19:11:31', '1', '1', '1');
INSERT INTO `t_def_role_privilege_rela` VALUES ('9419', '1', '96', 'D', '2018-01-30 19:04:58', '2018-01-30 19:11:31', '1', '1', '1');
INSERT INTO `t_def_role_privilege_rela` VALUES ('9420', '1', '132', 'D', '2018-01-30 19:04:58', '2018-01-30 19:11:31', '1', '1', '1');
INSERT INTO `t_def_role_privilege_rela` VALUES ('9421', '1', '133', 'D', '2018-01-30 19:04:58', '2018-01-30 19:11:31', '1', '1', '1');
INSERT INTO `t_def_role_privilege_rela` VALUES ('9422', '1', '215', 'D', '2018-01-30 19:04:58', '2018-01-30 19:11:31', '1', '1', '1');
INSERT INTO `t_def_role_privilege_rela` VALUES ('9423', '1', '134', 'D', '2018-01-30 19:04:58', '2018-01-30 19:11:31', '1', '1', '1');
INSERT INTO `t_def_role_privilege_rela` VALUES ('9424', '1', '92', 'D', '2018-01-30 19:04:58', '2018-01-30 19:11:31', '1', '1', '1');
INSERT INTO `t_def_role_privilege_rela` VALUES ('9425', '1', '115', 'D', '2018-01-30 19:04:58', '2018-01-30 19:11:31', '1', '1', '1');
INSERT INTO `t_def_role_privilege_rela` VALUES ('9426', '1', '116', 'D', '2018-01-30 19:04:58', '2018-01-30 19:11:31', '1', '1', '1');
INSERT INTO `t_def_role_privilege_rela` VALUES ('9427', '1', '135', 'D', '2018-01-30 19:04:58', '2018-01-30 19:11:31', '1', '1', '1');
INSERT INTO `t_def_role_privilege_rela` VALUES ('9428', '1', '136', 'D', '2018-01-30 19:04:58', '2018-01-30 19:11:31', '1', '1', '1');
INSERT INTO `t_def_role_privilege_rela` VALUES ('9429', '1', '137', 'D', '2018-01-30 19:04:58', '2018-01-30 19:11:31', '1', '1', '1');
INSERT INTO `t_def_role_privilege_rela` VALUES ('9430', '1', '138', 'D', '2018-01-30 19:04:58', '2018-01-30 19:11:31', '1', '1', '1');
INSERT INTO `t_def_role_privilege_rela` VALUES ('9431', '1', '147', 'D', '2018-01-30 19:04:58', '2018-01-30 19:11:31', '1', '1', '1');
INSERT INTO `t_def_role_privilege_rela` VALUES ('9432', '1', '148', 'D', '2018-01-30 19:04:58', '2018-01-30 19:11:31', '1', '1', '1');
INSERT INTO `t_def_role_privilege_rela` VALUES ('9433', '1', '149', 'D', '2018-01-30 19:04:58', '2018-01-30 19:11:31', '1', '1', '1');
INSERT INTO `t_def_role_privilege_rela` VALUES ('9434', '1', '150', 'D', '2018-01-30 19:04:58', '2018-01-30 19:11:31', '1', '1', '1');
INSERT INTO `t_def_role_privilege_rela` VALUES ('9435', '1', '229', 'D', '2018-01-30 19:04:58', '2018-01-30 19:11:31', '1', '1', '1');
INSERT INTO `t_def_role_privilege_rela` VALUES ('9436', '1', '230', 'D', '2018-01-30 19:04:58', '2018-01-30 19:11:31', '1', '1', '1');
INSERT INTO `t_def_role_privilege_rela` VALUES ('9437', '1', '157', 'D', '2018-01-30 19:04:58', '2018-01-30 19:11:31', '1', '1', '1');
INSERT INTO `t_def_role_privilege_rela` VALUES ('9438', '1', '177', 'D', '2018-01-30 19:04:58', '2018-01-30 19:11:31', '1', '1', '1');
INSERT INTO `t_def_role_privilege_rela` VALUES ('9439', '1', '158', 'D', '2018-01-30 19:04:58', '2018-01-30 19:11:31', '1', '1', '1');
INSERT INTO `t_def_role_privilege_rela` VALUES ('9440', '1', '159', 'D', '2018-01-30 19:04:58', '2018-01-30 19:11:31', '1', '1', '1');
INSERT INTO `t_def_role_privilege_rela` VALUES ('9441', '1', '162', 'D', '2018-01-30 19:04:58', '2018-01-30 19:11:31', '1', '1', '1');
INSERT INTO `t_def_role_privilege_rela` VALUES ('9442', '1', '163', 'D', '2018-01-30 19:04:58', '2018-01-30 19:11:31', '1', '1', '1');
INSERT INTO `t_def_role_privilege_rela` VALUES ('9443', '1', '164', 'D', '2018-01-30 19:04:58', '2018-01-30 19:11:31', '1', '1', '1');
INSERT INTO `t_def_role_privilege_rela` VALUES ('9444', '1', '165', 'D', '2018-01-30 19:04:58', '2018-01-30 19:11:31', '1', '1', '1');
INSERT INTO `t_def_role_privilege_rela` VALUES ('9445', '1', '232', 'D', '2018-01-30 19:04:58', '2018-01-30 19:11:31', '1', '1', '1');
INSERT INTO `t_def_role_privilege_rela` VALUES ('9446', '1', '233', 'D', '2018-01-30 19:04:58', '2018-01-30 19:11:31', '1', '1', '1');
INSERT INTO `t_def_role_privilege_rela` VALUES ('9447', '1', '234', 'D', '2018-01-30 19:04:58', '2018-01-30 19:11:31', '1', '1', '1');
INSERT INTO `t_def_role_privilege_rela` VALUES ('9448', '1', '235', 'D', '2018-01-30 19:04:58', '2018-01-30 19:11:31', '1', '1', '1');
INSERT INTO `t_def_role_privilege_rela` VALUES ('9449', '1', '236', 'D', '2018-01-30 19:04:58', '2018-01-30 19:11:31', '1', '1', '1');
INSERT INTO `t_def_role_privilege_rela` VALUES ('9450', '1', '209', 'D', '2018-01-30 19:04:58', '2018-01-30 19:11:31', '1', '1', '1');
INSERT INTO `t_def_role_privilege_rela` VALUES ('9451', '1', '210', 'D', '2018-01-30 19:04:58', '2018-01-30 19:11:31', '1', '1', '1');
INSERT INTO `t_def_role_privilege_rela` VALUES ('9452', '1', '213', 'D', '2018-01-30 19:04:58', '2018-01-30 19:11:31', '1', '1', '1');
INSERT INTO `t_def_role_privilege_rela` VALUES ('9453', '1', '221', 'D', '2018-01-30 19:04:58', '2018-01-30 19:11:31', '1', '1', '1');
INSERT INTO `t_def_role_privilege_rela` VALUES ('9454', '1', '222', 'D', '2018-01-30 19:04:58', '2018-01-30 19:11:31', '1', '1', '1');
INSERT INTO `t_def_role_privilege_rela` VALUES ('9455', '1', '223', 'D', '2018-01-30 19:04:58', '2018-01-30 19:11:31', '1', '1', '1');
INSERT INTO `t_def_role_privilege_rela` VALUES ('9456', '1', '224', 'D', '2018-01-30 19:04:58', '2018-01-30 19:11:31', '1', '1', '1');
INSERT INTO `t_def_role_privilege_rela` VALUES ('9457', '1', '225', 'D', '2018-01-30 19:04:58', '2018-01-30 19:11:31', '1', '1', '1');
INSERT INTO `t_def_role_privilege_rela` VALUES ('9458', '1', '8', 'D', '2018-01-30 19:11:31', '2018-01-30 19:43:15', '1', '1', '1');
INSERT INTO `t_def_role_privilege_rela` VALUES ('9459', '1', '105', 'D', '2018-01-30 19:11:31', '2018-01-30 19:43:15', '1', '1', '1');
INSERT INTO `t_def_role_privilege_rela` VALUES ('9460', '1', '97', 'D', '2018-01-30 19:11:31', '2018-01-30 19:43:15', '1', '1', '1');
INSERT INTO `t_def_role_privilege_rela` VALUES ('9461', '1', '98', 'D', '2018-01-30 19:11:31', '2018-01-30 19:43:15', '1', '1', '1');
INSERT INTO `t_def_role_privilege_rela` VALUES ('9462', '1', '99', 'D', '2018-01-30 19:11:31', '2018-01-30 19:43:15', '1', '1', '1');
INSERT INTO `t_def_role_privilege_rela` VALUES ('9463', '1', '100', 'D', '2018-01-30 19:11:31', '2018-01-30 19:43:15', '1', '1', '1');
INSERT INTO `t_def_role_privilege_rela` VALUES ('9464', '1', '118', 'D', '2018-01-30 19:11:31', '2018-01-30 19:43:15', '1', '1', '1');
INSERT INTO `t_def_role_privilege_rela` VALUES ('9465', '1', '119', 'D', '2018-01-30 19:11:31', '2018-01-30 19:43:15', '1', '1', '1');
INSERT INTO `t_def_role_privilege_rela` VALUES ('9466', '1', '123', 'D', '2018-01-30 19:11:31', '2018-01-30 19:43:15', '1', '1', '1');
INSERT INTO `t_def_role_privilege_rela` VALUES ('9467', '1', '121', 'D', '2018-01-30 19:11:31', '2018-01-30 19:43:15', '1', '1', '1');
INSERT INTO `t_def_role_privilege_rela` VALUES ('9468', '1', '174', 'D', '2018-01-30 19:11:31', '2018-01-30 19:43:15', '1', '1', '1');
INSERT INTO `t_def_role_privilege_rela` VALUES ('9469', '1', '124', 'D', '2018-01-30 19:11:31', '2018-01-30 19:43:15', '1', '1', '1');
INSERT INTO `t_def_role_privilege_rela` VALUES ('9470', '1', '125', 'D', '2018-01-30 19:11:31', '2018-01-30 19:43:15', '1', '1', '1');
INSERT INTO `t_def_role_privilege_rela` VALUES ('9471', '1', '126', 'D', '2018-01-30 19:11:31', '2018-01-30 19:43:15', '1', '1', '1');
INSERT INTO `t_def_role_privilege_rela` VALUES ('9472', '1', '231', 'D', '2018-01-30 19:11:31', '2018-01-30 19:43:15', '1', '1', '1');
INSERT INTO `t_def_role_privilege_rela` VALUES ('9473', '1', '130', 'D', '2018-01-30 19:11:31', '2018-01-30 19:43:15', '1', '1', '1');
INSERT INTO `t_def_role_privilege_rela` VALUES ('9474', '1', '172', 'D', '2018-01-30 19:11:31', '2018-01-30 19:43:15', '1', '1', '1');
INSERT INTO `t_def_role_privilege_rela` VALUES ('9475', '1', '175', 'D', '2018-01-30 19:11:31', '2018-01-30 19:43:15', '1', '1', '1');
INSERT INTO `t_def_role_privilege_rela` VALUES ('9476', '1', '96', 'D', '2018-01-30 19:11:31', '2018-01-30 19:43:15', '1', '1', '1');
INSERT INTO `t_def_role_privilege_rela` VALUES ('9477', '1', '133', 'D', '2018-01-30 19:11:31', '2018-01-30 19:43:15', '1', '1', '1');
INSERT INTO `t_def_role_privilege_rela` VALUES ('9478', '1', '134', 'D', '2018-01-30 19:11:31', '2018-01-30 19:43:15', '1', '1', '1');
INSERT INTO `t_def_role_privilege_rela` VALUES ('9479', '1', '92', 'D', '2018-01-30 19:11:31', '2018-01-30 19:43:15', '1', '1', '1');
INSERT INTO `t_def_role_privilege_rela` VALUES ('9480', '1', '115', 'D', '2018-01-30 19:11:31', '2018-01-30 19:43:15', '1', '1', '1');
INSERT INTO `t_def_role_privilege_rela` VALUES ('9481', '1', '116', 'D', '2018-01-30 19:11:31', '2018-01-30 19:43:15', '1', '1', '1');
INSERT INTO `t_def_role_privilege_rela` VALUES ('9482', '1', '135', 'D', '2018-01-30 19:11:31', '2018-01-30 19:43:15', '1', '1', '1');
INSERT INTO `t_def_role_privilege_rela` VALUES ('9483', '1', '136', 'D', '2018-01-30 19:11:31', '2018-01-30 19:43:15', '1', '1', '1');
INSERT INTO `t_def_role_privilege_rela` VALUES ('9484', '1', '137', 'D', '2018-01-30 19:11:31', '2018-01-30 19:43:15', '1', '1', '1');
INSERT INTO `t_def_role_privilege_rela` VALUES ('9485', '1', '138', 'D', '2018-01-30 19:11:31', '2018-01-30 19:43:15', '1', '1', '1');
INSERT INTO `t_def_role_privilege_rela` VALUES ('9486', '1', '147', 'D', '2018-01-30 19:11:31', '2018-01-30 19:43:15', '1', '1', '1');
INSERT INTO `t_def_role_privilege_rela` VALUES ('9487', '1', '148', 'D', '2018-01-30 19:11:31', '2018-01-30 19:43:15', '1', '1', '1');
INSERT INTO `t_def_role_privilege_rela` VALUES ('9488', '1', '149', 'D', '2018-01-30 19:11:31', '2018-01-30 19:43:15', '1', '1', '1');
INSERT INTO `t_def_role_privilege_rela` VALUES ('9489', '1', '150', 'D', '2018-01-30 19:11:31', '2018-01-30 19:43:15', '1', '1', '1');
INSERT INTO `t_def_role_privilege_rela` VALUES ('9490', '1', '229', 'D', '2018-01-30 19:11:31', '2018-01-30 19:43:15', '1', '1', '1');
INSERT INTO `t_def_role_privilege_rela` VALUES ('9491', '1', '230', 'D', '2018-01-30 19:11:31', '2018-01-30 19:43:15', '1', '1', '1');
INSERT INTO `t_def_role_privilege_rela` VALUES ('9492', '1', '157', 'D', '2018-01-30 19:11:31', '2018-01-30 19:43:15', '1', '1', '1');
INSERT INTO `t_def_role_privilege_rela` VALUES ('9493', '1', '177', 'D', '2018-01-30 19:11:31', '2018-01-30 19:43:15', '1', '1', '1');
INSERT INTO `t_def_role_privilege_rela` VALUES ('9494', '1', '158', 'D', '2018-01-30 19:11:31', '2018-01-30 19:43:15', '1', '1', '1');
INSERT INTO `t_def_role_privilege_rela` VALUES ('9495', '1', '159', 'D', '2018-01-30 19:11:31', '2018-01-30 19:43:15', '1', '1', '1');
INSERT INTO `t_def_role_privilege_rela` VALUES ('9496', '1', '162', 'D', '2018-01-30 19:11:31', '2018-01-30 19:43:15', '1', '1', '1');
INSERT INTO `t_def_role_privilege_rela` VALUES ('9497', '1', '163', 'D', '2018-01-30 19:11:31', '2018-01-30 19:43:15', '1', '1', '1');
INSERT INTO `t_def_role_privilege_rela` VALUES ('9498', '1', '164', 'D', '2018-01-30 19:11:31', '2018-01-30 19:43:15', '1', '1', '1');
INSERT INTO `t_def_role_privilege_rela` VALUES ('9499', '1', '165', 'D', '2018-01-30 19:11:31', '2018-01-30 19:43:15', '1', '1', '1');
INSERT INTO `t_def_role_privilege_rela` VALUES ('9500', '1', '232', 'D', '2018-01-30 19:11:31', '2018-01-30 19:43:15', '1', '1', '1');
INSERT INTO `t_def_role_privilege_rela` VALUES ('9501', '1', '233', 'D', '2018-01-30 19:11:31', '2018-01-30 19:43:15', '1', '1', '1');
INSERT INTO `t_def_role_privilege_rela` VALUES ('9502', '1', '234', 'D', '2018-01-30 19:11:31', '2018-01-30 19:43:15', '1', '1', '1');
INSERT INTO `t_def_role_privilege_rela` VALUES ('9503', '1', '235', 'D', '2018-01-30 19:11:31', '2018-01-30 19:43:15', '1', '1', '1');
INSERT INTO `t_def_role_privilege_rela` VALUES ('9504', '1', '236', 'D', '2018-01-30 19:11:31', '2018-01-30 19:43:15', '1', '1', '1');
INSERT INTO `t_def_role_privilege_rela` VALUES ('9505', '1', '209', 'D', '2018-01-30 19:11:31', '2018-01-30 19:43:15', '1', '1', '1');
INSERT INTO `t_def_role_privilege_rela` VALUES ('9506', '1', '210', 'D', '2018-01-30 19:11:31', '2018-01-30 19:43:15', '1', '1', '1');
INSERT INTO `t_def_role_privilege_rela` VALUES ('9507', '1', '213', 'D', '2018-01-30 19:11:31', '2018-01-30 19:43:15', '1', '1', '1');
INSERT INTO `t_def_role_privilege_rela` VALUES ('9508', '1', '221', 'D', '2018-01-30 19:11:31', '2018-01-30 19:43:15', '1', '1', '1');
INSERT INTO `t_def_role_privilege_rela` VALUES ('9509', '1', '222', 'D', '2018-01-30 19:11:31', '2018-01-30 19:43:15', '1', '1', '1');
INSERT INTO `t_def_role_privilege_rela` VALUES ('9510', '1', '223', 'D', '2018-01-30 19:11:31', '2018-01-30 19:43:15', '1', '1', '1');
INSERT INTO `t_def_role_privilege_rela` VALUES ('9511', '1', '224', 'D', '2018-01-30 19:11:31', '2018-01-30 19:43:15', '1', '1', '1');
INSERT INTO `t_def_role_privilege_rela` VALUES ('9512', '1', '225', 'D', '2018-01-30 19:11:31', '2018-01-30 19:43:15', '1', '1', '1');
INSERT INTO `t_def_role_privilege_rela` VALUES ('9513', '1', '8', 'D', '2018-01-30 19:43:15', '2018-02-01 11:57:31', '1', '1', '1');
INSERT INTO `t_def_role_privilege_rela` VALUES ('9514', '1', '105', 'D', '2018-01-30 19:43:15', '2018-02-01 11:57:31', '1', '1', '1');
INSERT INTO `t_def_role_privilege_rela` VALUES ('9515', '1', '97', 'D', '2018-01-30 19:43:15', '2018-02-01 11:57:31', '1', '1', '1');
INSERT INTO `t_def_role_privilege_rela` VALUES ('9516', '1', '98', 'D', '2018-01-30 19:43:15', '2018-02-01 11:57:31', '1', '1', '1');
INSERT INTO `t_def_role_privilege_rela` VALUES ('9517', '1', '99', 'D', '2018-01-30 19:43:15', '2018-02-01 11:57:31', '1', '1', '1');
INSERT INTO `t_def_role_privilege_rela` VALUES ('9518', '1', '100', 'D', '2018-01-30 19:43:15', '2018-02-01 11:57:31', '1', '1', '1');
INSERT INTO `t_def_role_privilege_rela` VALUES ('9519', '1', '118', 'D', '2018-01-30 19:43:15', '2018-02-01 11:57:31', '1', '1', '1');
INSERT INTO `t_def_role_privilege_rela` VALUES ('9520', '1', '119', 'D', '2018-01-30 19:43:15', '2018-02-01 11:57:31', '1', '1', '1');
INSERT INTO `t_def_role_privilege_rela` VALUES ('9521', '1', '123', 'D', '2018-01-30 19:43:15', '2018-02-01 11:57:31', '1', '1', '1');
INSERT INTO `t_def_role_privilege_rela` VALUES ('9522', '1', '121', 'D', '2018-01-30 19:43:15', '2018-02-01 11:57:31', '1', '1', '1');
INSERT INTO `t_def_role_privilege_rela` VALUES ('9523', '1', '174', 'D', '2018-01-30 19:43:15', '2018-02-01 11:57:31', '1', '1', '1');
INSERT INTO `t_def_role_privilege_rela` VALUES ('9524', '1', '124', 'D', '2018-01-30 19:43:15', '2018-02-01 11:57:31', '1', '1', '1');
INSERT INTO `t_def_role_privilege_rela` VALUES ('9525', '1', '125', 'D', '2018-01-30 19:43:15', '2018-02-01 11:57:31', '1', '1', '1');
INSERT INTO `t_def_role_privilege_rela` VALUES ('9526', '1', '126', 'D', '2018-01-30 19:43:15', '2018-02-01 11:57:31', '1', '1', '1');
INSERT INTO `t_def_role_privilege_rela` VALUES ('9527', '1', '231', 'D', '2018-01-30 19:43:15', '2018-02-01 11:57:31', '1', '1', '1');
INSERT INTO `t_def_role_privilege_rela` VALUES ('9528', '1', '130', 'D', '2018-01-30 19:43:15', '2018-02-01 11:57:31', '1', '1', '1');
INSERT INTO `t_def_role_privilege_rela` VALUES ('9529', '1', '172', 'D', '2018-01-30 19:43:15', '2018-02-01 11:57:31', '1', '1', '1');
INSERT INTO `t_def_role_privilege_rela` VALUES ('9530', '1', '175', 'D', '2018-01-30 19:43:15', '2018-02-01 11:57:31', '1', '1', '1');
INSERT INTO `t_def_role_privilege_rela` VALUES ('9531', '1', '96', 'D', '2018-01-30 19:43:15', '2018-02-01 11:57:31', '1', '1', '1');
INSERT INTO `t_def_role_privilege_rela` VALUES ('9532', '1', '133', 'D', '2018-01-30 19:43:15', '2018-02-01 11:57:31', '1', '1', '1');
INSERT INTO `t_def_role_privilege_rela` VALUES ('9533', '1', '134', 'D', '2018-01-30 19:43:15', '2018-02-01 11:57:31', '1', '1', '1');
INSERT INTO `t_def_role_privilege_rela` VALUES ('9534', '1', '92', 'D', '2018-01-30 19:43:15', '2018-02-01 11:57:31', '1', '1', '1');
INSERT INTO `t_def_role_privilege_rela` VALUES ('9535', '1', '115', 'D', '2018-01-30 19:43:15', '2018-02-01 11:57:31', '1', '1', '1');
INSERT INTO `t_def_role_privilege_rela` VALUES ('9536', '1', '116', 'D', '2018-01-30 19:43:15', '2018-02-01 11:57:31', '1', '1', '1');
INSERT INTO `t_def_role_privilege_rela` VALUES ('9537', '1', '135', 'D', '2018-01-30 19:43:15', '2018-02-01 11:57:31', '1', '1', '1');
INSERT INTO `t_def_role_privilege_rela` VALUES ('9538', '1', '136', 'D', '2018-01-30 19:43:15', '2018-02-01 11:57:31', '1', '1', '1');
INSERT INTO `t_def_role_privilege_rela` VALUES ('9539', '1', '137', 'D', '2018-01-30 19:43:15', '2018-02-01 11:57:31', '1', '1', '1');
INSERT INTO `t_def_role_privilege_rela` VALUES ('9540', '1', '138', 'D', '2018-01-30 19:43:15', '2018-02-01 11:57:31', '1', '1', '1');
INSERT INTO `t_def_role_privilege_rela` VALUES ('9541', '1', '147', 'D', '2018-01-30 19:43:15', '2018-02-01 11:57:31', '1', '1', '1');
INSERT INTO `t_def_role_privilege_rela` VALUES ('9542', '1', '148', 'D', '2018-01-30 19:43:15', '2018-02-01 11:57:31', '1', '1', '1');
INSERT INTO `t_def_role_privilege_rela` VALUES ('9543', '1', '149', 'D', '2018-01-30 19:43:15', '2018-02-01 11:57:31', '1', '1', '1');
INSERT INTO `t_def_role_privilege_rela` VALUES ('9544', '1', '150', 'D', '2018-01-30 19:43:15', '2018-02-01 11:57:31', '1', '1', '1');
INSERT INTO `t_def_role_privilege_rela` VALUES ('9545', '1', '229', 'D', '2018-01-30 19:43:15', '2018-02-01 11:57:31', '1', '1', '1');
INSERT INTO `t_def_role_privilege_rela` VALUES ('9546', '1', '230', 'D', '2018-01-30 19:43:15', '2018-02-01 11:57:31', '1', '1', '1');
INSERT INTO `t_def_role_privilege_rela` VALUES ('9547', '1', '157', 'D', '2018-01-30 19:43:15', '2018-02-01 11:57:31', '1', '1', '1');
INSERT INTO `t_def_role_privilege_rela` VALUES ('9548', '1', '177', 'D', '2018-01-30 19:43:15', '2018-02-01 11:57:31', '1', '1', '1');
INSERT INTO `t_def_role_privilege_rela` VALUES ('9549', '1', '158', 'D', '2018-01-30 19:43:15', '2018-02-01 11:57:31', '1', '1', '1');
INSERT INTO `t_def_role_privilege_rela` VALUES ('9550', '1', '159', 'D', '2018-01-30 19:43:15', '2018-02-01 11:57:31', '1', '1', '1');
INSERT INTO `t_def_role_privilege_rela` VALUES ('9551', '1', '162', 'D', '2018-01-30 19:43:15', '2018-02-01 11:57:31', '1', '1', '1');
INSERT INTO `t_def_role_privilege_rela` VALUES ('9552', '1', '163', 'D', '2018-01-30 19:43:15', '2018-02-01 11:57:31', '1', '1', '1');
INSERT INTO `t_def_role_privilege_rela` VALUES ('9553', '1', '164', 'D', '2018-01-30 19:43:15', '2018-02-01 11:57:31', '1', '1', '1');
INSERT INTO `t_def_role_privilege_rela` VALUES ('9554', '1', '165', 'D', '2018-01-30 19:43:15', '2018-02-01 11:57:31', '1', '1', '1');
INSERT INTO `t_def_role_privilege_rela` VALUES ('9555', '1', '209', 'D', '2018-01-30 19:43:15', '2018-02-01 11:57:31', '1', '1', '1');
INSERT INTO `t_def_role_privilege_rela` VALUES ('9556', '1', '210', 'D', '2018-01-30 19:43:15', '2018-02-01 11:57:31', '1', '1', '1');
INSERT INTO `t_def_role_privilege_rela` VALUES ('9557', '1', '213', 'D', '2018-01-30 19:43:15', '2018-02-01 11:57:31', '1', '1', '1');
INSERT INTO `t_def_role_privilege_rela` VALUES ('9558', '1', '221', 'D', '2018-01-30 19:43:15', '2018-02-01 11:57:31', '1', '1', '1');
INSERT INTO `t_def_role_privilege_rela` VALUES ('9559', '1', '222', 'D', '2018-01-30 19:43:15', '2018-02-01 11:57:31', '1', '1', '1');
INSERT INTO `t_def_role_privilege_rela` VALUES ('9560', '1', '223', 'D', '2018-01-30 19:43:15', '2018-02-01 11:57:31', '1', '1', '1');
INSERT INTO `t_def_role_privilege_rela` VALUES ('9561', '1', '224', 'D', '2018-01-30 19:43:15', '2018-02-01 11:57:31', '1', '1', '1');
INSERT INTO `t_def_role_privilege_rela` VALUES ('9562', '1', '225', 'D', '2018-01-30 19:43:15', '2018-02-01 11:57:31', '1', '1', '1');
INSERT INTO `t_def_role_privilege_rela` VALUES ('9563', '1', '8', 'D', '2018-02-01 11:57:31', '2018-03-08 10:35:43', '1', '1', '1');
INSERT INTO `t_def_role_privilege_rela` VALUES ('9564', '1', '105', 'D', '2018-02-01 11:57:31', '2018-03-08 10:35:43', '1', '1', '1');
INSERT INTO `t_def_role_privilege_rela` VALUES ('9565', '1', '97', 'D', '2018-02-01 11:57:31', '2018-03-08 10:35:43', '1', '1', '1');
INSERT INTO `t_def_role_privilege_rela` VALUES ('9566', '1', '98', 'D', '2018-02-01 11:57:31', '2018-03-08 10:35:43', '1', '1', '1');
INSERT INTO `t_def_role_privilege_rela` VALUES ('9567', '1', '99', 'D', '2018-02-01 11:57:31', '2018-03-08 10:35:43', '1', '1', '1');
INSERT INTO `t_def_role_privilege_rela` VALUES ('9568', '1', '100', 'D', '2018-02-01 11:57:31', '2018-03-08 10:35:43', '1', '1', '1');
INSERT INTO `t_def_role_privilege_rela` VALUES ('9569', '1', '118', 'D', '2018-02-01 11:57:31', '2018-03-08 10:35:43', '1', '1', '1');
INSERT INTO `t_def_role_privilege_rela` VALUES ('9570', '1', '119', 'D', '2018-02-01 11:57:31', '2018-03-08 10:35:43', '1', '1', '1');
INSERT INTO `t_def_role_privilege_rela` VALUES ('9571', '1', '123', 'D', '2018-02-01 11:57:31', '2018-03-08 10:35:43', '1', '1', '1');
INSERT INTO `t_def_role_privilege_rela` VALUES ('9572', '1', '124', 'D', '2018-02-01 11:57:31', '2018-03-08 10:35:43', '1', '1', '1');
INSERT INTO `t_def_role_privilege_rela` VALUES ('9573', '1', '125', 'D', '2018-02-01 11:57:31', '2018-03-08 10:35:43', '1', '1', '1');
INSERT INTO `t_def_role_privilege_rela` VALUES ('9574', '1', '126', 'D', '2018-02-01 11:57:31', '2018-03-08 10:35:43', '1', '1', '1');
INSERT INTO `t_def_role_privilege_rela` VALUES ('9575', '1', '231', 'D', '2018-02-01 11:57:31', '2018-03-08 10:35:43', '1', '1', '1');
INSERT INTO `t_def_role_privilege_rela` VALUES ('9576', '1', '130', 'D', '2018-02-01 11:57:31', '2018-03-08 10:35:43', '1', '1', '1');
INSERT INTO `t_def_role_privilege_rela` VALUES ('9577', '1', '172', 'D', '2018-02-01 11:57:31', '2018-03-08 10:35:43', '1', '1', '1');
INSERT INTO `t_def_role_privilege_rela` VALUES ('9578', '1', '175', 'D', '2018-02-01 11:57:31', '2018-03-08 10:35:43', '1', '1', '1');
INSERT INTO `t_def_role_privilege_rela` VALUES ('9579', '1', '96', 'D', '2018-02-01 11:57:31', '2018-03-08 10:35:43', '1', '1', '1');
INSERT INTO `t_def_role_privilege_rela` VALUES ('9580', '1', '133', 'D', '2018-02-01 11:57:31', '2018-03-08 10:35:43', '1', '1', '1');
INSERT INTO `t_def_role_privilege_rela` VALUES ('9581', '1', '134', 'D', '2018-02-01 11:57:31', '2018-03-08 10:35:43', '1', '1', '1');
INSERT INTO `t_def_role_privilege_rela` VALUES ('9582', '1', '92', 'D', '2018-02-01 11:57:31', '2018-03-08 10:35:43', '1', '1', '1');
INSERT INTO `t_def_role_privilege_rela` VALUES ('9583', '1', '115', 'D', '2018-02-01 11:57:31', '2018-03-08 10:35:43', '1', '1', '1');
INSERT INTO `t_def_role_privilege_rela` VALUES ('9584', '1', '116', 'D', '2018-02-01 11:57:31', '2018-03-08 10:35:43', '1', '1', '1');
INSERT INTO `t_def_role_privilege_rela` VALUES ('9585', '1', '135', 'D', '2018-02-01 11:57:31', '2018-03-08 10:35:43', '1', '1', '1');
INSERT INTO `t_def_role_privilege_rela` VALUES ('9586', '1', '136', 'D', '2018-02-01 11:57:31', '2018-03-08 10:35:43', '1', '1', '1');
INSERT INTO `t_def_role_privilege_rela` VALUES ('9587', '1', '137', 'D', '2018-02-01 11:57:31', '2018-03-08 10:35:43', '1', '1', '1');
INSERT INTO `t_def_role_privilege_rela` VALUES ('9588', '1', '138', 'D', '2018-02-01 11:57:31', '2018-03-08 10:35:43', '1', '1', '1');
INSERT INTO `t_def_role_privilege_rela` VALUES ('9589', '1', '147', 'D', '2018-02-01 11:57:31', '2018-03-08 10:35:43', '1', '1', '1');
INSERT INTO `t_def_role_privilege_rela` VALUES ('9590', '1', '148', 'D', '2018-02-01 11:57:31', '2018-03-08 10:35:43', '1', '1', '1');
INSERT INTO `t_def_role_privilege_rela` VALUES ('9591', '1', '149', 'D', '2018-02-01 11:57:31', '2018-03-08 10:35:43', '1', '1', '1');
INSERT INTO `t_def_role_privilege_rela` VALUES ('9592', '1', '150', 'D', '2018-02-01 11:57:31', '2018-03-08 10:35:43', '1', '1', '1');
INSERT INTO `t_def_role_privilege_rela` VALUES ('9593', '1', '229', 'D', '2018-02-01 11:57:31', '2018-03-08 10:35:43', '1', '1', '1');
INSERT INTO `t_def_role_privilege_rela` VALUES ('9594', '1', '230', 'D', '2018-02-01 11:57:31', '2018-03-08 10:35:43', '1', '1', '1');
INSERT INTO `t_def_role_privilege_rela` VALUES ('9595', '1', '157', 'D', '2018-02-01 11:57:31', '2018-03-08 10:35:43', '1', '1', '1');
INSERT INTO `t_def_role_privilege_rela` VALUES ('9596', '1', '177', 'D', '2018-02-01 11:57:31', '2018-03-08 10:35:43', '1', '1', '1');
INSERT INTO `t_def_role_privilege_rela` VALUES ('9597', '1', '158', 'D', '2018-02-01 11:57:31', '2018-03-08 10:35:43', '1', '1', '1');
INSERT INTO `t_def_role_privilege_rela` VALUES ('9598', '1', '159', 'D', '2018-02-01 11:57:31', '2018-03-08 10:35:43', '1', '1', '1');
INSERT INTO `t_def_role_privilege_rela` VALUES ('9599', '1', '162', 'D', '2018-02-01 11:57:31', '2018-03-08 10:35:43', '1', '1', '1');
INSERT INTO `t_def_role_privilege_rela` VALUES ('9600', '1', '163', 'D', '2018-02-01 11:57:31', '2018-03-08 10:35:43', '1', '1', '1');
INSERT INTO `t_def_role_privilege_rela` VALUES ('9601', '1', '164', 'D', '2018-02-01 11:57:31', '2018-03-08 10:35:43', '1', '1', '1');
INSERT INTO `t_def_role_privilege_rela` VALUES ('9602', '1', '165', 'D', '2018-02-01 11:57:31', '2018-03-08 10:35:43', '1', '1', '1');
INSERT INTO `t_def_role_privilege_rela` VALUES ('9603', '1', '209', 'D', '2018-02-01 11:57:31', '2018-03-08 10:35:43', '1', '1', '1');
INSERT INTO `t_def_role_privilege_rela` VALUES ('9604', '1', '210', 'D', '2018-02-01 11:57:31', '2018-03-08 10:35:43', '1', '1', '1');
INSERT INTO `t_def_role_privilege_rela` VALUES ('9605', '1', '213', 'D', '2018-02-01 11:57:31', '2018-03-08 10:35:43', '1', '1', '1');
INSERT INTO `t_def_role_privilege_rela` VALUES ('9606', '1', '221', 'D', '2018-02-01 11:57:31', '2018-03-08 10:35:43', '1', '1', '1');
INSERT INTO `t_def_role_privilege_rela` VALUES ('9607', '1', '222', 'D', '2018-02-01 11:57:31', '2018-03-08 10:35:43', '1', '1', '1');
INSERT INTO `t_def_role_privilege_rela` VALUES ('9608', '1', '223', 'D', '2018-02-01 11:57:31', '2018-03-08 10:35:43', '1', '1', '1');
INSERT INTO `t_def_role_privilege_rela` VALUES ('9609', '1', '224', 'D', '2018-02-01 11:57:31', '2018-03-08 10:35:43', '1', '1', '1');
INSERT INTO `t_def_role_privilege_rela` VALUES ('9610', '1', '225', 'D', '2018-02-01 11:57:31', '2018-03-08 10:35:43', '1', '1', '1');
INSERT INTO `t_def_role_privilege_rela` VALUES ('9611', '1', '8', 'D', '2018-03-08 10:35:43', '2018-03-20 21:22:46', '1', '1', '1');
INSERT INTO `t_def_role_privilege_rela` VALUES ('9612', '1', '105', 'D', '2018-03-08 10:35:43', '2018-03-20 21:22:46', '1', '1', '1');
INSERT INTO `t_def_role_privilege_rela` VALUES ('9613', '1', '97', 'D', '2018-03-08 10:35:43', '2018-03-20 21:22:46', '1', '1', '1');
INSERT INTO `t_def_role_privilege_rela` VALUES ('9614', '1', '98', 'D', '2018-03-08 10:35:43', '2018-03-20 21:22:46', '1', '1', '1');
INSERT INTO `t_def_role_privilege_rela` VALUES ('9615', '1', '99', 'D', '2018-03-08 10:35:43', '2018-03-20 21:22:46', '1', '1', '1');
INSERT INTO `t_def_role_privilege_rela` VALUES ('9616', '1', '100', 'D', '2018-03-08 10:35:43', '2018-03-20 21:22:46', '1', '1', '1');
INSERT INTO `t_def_role_privilege_rela` VALUES ('9617', '1', '118', 'D', '2018-03-08 10:35:43', '2018-03-20 21:22:46', '1', '1', '1');
INSERT INTO `t_def_role_privilege_rela` VALUES ('9618', '1', '119', 'D', '2018-03-08 10:35:43', '2018-03-20 21:22:46', '1', '1', '1');
INSERT INTO `t_def_role_privilege_rela` VALUES ('9619', '1', '123', 'D', '2018-03-08 10:35:43', '2018-03-20 21:22:46', '1', '1', '1');
INSERT INTO `t_def_role_privilege_rela` VALUES ('9620', '1', '124', 'D', '2018-03-08 10:35:43', '2018-03-20 21:22:46', '1', '1', '1');
INSERT INTO `t_def_role_privilege_rela` VALUES ('9621', '1', '125', 'D', '2018-03-08 10:35:43', '2018-03-20 21:22:46', '1', '1', '1');
INSERT INTO `t_def_role_privilege_rela` VALUES ('9622', '1', '126', 'D', '2018-03-08 10:35:43', '2018-03-20 21:22:46', '1', '1', '1');
INSERT INTO `t_def_role_privilege_rela` VALUES ('9623', '1', '231', 'D', '2018-03-08 10:35:43', '2018-03-20 21:22:46', '1', '1', '1');
INSERT INTO `t_def_role_privilege_rela` VALUES ('9624', '1', '130', 'D', '2018-03-08 10:35:43', '2018-03-20 21:22:46', '1', '1', '1');
INSERT INTO `t_def_role_privilege_rela` VALUES ('9625', '1', '172', 'D', '2018-03-08 10:35:43', '2018-03-20 21:22:46', '1', '1', '1');
INSERT INTO `t_def_role_privilege_rela` VALUES ('9626', '1', '175', 'D', '2018-03-08 10:35:43', '2018-03-20 21:22:46', '1', '1', '1');
INSERT INTO `t_def_role_privilege_rela` VALUES ('9627', '1', '96', 'D', '2018-03-08 10:35:43', '2018-03-20 21:22:46', '1', '1', '1');
INSERT INTO `t_def_role_privilege_rela` VALUES ('9628', '1', '133', 'D', '2018-03-08 10:35:43', '2018-03-20 21:22:46', '1', '1', '1');
INSERT INTO `t_def_role_privilege_rela` VALUES ('9629', '1', '134', 'D', '2018-03-08 10:35:43', '2018-03-20 21:22:46', '1', '1', '1');
INSERT INTO `t_def_role_privilege_rela` VALUES ('9630', '1', '92', 'D', '2018-03-08 10:35:43', '2018-03-20 21:22:46', '1', '1', '1');
INSERT INTO `t_def_role_privilege_rela` VALUES ('9631', '1', '115', 'D', '2018-03-08 10:35:43', '2018-03-20 21:22:46', '1', '1', '1');
INSERT INTO `t_def_role_privilege_rela` VALUES ('9632', '1', '116', 'D', '2018-03-08 10:35:43', '2018-03-20 21:22:46', '1', '1', '1');
INSERT INTO `t_def_role_privilege_rela` VALUES ('9633', '1', '135', 'D', '2018-03-08 10:35:43', '2018-03-20 21:22:46', '1', '1', '1');
INSERT INTO `t_def_role_privilege_rela` VALUES ('9634', '1', '136', 'D', '2018-03-08 10:35:43', '2018-03-20 21:22:46', '1', '1', '1');
INSERT INTO `t_def_role_privilege_rela` VALUES ('9635', '1', '137', 'D', '2018-03-08 10:35:43', '2018-03-20 21:22:46', '1', '1', '1');
INSERT INTO `t_def_role_privilege_rela` VALUES ('9636', '1', '138', 'D', '2018-03-08 10:35:43', '2018-03-20 21:22:46', '1', '1', '1');
INSERT INTO `t_def_role_privilege_rela` VALUES ('9637', '1', '147', 'D', '2018-03-08 10:35:43', '2018-03-20 21:22:46', '1', '1', '1');
INSERT INTO `t_def_role_privilege_rela` VALUES ('9638', '1', '148', 'D', '2018-03-08 10:35:43', '2018-03-20 21:22:46', '1', '1', '1');
INSERT INTO `t_def_role_privilege_rela` VALUES ('9639', '1', '149', 'D', '2018-03-08 10:35:43', '2018-03-20 21:22:46', '1', '1', '1');
INSERT INTO `t_def_role_privilege_rela` VALUES ('9640', '1', '150', 'D', '2018-03-08 10:35:43', '2018-03-20 21:22:46', '1', '1', '1');
INSERT INTO `t_def_role_privilege_rela` VALUES ('9641', '1', '229', 'D', '2018-03-08 10:35:43', '2018-03-20 21:22:46', '1', '1', '1');
INSERT INTO `t_def_role_privilege_rela` VALUES ('9642', '1', '230', 'D', '2018-03-08 10:35:43', '2018-03-20 21:22:46', '1', '1', '1');
INSERT INTO `t_def_role_privilege_rela` VALUES ('9643', '1', '157', 'D', '2018-03-08 10:35:43', '2018-03-20 21:22:46', '1', '1', '1');
INSERT INTO `t_def_role_privilege_rela` VALUES ('9644', '1', '177', 'D', '2018-03-08 10:35:43', '2018-03-20 21:22:46', '1', '1', '1');
INSERT INTO `t_def_role_privilege_rela` VALUES ('9645', '1', '158', 'D', '2018-03-08 10:35:43', '2018-03-20 21:22:46', '1', '1', '1');
INSERT INTO `t_def_role_privilege_rela` VALUES ('9646', '1', '159', 'D', '2018-03-08 10:35:43', '2018-03-20 21:22:46', '1', '1', '1');
INSERT INTO `t_def_role_privilege_rela` VALUES ('9647', '1', '162', 'D', '2018-03-08 10:35:43', '2018-03-20 21:22:46', '1', '1', '1');
INSERT INTO `t_def_role_privilege_rela` VALUES ('9648', '1', '163', 'D', '2018-03-08 10:35:43', '2018-03-20 21:22:46', '1', '1', '1');
INSERT INTO `t_def_role_privilege_rela` VALUES ('9649', '1', '164', 'D', '2018-03-08 10:35:43', '2018-03-20 21:22:46', '1', '1', '1');
INSERT INTO `t_def_role_privilege_rela` VALUES ('9650', '1', '165', 'D', '2018-03-08 10:35:43', '2018-03-20 21:22:46', '1', '1', '1');
INSERT INTO `t_def_role_privilege_rela` VALUES ('9651', '1', '209', 'D', '2018-03-08 10:35:43', '2018-03-20 21:22:46', '1', '1', '1');
INSERT INTO `t_def_role_privilege_rela` VALUES ('9652', '1', '210', 'D', '2018-03-08 10:35:43', '2018-03-20 21:22:46', '1', '1', '1');
INSERT INTO `t_def_role_privilege_rela` VALUES ('9653', '1', '213', 'D', '2018-03-08 10:35:43', '2018-03-20 21:22:46', '1', '1', '1');
INSERT INTO `t_def_role_privilege_rela` VALUES ('9654', '1', '221', 'D', '2018-03-08 10:35:43', '2018-03-20 21:22:46', '1', '1', '1');
INSERT INTO `t_def_role_privilege_rela` VALUES ('9655', '1', '222', 'D', '2018-03-08 10:35:43', '2018-03-20 21:22:46', '1', '1', '1');
INSERT INTO `t_def_role_privilege_rela` VALUES ('9656', '1', '223', 'D', '2018-03-08 10:35:43', '2018-03-20 21:22:46', '1', '1', '1');
INSERT INTO `t_def_role_privilege_rela` VALUES ('9657', '1', '224', 'D', '2018-03-08 10:35:43', '2018-03-20 21:22:46', '1', '1', '1');
INSERT INTO `t_def_role_privilege_rela` VALUES ('9658', '1', '225', 'D', '2018-03-08 10:35:43', '2018-03-20 21:22:46', '1', '1', '1');
INSERT INTO `t_def_role_privilege_rela` VALUES ('9659', '1', '207', 'D', '2018-03-08 10:35:43', '2018-03-20 21:22:46', '1', '1', '1');
INSERT INTO `t_def_role_privilege_rela` VALUES ('9660', '1', '208', 'D', '2018-03-08 10:35:43', '2018-03-20 21:22:46', '1', '1', '1');
INSERT INTO `t_def_role_privilege_rela` VALUES ('9661', '1', '142', 'D', '2018-03-08 10:35:43', '2018-03-20 21:22:46', '1', '1', '1');
INSERT INTO `t_def_role_privilege_rela` VALUES ('9662', '1', '143', 'D', '2018-03-08 10:35:43', '2018-03-20 21:22:46', '1', '1', '1');
INSERT INTO `t_def_role_privilege_rela` VALUES ('9663', '1', '144', 'D', '2018-03-08 10:35:43', '2018-03-20 21:22:46', '1', '1', '1');
INSERT INTO `t_def_role_privilege_rela` VALUES ('9664', '1', '145', 'D', '2018-03-08 10:35:43', '2018-03-20 21:22:46', '1', '1', '1');
INSERT INTO `t_def_role_privilege_rela` VALUES ('9665', '1', '146', 'D', '2018-03-08 10:35:43', '2018-03-20 21:22:46', '1', '1', '1');
INSERT INTO `t_def_role_privilege_rela` VALUES ('9666', '1', '167', 'D', '2018-03-08 10:35:43', '2018-03-20 21:22:46', '1', '1', '1');
INSERT INTO `t_def_role_privilege_rela` VALUES ('9667', '1', '139', 'D', '2018-03-08 10:35:43', '2018-03-20 21:22:46', '1', '1', '1');
INSERT INTO `t_def_role_privilege_rela` VALUES ('9668', '1', '140', 'D', '2018-03-08 10:35:43', '2018-03-20 21:22:46', '1', '1', '1');
INSERT INTO `t_def_role_privilege_rela` VALUES ('9669', '1', '141', 'D', '2018-03-08 10:35:43', '2018-03-20 21:22:46', '1', '1', '1');
INSERT INTO `t_def_role_privilege_rela` VALUES ('9670', '1', '168', 'D', '2018-03-08 10:35:43', '2018-03-20 21:22:46', '1', '1', '1');
INSERT INTO `t_def_role_privilege_rela` VALUES ('9671', '1', '8', 'D', '2018-03-20 21:22:46', '2018-03-28 21:38:34', '1', '1', '1');
INSERT INTO `t_def_role_privilege_rela` VALUES ('9672', '1', '105', 'D', '2018-03-20 21:22:46', '2018-03-28 21:38:34', '1', '1', '1');
INSERT INTO `t_def_role_privilege_rela` VALUES ('9673', '1', '97', 'D', '2018-03-20 21:22:46', '2018-03-28 21:38:34', '1', '1', '1');
INSERT INTO `t_def_role_privilege_rela` VALUES ('9674', '1', '98', 'D', '2018-03-20 21:22:46', '2018-03-28 21:38:34', '1', '1', '1');
INSERT INTO `t_def_role_privilege_rela` VALUES ('9675', '1', '99', 'D', '2018-03-20 21:22:46', '2018-03-28 21:38:34', '1', '1', '1');
INSERT INTO `t_def_role_privilege_rela` VALUES ('9676', '1', '100', 'D', '2018-03-20 21:22:46', '2018-03-28 21:38:34', '1', '1', '1');
INSERT INTO `t_def_role_privilege_rela` VALUES ('9677', '1', '118', 'D', '2018-03-20 21:22:46', '2018-03-28 21:38:34', '1', '1', '1');
INSERT INTO `t_def_role_privilege_rela` VALUES ('9678', '1', '119', 'D', '2018-03-20 21:22:46', '2018-03-28 21:38:34', '1', '1', '1');
INSERT INTO `t_def_role_privilege_rela` VALUES ('9679', '1', '123', 'D', '2018-03-20 21:22:46', '2018-03-28 21:38:34', '1', '1', '1');
INSERT INTO `t_def_role_privilege_rela` VALUES ('9680', '1', '124', 'D', '2018-03-20 21:22:46', '2018-03-28 21:38:34', '1', '1', '1');
INSERT INTO `t_def_role_privilege_rela` VALUES ('9681', '1', '125', 'D', '2018-03-20 21:22:46', '2018-03-28 21:38:34', '1', '1', '1');
INSERT INTO `t_def_role_privilege_rela` VALUES ('9682', '1', '126', 'D', '2018-03-20 21:22:46', '2018-03-28 21:38:34', '1', '1', '1');
INSERT INTO `t_def_role_privilege_rela` VALUES ('9683', '1', '231', 'D', '2018-03-20 21:22:46', '2018-03-28 21:38:34', '1', '1', '1');
INSERT INTO `t_def_role_privilege_rela` VALUES ('9684', '1', '130', 'D', '2018-03-20 21:22:46', '2018-03-28 21:38:34', '1', '1', '1');
INSERT INTO `t_def_role_privilege_rela` VALUES ('9685', '1', '172', 'D', '2018-03-20 21:22:46', '2018-03-28 21:38:34', '1', '1', '1');
INSERT INTO `t_def_role_privilege_rela` VALUES ('9686', '1', '175', 'D', '2018-03-20 21:22:46', '2018-03-28 21:38:34', '1', '1', '1');
INSERT INTO `t_def_role_privilege_rela` VALUES ('9687', '1', '96', 'D', '2018-03-20 21:22:46', '2018-03-28 21:38:34', '1', '1', '1');
INSERT INTO `t_def_role_privilege_rela` VALUES ('9688', '1', '133', 'D', '2018-03-20 21:22:46', '2018-03-28 21:38:34', '1', '1', '1');
INSERT INTO `t_def_role_privilege_rela` VALUES ('9689', '1', '134', 'D', '2018-03-20 21:22:46', '2018-03-28 21:38:34', '1', '1', '1');
INSERT INTO `t_def_role_privilege_rela` VALUES ('9690', '1', '92', 'D', '2018-03-20 21:22:46', '2018-03-28 21:38:34', '1', '1', '1');
INSERT INTO `t_def_role_privilege_rela` VALUES ('9691', '1', '115', 'D', '2018-03-20 21:22:46', '2018-03-28 21:38:34', '1', '1', '1');
INSERT INTO `t_def_role_privilege_rela` VALUES ('9692', '1', '116', 'D', '2018-03-20 21:22:46', '2018-03-28 21:38:34', '1', '1', '1');
INSERT INTO `t_def_role_privilege_rela` VALUES ('9693', '1', '135', 'D', '2018-03-20 21:22:46', '2018-03-28 21:38:34', '1', '1', '1');
INSERT INTO `t_def_role_privilege_rela` VALUES ('9694', '1', '136', 'D', '2018-03-20 21:22:46', '2018-03-28 21:38:34', '1', '1', '1');
INSERT INTO `t_def_role_privilege_rela` VALUES ('9695', '1', '137', 'D', '2018-03-20 21:22:46', '2018-03-28 21:38:34', '1', '1', '1');
INSERT INTO `t_def_role_privilege_rela` VALUES ('9696', '1', '138', 'D', '2018-03-20 21:22:46', '2018-03-28 21:38:34', '1', '1', '1');
INSERT INTO `t_def_role_privilege_rela` VALUES ('9697', '1', '147', 'D', '2018-03-20 21:22:46', '2018-03-28 21:38:34', '1', '1', '1');
INSERT INTO `t_def_role_privilege_rela` VALUES ('9698', '1', '148', 'D', '2018-03-20 21:22:46', '2018-03-28 21:38:34', '1', '1', '1');
INSERT INTO `t_def_role_privilege_rela` VALUES ('9699', '1', '149', 'D', '2018-03-20 21:22:46', '2018-03-28 21:38:34', '1', '1', '1');
INSERT INTO `t_def_role_privilege_rela` VALUES ('9700', '1', '150', 'D', '2018-03-20 21:22:46', '2018-03-28 21:38:34', '1', '1', '1');
INSERT INTO `t_def_role_privilege_rela` VALUES ('9701', '1', '229', 'D', '2018-03-20 21:22:46', '2018-03-28 21:38:34', '1', '1', '1');
INSERT INTO `t_def_role_privilege_rela` VALUES ('9702', '1', '230', 'D', '2018-03-20 21:22:46', '2018-03-28 21:38:34', '1', '1', '1');
INSERT INTO `t_def_role_privilege_rela` VALUES ('9703', '1', '157', 'D', '2018-03-20 21:22:46', '2018-03-28 21:38:34', '1', '1', '1');
INSERT INTO `t_def_role_privilege_rela` VALUES ('9704', '1', '177', 'D', '2018-03-20 21:22:46', '2018-03-28 21:38:34', '1', '1', '1');
INSERT INTO `t_def_role_privilege_rela` VALUES ('9705', '1', '158', 'D', '2018-03-20 21:22:46', '2018-03-28 21:38:34', '1', '1', '1');
INSERT INTO `t_def_role_privilege_rela` VALUES ('9706', '1', '159', 'D', '2018-03-20 21:22:46', '2018-03-28 21:38:34', '1', '1', '1');
INSERT INTO `t_def_role_privilege_rela` VALUES ('9707', '1', '162', 'D', '2018-03-20 21:22:46', '2018-03-28 21:38:34', '1', '1', '1');
INSERT INTO `t_def_role_privilege_rela` VALUES ('9708', '1', '163', 'D', '2018-03-20 21:22:46', '2018-03-28 21:38:35', '1', '1', '1');
INSERT INTO `t_def_role_privilege_rela` VALUES ('9709', '1', '164', 'D', '2018-03-20 21:22:46', '2018-03-28 21:38:35', '1', '1', '1');
INSERT INTO `t_def_role_privilege_rela` VALUES ('9710', '1', '165', 'D', '2018-03-20 21:22:46', '2018-03-28 21:38:35', '1', '1', '1');
INSERT INTO `t_def_role_privilege_rela` VALUES ('9711', '1', '209', 'D', '2018-03-20 21:22:46', '2018-03-28 21:38:35', '1', '1', '1');
INSERT INTO `t_def_role_privilege_rela` VALUES ('9712', '1', '210', 'D', '2018-03-20 21:22:46', '2018-03-28 21:38:35', '1', '1', '1');
INSERT INTO `t_def_role_privilege_rela` VALUES ('9713', '1', '213', 'D', '2018-03-20 21:22:46', '2018-03-28 21:38:35', '1', '1', '1');
INSERT INTO `t_def_role_privilege_rela` VALUES ('9714', '1', '221', 'D', '2018-03-20 21:22:46', '2018-03-28 21:38:35', '1', '1', '1');
INSERT INTO `t_def_role_privilege_rela` VALUES ('9715', '1', '222', 'D', '2018-03-20 21:22:46', '2018-03-28 21:38:35', '1', '1', '1');
INSERT INTO `t_def_role_privilege_rela` VALUES ('9716', '1', '223', 'D', '2018-03-20 21:22:46', '2018-03-28 21:38:35', '1', '1', '1');
INSERT INTO `t_def_role_privilege_rela` VALUES ('9717', '1', '224', 'D', '2018-03-20 21:22:46', '2018-03-28 21:38:35', '1', '1', '1');
INSERT INTO `t_def_role_privilege_rela` VALUES ('9718', '1', '225', 'D', '2018-03-20 21:22:46', '2018-03-28 21:38:35', '1', '1', '1');
INSERT INTO `t_def_role_privilege_rela` VALUES ('9719', '1', '207', 'D', '2018-03-20 21:22:46', '2018-03-28 21:38:35', '1', '1', '1');
INSERT INTO `t_def_role_privilege_rela` VALUES ('9720', '1', '208', 'D', '2018-03-20 21:22:46', '2018-03-28 21:38:35', '1', '1', '1');
INSERT INTO `t_def_role_privilege_rela` VALUES ('9721', '1', '142', 'D', '2018-03-20 21:22:46', '2018-03-28 21:38:35', '1', '1', '1');
INSERT INTO `t_def_role_privilege_rela` VALUES ('9722', '1', '143', 'D', '2018-03-20 21:22:46', '2018-03-28 21:38:35', '1', '1', '1');
INSERT INTO `t_def_role_privilege_rela` VALUES ('9723', '1', '144', 'D', '2018-03-20 21:22:46', '2018-03-28 21:38:35', '1', '1', '1');
INSERT INTO `t_def_role_privilege_rela` VALUES ('9724', '1', '145', 'D', '2018-03-20 21:22:46', '2018-03-28 21:38:35', '1', '1', '1');
INSERT INTO `t_def_role_privilege_rela` VALUES ('9725', '1', '146', 'D', '2018-03-20 21:22:46', '2018-03-28 21:38:35', '1', '1', '1');
INSERT INTO `t_def_role_privilege_rela` VALUES ('9726', '1', '167', 'D', '2018-03-20 21:22:46', '2018-03-28 21:38:35', '1', '1', '1');
INSERT INTO `t_def_role_privilege_rela` VALUES ('9727', '1', '8', 'D', '2018-03-28 21:38:35', '2018-03-28 21:42:04', '1', '1', '1');
INSERT INTO `t_def_role_privilege_rela` VALUES ('9728', '1', '105', 'D', '2018-03-28 21:38:35', '2018-03-28 21:42:04', '1', '1', '1');
INSERT INTO `t_def_role_privilege_rela` VALUES ('9729', '1', '97', 'D', '2018-03-28 21:38:35', '2018-03-28 21:42:04', '1', '1', '1');
INSERT INTO `t_def_role_privilege_rela` VALUES ('9730', '1', '98', 'D', '2018-03-28 21:38:35', '2018-03-28 21:42:04', '1', '1', '1');
INSERT INTO `t_def_role_privilege_rela` VALUES ('9731', '1', '99', 'D', '2018-03-28 21:38:35', '2018-03-28 21:42:04', '1', '1', '1');
INSERT INTO `t_def_role_privilege_rela` VALUES ('9732', '1', '100', 'D', '2018-03-28 21:38:35', '2018-03-28 21:42:04', '1', '1', '1');
INSERT INTO `t_def_role_privilege_rela` VALUES ('9733', '1', '118', 'D', '2018-03-28 21:38:35', '2018-03-28 21:42:04', '1', '1', '1');
INSERT INTO `t_def_role_privilege_rela` VALUES ('9734', '1', '119', 'D', '2018-03-28 21:38:35', '2018-03-28 21:42:04', '1', '1', '1');
INSERT INTO `t_def_role_privilege_rela` VALUES ('9735', '1', '123', 'D', '2018-03-28 21:38:35', '2018-03-28 21:42:04', '1', '1', '1');
INSERT INTO `t_def_role_privilege_rela` VALUES ('9736', '1', '121', 'D', '2018-03-28 21:38:35', '2018-03-28 21:42:04', '1', '1', '1');
INSERT INTO `t_def_role_privilege_rela` VALUES ('9737', '1', '174', 'D', '2018-03-28 21:38:35', '2018-03-28 21:42:04', '1', '1', '1');
INSERT INTO `t_def_role_privilege_rela` VALUES ('9738', '1', '124', 'D', '2018-03-28 21:38:35', '2018-03-28 21:42:04', '1', '1', '1');
INSERT INTO `t_def_role_privilege_rela` VALUES ('9739', '1', '125', 'D', '2018-03-28 21:38:35', '2018-03-28 21:42:04', '1', '1', '1');
INSERT INTO `t_def_role_privilege_rela` VALUES ('9740', '1', '126', 'D', '2018-03-28 21:38:35', '2018-03-28 21:42:04', '1', '1', '1');
INSERT INTO `t_def_role_privilege_rela` VALUES ('9741', '1', '231', 'D', '2018-03-28 21:38:35', '2018-03-28 21:42:04', '1', '1', '1');
INSERT INTO `t_def_role_privilege_rela` VALUES ('9742', '1', '130', 'D', '2018-03-28 21:38:35', '2018-03-28 21:42:04', '1', '1', '1');
INSERT INTO `t_def_role_privilege_rela` VALUES ('9743', '1', '172', 'D', '2018-03-28 21:38:35', '2018-03-28 21:42:04', '1', '1', '1');
INSERT INTO `t_def_role_privilege_rela` VALUES ('9744', '1', '175', 'D', '2018-03-28 21:38:35', '2018-03-28 21:42:04', '1', '1', '1');
INSERT INTO `t_def_role_privilege_rela` VALUES ('9745', '1', '96', 'D', '2018-03-28 21:38:35', '2018-03-28 21:42:04', '1', '1', '1');
INSERT INTO `t_def_role_privilege_rela` VALUES ('9746', '1', '133', 'D', '2018-03-28 21:38:35', '2018-03-28 21:42:04', '1', '1', '1');
INSERT INTO `t_def_role_privilege_rela` VALUES ('9747', '1', '134', 'D', '2018-03-28 21:38:35', '2018-03-28 21:42:04', '1', '1', '1');
INSERT INTO `t_def_role_privilege_rela` VALUES ('9748', '1', '92', 'D', '2018-03-28 21:38:35', '2018-03-28 21:42:04', '1', '1', '1');
INSERT INTO `t_def_role_privilege_rela` VALUES ('9749', '1', '115', 'D', '2018-03-28 21:38:35', '2018-03-28 21:42:04', '1', '1', '1');
INSERT INTO `t_def_role_privilege_rela` VALUES ('9750', '1', '116', 'D', '2018-03-28 21:38:35', '2018-03-28 21:42:04', '1', '1', '1');
INSERT INTO `t_def_role_privilege_rela` VALUES ('9751', '1', '135', 'D', '2018-03-28 21:38:35', '2018-03-28 21:42:04', '1', '1', '1');
INSERT INTO `t_def_role_privilege_rela` VALUES ('9752', '1', '136', 'D', '2018-03-28 21:38:35', '2018-03-28 21:42:04', '1', '1', '1');
INSERT INTO `t_def_role_privilege_rela` VALUES ('9753', '1', '137', 'D', '2018-03-28 21:38:35', '2018-03-28 21:42:04', '1', '1', '1');
INSERT INTO `t_def_role_privilege_rela` VALUES ('9754', '1', '138', 'D', '2018-03-28 21:38:35', '2018-03-28 21:42:04', '1', '1', '1');
INSERT INTO `t_def_role_privilege_rela` VALUES ('9755', '1', '147', 'D', '2018-03-28 21:38:35', '2018-03-28 21:42:04', '1', '1', '1');
INSERT INTO `t_def_role_privilege_rela` VALUES ('9756', '1', '148', 'D', '2018-03-28 21:38:35', '2018-03-28 21:42:04', '1', '1', '1');
INSERT INTO `t_def_role_privilege_rela` VALUES ('9757', '1', '149', 'D', '2018-03-28 21:38:35', '2018-03-28 21:42:04', '1', '1', '1');
INSERT INTO `t_def_role_privilege_rela` VALUES ('9758', '1', '150', 'D', '2018-03-28 21:38:35', '2018-03-28 21:42:04', '1', '1', '1');
INSERT INTO `t_def_role_privilege_rela` VALUES ('9759', '1', '229', 'D', '2018-03-28 21:38:35', '2018-03-28 21:42:04', '1', '1', '1');
INSERT INTO `t_def_role_privilege_rela` VALUES ('9760', '1', '230', 'D', '2018-03-28 21:38:35', '2018-03-28 21:42:04', '1', '1', '1');
INSERT INTO `t_def_role_privilege_rela` VALUES ('9761', '1', '157', 'D', '2018-03-28 21:38:35', '2018-03-28 21:42:04', '1', '1', '1');
INSERT INTO `t_def_role_privilege_rela` VALUES ('9762', '1', '177', 'D', '2018-03-28 21:38:35', '2018-03-28 21:42:04', '1', '1', '1');
INSERT INTO `t_def_role_privilege_rela` VALUES ('9763', '1', '158', 'D', '2018-03-28 21:38:35', '2018-03-28 21:42:04', '1', '1', '1');
INSERT INTO `t_def_role_privilege_rela` VALUES ('9764', '1', '159', 'D', '2018-03-28 21:38:35', '2018-03-28 21:42:04', '1', '1', '1');
INSERT INTO `t_def_role_privilege_rela` VALUES ('9765', '1', '162', 'D', '2018-03-28 21:38:35', '2018-03-28 21:42:04', '1', '1', '1');
INSERT INTO `t_def_role_privilege_rela` VALUES ('9766', '1', '163', 'D', '2018-03-28 21:38:35', '2018-03-28 21:42:04', '1', '1', '1');
INSERT INTO `t_def_role_privilege_rela` VALUES ('9767', '1', '164', 'D', '2018-03-28 21:38:35', '2018-03-28 21:42:04', '1', '1', '1');
INSERT INTO `t_def_role_privilege_rela` VALUES ('9768', '1', '165', 'D', '2018-03-28 21:38:35', '2018-03-28 21:42:04', '1', '1', '1');
INSERT INTO `t_def_role_privilege_rela` VALUES ('9769', '1', '209', 'D', '2018-03-28 21:38:35', '2018-03-28 21:42:04', '1', '1', '1');
INSERT INTO `t_def_role_privilege_rela` VALUES ('9770', '1', '210', 'D', '2018-03-28 21:38:35', '2018-03-28 21:42:04', '1', '1', '1');
INSERT INTO `t_def_role_privilege_rela` VALUES ('9771', '1', '213', 'D', '2018-03-28 21:38:35', '2018-03-28 21:42:04', '1', '1', '1');
INSERT INTO `t_def_role_privilege_rela` VALUES ('9772', '1', '221', 'D', '2018-03-28 21:38:35', '2018-03-28 21:42:04', '1', '1', '1');
INSERT INTO `t_def_role_privilege_rela` VALUES ('9773', '1', '222', 'D', '2018-03-28 21:38:35', '2018-03-28 21:42:04', '1', '1', '1');
INSERT INTO `t_def_role_privilege_rela` VALUES ('9774', '1', '223', 'D', '2018-03-28 21:38:35', '2018-03-28 21:42:04', '1', '1', '1');
INSERT INTO `t_def_role_privilege_rela` VALUES ('9775', '1', '224', 'D', '2018-03-28 21:38:35', '2018-03-28 21:42:04', '1', '1', '1');
INSERT INTO `t_def_role_privilege_rela` VALUES ('9776', '1', '225', 'D', '2018-03-28 21:38:35', '2018-03-28 21:42:04', '1', '1', '1');
INSERT INTO `t_def_role_privilege_rela` VALUES ('9777', '1', '207', 'D', '2018-03-28 21:38:35', '2018-03-28 21:42:04', '1', '1', '1');
INSERT INTO `t_def_role_privilege_rela` VALUES ('9778', '1', '208', 'D', '2018-03-28 21:38:35', '2018-03-28 21:42:04', '1', '1', '1');
INSERT INTO `t_def_role_privilege_rela` VALUES ('9779', '1', '139', 'D', '2018-03-28 21:38:35', '2018-03-28 21:42:04', '1', '1', '1');
INSERT INTO `t_def_role_privilege_rela` VALUES ('9780', '1', '140', 'D', '2018-03-28 21:38:35', '2018-03-28 21:42:04', '1', '1', '1');
INSERT INTO `t_def_role_privilege_rela` VALUES ('9781', '1', '141', 'D', '2018-03-28 21:38:35', '2018-03-28 21:42:04', '1', '1', '1');
INSERT INTO `t_def_role_privilege_rela` VALUES ('9782', '1', '168', 'D', '2018-03-28 21:38:35', '2018-03-28 21:42:04', '1', '1', '1');
INSERT INTO `t_def_role_privilege_rela` VALUES ('9783', '1', '142', 'D', '2018-03-28 21:38:35', '2018-03-28 21:42:04', '1', '1', '1');
INSERT INTO `t_def_role_privilege_rela` VALUES ('9784', '1', '143', 'D', '2018-03-28 21:38:35', '2018-03-28 21:42:04', '1', '1', '1');
INSERT INTO `t_def_role_privilege_rela` VALUES ('9785', '1', '144', 'D', '2018-03-28 21:38:35', '2018-03-28 21:42:04', '1', '1', '1');
INSERT INTO `t_def_role_privilege_rela` VALUES ('9786', '1', '145', 'D', '2018-03-28 21:38:35', '2018-03-28 21:42:04', '1', '1', '1');
INSERT INTO `t_def_role_privilege_rela` VALUES ('9787', '1', '146', 'D', '2018-03-28 21:38:35', '2018-03-28 21:42:04', '1', '1', '1');
INSERT INTO `t_def_role_privilege_rela` VALUES ('9788', '1', '167', 'D', '2018-03-28 21:38:35', '2018-03-28 21:42:04', '1', '1', '1');
INSERT INTO `t_def_role_privilege_rela` VALUES ('9789', '1', '153', 'D', '2018-03-28 21:38:35', '2018-03-28 21:42:04', '1', '1', '1');
INSERT INTO `t_def_role_privilege_rela` VALUES ('9790', '1', '155', 'D', '2018-03-28 21:38:35', '2018-03-28 21:42:04', '1', '1', '1');
INSERT INTO `t_def_role_privilege_rela` VALUES ('9791', '1', '156', 'D', '2018-03-28 21:38:35', '2018-03-28 21:42:04', '1', '1', '1');
INSERT INTO `t_def_role_privilege_rela` VALUES ('9792', '1', '232', 'D', '2018-03-28 21:38:35', '2018-03-28 21:42:04', '1', '1', '1');
INSERT INTO `t_def_role_privilege_rela` VALUES ('9793', '1', '233', 'D', '2018-03-28 21:38:35', '2018-03-28 21:42:04', '1', '1', '1');
INSERT INTO `t_def_role_privilege_rela` VALUES ('9794', '1', '234', 'D', '2018-03-28 21:38:35', '2018-03-28 21:42:04', '1', '1', '1');
INSERT INTO `t_def_role_privilege_rela` VALUES ('9795', '1', '235', 'D', '2018-03-28 21:38:35', '2018-03-28 21:42:04', '1', '1', '1');
INSERT INTO `t_def_role_privilege_rela` VALUES ('9796', '1', '236', 'D', '2018-03-28 21:38:35', '2018-03-28 21:42:04', '1', '1', '1');
INSERT INTO `t_def_role_privilege_rela` VALUES ('9797', '1', '226', 'D', '2018-03-28 21:38:35', '2018-03-28 21:42:04', '1', '1', '1');
INSERT INTO `t_def_role_privilege_rela` VALUES ('9798', '1', '227', 'D', '2018-03-28 21:38:35', '2018-03-28 21:42:04', '1', '1', '1');
INSERT INTO `t_def_role_privilege_rela` VALUES ('9799', '1', '228', 'D', '2018-03-28 21:38:35', '2018-03-28 21:42:04', '1', '1', '1');
INSERT INTO `t_def_role_privilege_rela` VALUES ('9800', '1', '53', 'D', '2018-03-28 21:38:35', '2018-03-28 21:42:04', '1', '1', '1');
INSERT INTO `t_def_role_privilege_rela` VALUES ('9801', '1', '54', 'D', '2018-03-28 21:38:35', '2018-03-28 21:42:04', '1', '1', '1');
INSERT INTO `t_def_role_privilege_rela` VALUES ('9802', '1', '55', 'D', '2018-03-28 21:38:35', '2018-03-28 21:42:04', '1', '1', '1');
INSERT INTO `t_def_role_privilege_rela` VALUES ('9803', '1', '56', 'D', '2018-03-28 21:38:35', '2018-03-28 21:42:04', '1', '1', '1');
INSERT INTO `t_def_role_privilege_rela` VALUES ('9804', '1', '58', 'D', '2018-03-28 21:38:35', '2018-03-28 21:42:04', '1', '1', '1');
INSERT INTO `t_def_role_privilege_rela` VALUES ('9805', '1', '59', 'D', '2018-03-28 21:38:35', '2018-03-28 21:42:04', '1', '1', '1');
INSERT INTO `t_def_role_privilege_rela` VALUES ('9806', '1', '8', 'E', '2018-03-28 21:42:04', '2018-03-28 21:42:04', '1', '1', '1');
INSERT INTO `t_def_role_privilege_rela` VALUES ('9807', '1', '105', 'E', '2018-03-28 21:42:04', '2018-03-28 21:42:04', '1', '1', '1');
INSERT INTO `t_def_role_privilege_rela` VALUES ('9808', '1', '97', 'E', '2018-03-28 21:42:04', '2018-03-28 21:42:04', '1', '1', '1');
INSERT INTO `t_def_role_privilege_rela` VALUES ('9809', '1', '98', 'E', '2018-03-28 21:42:04', '2018-03-28 21:42:04', '1', '1', '1');
INSERT INTO `t_def_role_privilege_rela` VALUES ('9810', '1', '99', 'E', '2018-03-28 21:42:04', '2018-03-28 21:42:04', '1', '1', '1');
INSERT INTO `t_def_role_privilege_rela` VALUES ('9811', '1', '100', 'E', '2018-03-28 21:42:04', '2018-03-28 21:42:04', '1', '1', '1');
INSERT INTO `t_def_role_privilege_rela` VALUES ('9812', '1', '118', 'E', '2018-03-28 21:42:04', '2018-03-28 21:42:04', '1', '1', '1');
INSERT INTO `t_def_role_privilege_rela` VALUES ('9813', '1', '119', 'E', '2018-03-28 21:42:04', '2018-03-28 21:42:04', '1', '1', '1');
INSERT INTO `t_def_role_privilege_rela` VALUES ('9814', '1', '123', 'E', '2018-03-28 21:42:04', '2018-03-28 21:42:04', '1', '1', '1');
INSERT INTO `t_def_role_privilege_rela` VALUES ('9815', '1', '121', 'E', '2018-03-28 21:42:04', '2018-03-28 21:42:04', '1', '1', '1');
INSERT INTO `t_def_role_privilege_rela` VALUES ('9816', '1', '174', 'E', '2018-03-28 21:42:04', '2018-03-28 21:42:04', '1', '1', '1');
INSERT INTO `t_def_role_privilege_rela` VALUES ('9817', '1', '124', 'E', '2018-03-28 21:42:04', '2018-03-28 21:42:04', '1', '1', '1');
INSERT INTO `t_def_role_privilege_rela` VALUES ('9818', '1', '125', 'E', '2018-03-28 21:42:04', '2018-03-28 21:42:04', '1', '1', '1');
INSERT INTO `t_def_role_privilege_rela` VALUES ('9819', '1', '126', 'E', '2018-03-28 21:42:04', '2018-03-28 21:42:04', '1', '1', '1');
INSERT INTO `t_def_role_privilege_rela` VALUES ('9820', '1', '231', 'E', '2018-03-28 21:42:04', '2018-03-28 21:42:04', '1', '1', '1');
INSERT INTO `t_def_role_privilege_rela` VALUES ('9821', '1', '130', 'E', '2018-03-28 21:42:04', '2018-03-28 21:42:04', '1', '1', '1');
INSERT INTO `t_def_role_privilege_rela` VALUES ('9822', '1', '172', 'E', '2018-03-28 21:42:04', '2018-03-28 21:42:04', '1', '1', '1');
INSERT INTO `t_def_role_privilege_rela` VALUES ('9823', '1', '175', 'E', '2018-03-28 21:42:04', '2018-03-28 21:42:04', '1', '1', '1');
INSERT INTO `t_def_role_privilege_rela` VALUES ('9824', '1', '96', 'E', '2018-03-28 21:42:04', '2018-03-28 21:42:04', '1', '1', '1');
INSERT INTO `t_def_role_privilege_rela` VALUES ('9825', '1', '133', 'E', '2018-03-28 21:42:04', '2018-03-28 21:42:04', '1', '1', '1');
INSERT INTO `t_def_role_privilege_rela` VALUES ('9826', '1', '134', 'E', '2018-03-28 21:42:04', '2018-03-28 21:42:04', '1', '1', '1');
INSERT INTO `t_def_role_privilege_rela` VALUES ('9827', '1', '92', 'E', '2018-03-28 21:42:04', '2018-03-28 21:42:04', '1', '1', '1');
INSERT INTO `t_def_role_privilege_rela` VALUES ('9828', '1', '115', 'E', '2018-03-28 21:42:04', '2018-03-28 21:42:04', '1', '1', '1');
INSERT INTO `t_def_role_privilege_rela` VALUES ('9829', '1', '116', 'E', '2018-03-28 21:42:04', '2018-03-28 21:42:04', '1', '1', '1');
INSERT INTO `t_def_role_privilege_rela` VALUES ('9830', '1', '135', 'E', '2018-03-28 21:42:04', '2018-03-28 21:42:04', '1', '1', '1');
INSERT INTO `t_def_role_privilege_rela` VALUES ('9831', '1', '136', 'E', '2018-03-28 21:42:04', '2018-03-28 21:42:04', '1', '1', '1');
INSERT INTO `t_def_role_privilege_rela` VALUES ('9832', '1', '137', 'E', '2018-03-28 21:42:04', '2018-03-28 21:42:04', '1', '1', '1');
INSERT INTO `t_def_role_privilege_rela` VALUES ('9833', '1', '138', 'E', '2018-03-28 21:42:04', '2018-03-28 21:42:04', '1', '1', '1');
INSERT INTO `t_def_role_privilege_rela` VALUES ('9834', '1', '147', 'E', '2018-03-28 21:42:04', '2018-03-28 21:42:04', '1', '1', '1');
INSERT INTO `t_def_role_privilege_rela` VALUES ('9835', '1', '148', 'E', '2018-03-28 21:42:04', '2018-03-28 21:42:04', '1', '1', '1');
INSERT INTO `t_def_role_privilege_rela` VALUES ('9836', '1', '149', 'E', '2018-03-28 21:42:04', '2018-03-28 21:42:04', '1', '1', '1');
INSERT INTO `t_def_role_privilege_rela` VALUES ('9837', '1', '150', 'E', '2018-03-28 21:42:04', '2018-03-28 21:42:04', '1', '1', '1');
INSERT INTO `t_def_role_privilege_rela` VALUES ('9838', '1', '229', 'E', '2018-03-28 21:42:04', '2018-03-28 21:42:04', '1', '1', '1');
INSERT INTO `t_def_role_privilege_rela` VALUES ('9839', '1', '230', 'E', '2018-03-28 21:42:04', '2018-03-28 21:42:04', '1', '1', '1');
INSERT INTO `t_def_role_privilege_rela` VALUES ('9840', '1', '157', 'E', '2018-03-28 21:42:04', '2018-03-28 21:42:04', '1', '1', '1');
INSERT INTO `t_def_role_privilege_rela` VALUES ('9841', '1', '177', 'E', '2018-03-28 21:42:04', '2018-03-28 21:42:04', '1', '1', '1');
INSERT INTO `t_def_role_privilege_rela` VALUES ('9842', '1', '158', 'E', '2018-03-28 21:42:04', '2018-03-28 21:42:04', '1', '1', '1');
INSERT INTO `t_def_role_privilege_rela` VALUES ('9843', '1', '159', 'E', '2018-03-28 21:42:04', '2018-03-28 21:42:04', '1', '1', '1');
INSERT INTO `t_def_role_privilege_rela` VALUES ('9844', '1', '162', 'E', '2018-03-28 21:42:04', '2018-03-28 21:42:04', '1', '1', '1');
INSERT INTO `t_def_role_privilege_rela` VALUES ('9845', '1', '163', 'E', '2018-03-28 21:42:04', '2018-03-28 21:42:04', '1', '1', '1');
INSERT INTO `t_def_role_privilege_rela` VALUES ('9846', '1', '164', 'E', '2018-03-28 21:42:04', '2018-03-28 21:42:04', '1', '1', '1');
INSERT INTO `t_def_role_privilege_rela` VALUES ('9847', '1', '165', 'E', '2018-03-28 21:42:04', '2018-03-28 21:42:04', '1', '1', '1');
INSERT INTO `t_def_role_privilege_rela` VALUES ('9848', '1', '209', 'E', '2018-03-28 21:42:04', '2018-03-28 21:42:04', '1', '1', '1');
INSERT INTO `t_def_role_privilege_rela` VALUES ('9849', '1', '210', 'E', '2018-03-28 21:42:04', '2018-03-28 21:42:04', '1', '1', '1');
INSERT INTO `t_def_role_privilege_rela` VALUES ('9850', '1', '213', 'E', '2018-03-28 21:42:04', '2018-03-28 21:42:04', '1', '1', '1');
INSERT INTO `t_def_role_privilege_rela` VALUES ('9851', '1', '221', 'E', '2018-03-28 21:42:04', '2018-03-28 21:42:04', '1', '1', '1');
INSERT INTO `t_def_role_privilege_rela` VALUES ('9852', '1', '222', 'E', '2018-03-28 21:42:04', '2018-03-28 21:42:04', '1', '1', '1');
INSERT INTO `t_def_role_privilege_rela` VALUES ('9853', '1', '223', 'E', '2018-03-28 21:42:04', '2018-03-28 21:42:04', '1', '1', '1');
INSERT INTO `t_def_role_privilege_rela` VALUES ('9854', '1', '224', 'E', '2018-03-28 21:42:04', '2018-03-28 21:42:04', '1', '1', '1');
INSERT INTO `t_def_role_privilege_rela` VALUES ('9855', '1', '225', 'E', '2018-03-28 21:42:04', '2018-03-28 21:42:04', '1', '1', '1');
INSERT INTO `t_def_role_privilege_rela` VALUES ('9856', '1', '207', 'E', '2018-03-28 21:42:04', '2018-03-28 21:42:04', '1', '1', '1');
INSERT INTO `t_def_role_privilege_rela` VALUES ('9857', '1', '208', 'E', '2018-03-28 21:42:04', '2018-03-28 21:42:04', '1', '1', '1');
INSERT INTO `t_def_role_privilege_rela` VALUES ('9858', '1', '139', 'E', '2018-03-28 21:42:04', '2018-03-28 21:42:04', '1', '1', '1');
INSERT INTO `t_def_role_privilege_rela` VALUES ('9859', '1', '140', 'E', '2018-03-28 21:42:04', '2018-03-28 21:42:04', '1', '1', '1');
INSERT INTO `t_def_role_privilege_rela` VALUES ('9860', '1', '141', 'E', '2018-03-28 21:42:04', '2018-03-28 21:42:04', '1', '1', '1');
INSERT INTO `t_def_role_privilege_rela` VALUES ('9861', '1', '168', 'E', '2018-03-28 21:42:04', '2018-03-28 21:42:04', '1', '1', '1');
INSERT INTO `t_def_role_privilege_rela` VALUES ('9862', '1', '142', 'E', '2018-03-28 21:42:04', '2018-03-28 21:42:04', '1', '1', '1');
INSERT INTO `t_def_role_privilege_rela` VALUES ('9863', '1', '143', 'E', '2018-03-28 21:42:04', '2018-03-28 21:42:04', '1', '1', '1');
INSERT INTO `t_def_role_privilege_rela` VALUES ('9864', '1', '144', 'E', '2018-03-28 21:42:04', '2018-03-28 21:42:04', '1', '1', '1');
INSERT INTO `t_def_role_privilege_rela` VALUES ('9865', '1', '145', 'E', '2018-03-28 21:42:04', '2018-03-28 21:42:04', '1', '1', '1');
INSERT INTO `t_def_role_privilege_rela` VALUES ('9866', '1', '146', 'E', '2018-03-28 21:42:04', '2018-03-28 21:42:04', '1', '1', '1');
INSERT INTO `t_def_role_privilege_rela` VALUES ('9867', '1', '167', 'E', '2018-03-28 21:42:04', '2018-03-28 21:42:04', '1', '1', '1');
INSERT INTO `t_def_role_privilege_rela` VALUES ('9868', '1', '153', 'E', '2018-03-28 21:42:04', '2018-03-28 21:42:04', '1', '1', '1');
INSERT INTO `t_def_role_privilege_rela` VALUES ('9869', '1', '155', 'E', '2018-03-28 21:42:04', '2018-03-28 21:42:04', '1', '1', '1');
INSERT INTO `t_def_role_privilege_rela` VALUES ('9870', '1', '156', 'E', '2018-03-28 21:42:04', '2018-03-28 21:42:04', '1', '1', '1');
INSERT INTO `t_def_role_privilege_rela` VALUES ('9871', '1', '232', 'E', '2018-03-28 21:42:04', '2018-03-28 21:42:04', '1', '1', '1');
INSERT INTO `t_def_role_privilege_rela` VALUES ('9872', '1', '233', 'E', '2018-03-28 21:42:04', '2018-03-28 21:42:04', '1', '1', '1');
INSERT INTO `t_def_role_privilege_rela` VALUES ('9873', '1', '234', 'E', '2018-03-28 21:42:04', '2018-03-28 21:42:04', '1', '1', '1');
INSERT INTO `t_def_role_privilege_rela` VALUES ('9874', '1', '235', 'E', '2018-03-28 21:42:04', '2018-03-28 21:42:04', '1', '1', '1');
INSERT INTO `t_def_role_privilege_rela` VALUES ('9875', '1', '236', 'E', '2018-03-28 21:42:04', '2018-03-28 21:42:04', '1', '1', '1');
INSERT INTO `t_def_role_privilege_rela` VALUES ('9876', '1', '226', 'E', '2018-03-28 21:42:04', '2018-03-28 21:42:04', '1', '1', '1');
INSERT INTO `t_def_role_privilege_rela` VALUES ('9877', '1', '227', 'E', '2018-03-28 21:42:04', '2018-03-28 21:42:04', '1', '1', '1');
INSERT INTO `t_def_role_privilege_rela` VALUES ('9878', '1', '228', 'E', '2018-03-28 21:42:04', '2018-03-28 21:42:04', '1', '1', '1');

-- ----------------------------
-- Table structure for t_def_store
-- ----------------------------
DROP TABLE IF EXISTS `t_def_store`;
CREATE TABLE `t_def_store` (
  `STORE_ID` bigint(20) NOT NULL AUTO_INCREMENT,
  `BUILDING_ID` bigint(20) DEFAULT NULL,
  `COM_ID` bigint(20) DEFAULT NULL,
  `STORE_CODE` varchar(20) DEFAULT NULL,
  `STORE_NAME` varchar(200) DEFAULT NULL,
  `STATE` varchar(20) DEFAULT NULL,
  `TYPE` varchar(20) DEFAULT NULL,
  `START_DATE` date DEFAULT NULL,
  `END_DATE` date DEFAULT NULL,
  `AREA` decimal(12,2) DEFAULT NULL,
  `PROVINCE` varchar(20) DEFAULT NULL,
  `CITY` varchar(20) DEFAULT NULL,
  `COUNTRY` varchar(40) DEFAULT NULL,
  `STREET` varchar(100) DEFAULT NULL,
  `PHONE` varchar(18) DEFAULT NULL,
  `ZIP_CODE` varchar(6) DEFAULT NULL,
  `FAX` varchar(20) DEFAULT NULL,
  `LICENSE` varchar(100) DEFAULT NULL,
  `MANAGER_NAME` varchar(50) DEFAULT NULL,
  `MANAGER_MOBILE` varchar(100) DEFAULT NULL,
  `BELONG_START_DATE` date DEFAULT NULL,
  `BELONG_END_DATE` date DEFAULT NULL,
  `RC_STATE` varchar(1) NOT NULL,
  `CREATE_DATE` datetime NOT NULL,
  `MODIFY_DATE` datetime NOT NULL,
  `OPER_COM_ID` bigint(20) NOT NULL,
  `CREATE_USER_ID` bigint(20) NOT NULL,
  `MODIFY_USER_ID` bigint(20) NOT NULL,
  `SITE_SELECTION_FINISH_TIME` date DEFAULT NULL,
  `LEASE_FINISH_TIME` date DEFAULT NULL,
  `DECORATION_FINISH_TIME` date DEFAULT NULL,
  `LEASE_START_DATE` date DEFAULT NULL,
  `LEASE_END_DATE` date DEFAULT NULL,
  `DEPOSIT` decimal(20,4) DEFAULT NULL,
  `AGENCY_FEE` decimal(20,4) DEFAULT NULL,
  `INVOICE_TAX_FEE` decimal(20,4) DEFAULT NULL,
  `MANAGEMENT_FEE_STANDARDS` decimal(20,4) DEFAULT NULL,
  `CONTRACT_CONDITION` varchar(2) DEFAULT NULL,
  PRIMARY KEY (`STORE_ID`),
  KEY `FK_T_DEF_ST_REFERENCE_T_DEF_CO` (`COM_ID`) USING BTREE,
  KEY `FK_T_DEF_ST_REF_T_DEF_BU` (`BUILDING_ID`) USING BTREE,
  CONSTRAINT `t_def_store_ibfk_1` FOREIGN KEY (`COM_ID`) REFERENCES `t_def_com` (`COM_ID`),
  CONSTRAINT `t_def_store_ibfk_2` FOREIGN KEY (`BUILDING_ID`) REFERENCES `t_def_building` (`BUILDING_ID`)
) ENGINE=InnoDB DEFAULT CHARSET=utf8;

-- ----------------------------
-- Records of t_def_store
-- ----------------------------

-- ----------------------------
-- Table structure for t_def_store_lease_info
-- ----------------------------
DROP TABLE IF EXISTS `t_def_store_lease_info`;
CREATE TABLE `t_def_store_lease_info` (
  `STORE_LEASE_INFO_ID` bigint(20) NOT NULL AUTO_INCREMENT,
  `STORE_ID` bigint(20) NOT NULL,
  `LEASE_YEAR` varchar(4) DEFAULT NULL,
  `LEASE_MONEY` decimal(20,4) DEFAULT NULL,
  `PAY_STATUS_REMARK` varchar(400) DEFAULT NULL,
  `RC_STATE` varchar(1) NOT NULL,
  `CREATE_DATE` datetime NOT NULL,
  `MODIFY_DATE` datetime NOT NULL,
  `OPER_COM_ID` bigint(20) NOT NULL,
  `CREATE_USER_ID` bigint(20) NOT NULL,
  `MODIFY_USER_ID` bigint(20) NOT NULL,
  PRIMARY KEY (`STORE_LEASE_INFO_ID`)
) ENGINE=InnoDB DEFAULT CHARSET=utf8;

-- ----------------------------
-- Records of t_def_store_lease_info
-- ----------------------------

-- ----------------------------
-- Table structure for t_def_store_photo
-- ----------------------------
DROP TABLE IF EXISTS `t_def_store_photo`;
CREATE TABLE `t_def_store_photo` (
  `STORE_PHOTO_INFO_ID` bigint(20) NOT NULL AUTO_INCREMENT,
  `STORE_ID` bigint(20) NOT NULL,
  `STORE_PHOTO` varchar(100) NOT NULL,
  `STORE_PHOTO_DESCRIBE` varchar(200) DEFAULT NULL,
  `RC_STATE` varchar(1) NOT NULL,
  `CREATE_DATE` datetime NOT NULL,
  `MODIFY_DATE` datetime NOT NULL,
  `OPER_COM_ID` bigint(20) NOT NULL,
  `CREATE_USER_ID` bigint(20) NOT NULL,
  `MODIFY_USER_ID` bigint(20) NOT NULL,
  PRIMARY KEY (`STORE_PHOTO_INFO_ID`)
) ENGINE=InnoDB DEFAULT CHARSET=utf8;

-- ----------------------------
-- Records of t_def_store_photo
-- ----------------------------

-- ----------------------------
-- Table structure for t_def_user
-- ----------------------------
DROP TABLE IF EXISTS `t_def_user`;
CREATE TABLE `t_def_user` (
  `USER_ID` bigint(20) NOT NULL AUTO_INCREMENT,
  `COM_ID` bigint(20) DEFAULT NULL,
  `STORE_ID` bigint(20) DEFAULT NULL,
  `DEPARTMENT_ID` bigint(20) DEFAULT NULL,
  `USER_CODE` varchar(20) DEFAULT NULL,
  `USER_NAME` varchar(50) DEFAULT NULL,
  `PASSWORD` varchar(100) DEFAULT NULL,
  `EMAIL` varchar(50) DEFAULT NULL,
  `STATE` varchar(2) DEFAULT NULL,
  `VALIDSTART_DATE` date DEFAULT NULL,
  `VALIDEND_DATE` date DEFAULT NULL,
  `RC_STATE` varchar(1) NOT NULL,
  `CREATE_DATE` datetime NOT NULL,
  `MODIFY_DATE` datetime NOT NULL,
  `OPER_COM_ID` bigint(20) NOT NULL,
  `CREATE_USER_ID` bigint(20) NOT NULL,
  `MODIFY_USER_ID` bigint(20) NOT NULL,
  PRIMARY KEY (`USER_ID`),
  KEY `FK_T_DEF_US_REFERENCE_T_DEF_CO` (`COM_ID`) USING BTREE,
  KEY `FK_T_DEF_US_REF_T_DEF_DE` (`DEPARTMENT_ID`) USING BTREE,
  KEY `FK_T_DEF_US_REF_T_DEF_ST` (`STORE_ID`) USING BTREE,
  CONSTRAINT `t_def_user_ibfk_1` FOREIGN KEY (`COM_ID`) REFERENCES `t_def_com` (`COM_ID`),
  CONSTRAINT `t_def_user_ibfk_2` FOREIGN KEY (`DEPARTMENT_ID`) REFERENCES `t_def_department` (`DEPARTMENT_ID`),
  CONSTRAINT `t_def_user_ibfk_3` FOREIGN KEY (`STORE_ID`) REFERENCES `t_def_store` (`STORE_ID`)
) ENGINE=InnoDB AUTO_INCREMENT=157 DEFAULT CHARSET=utf8;

-- ----------------------------
-- Records of t_def_user
-- ----------------------------
INSERT INTO `t_def_user` VALUES ('1', '1', null, null, 'admin', 'admin', '21232f297a57a5a743894a0e4a801fc3', null, '01', '2015-02-11', '2015-12-09', 'E', '2015-02-11 00:00:00', '2017-09-09 09:49:44', '1', '1', '1');
INSERT INTO `t_def_user` VALUES ('150', '1', null, null, 'xuxu', '蓄蓄', 'b96b03c3d38dac7ad0a0a0df2ddd8c7d', null, '01', '2016-11-28', null, 'D', '2016-11-28 14:41:35', '2017-09-09 11:49:21', '1', '1', '1');
INSERT INTO `t_def_user` VALUES ('151', '12', null, null, 'zhuyueming', '朱月明', '21218cca77804d2ba1922c33e0151105', '503432876@qq.com', '01', '2016-12-16', null, 'E', '2016-12-16 13:59:28', '2016-12-16 13:59:28', '1', '1', '1');
INSERT INTO `t_def_user` VALUES ('152', '1', null, null, 'testrole', 'test', '9e87613bf77d50f190dca2a795efcc44', null, '01', '2017-03-16', null, 'D', '2017-03-16 09:50:47', '2017-09-09 11:49:17', '1', '1', '1');
INSERT INTO `t_def_user` VALUES ('153', '1', null, null, 'tester', 'tester', 'f5d1278e8109edd94e1e4197e04873b9', null, '01', '2017-04-18', null, 'D', '2017-04-18 14:27:24', '2017-09-09 11:49:14', '1', '1', '1');
INSERT INTO `t_def_user` VALUES ('154', '12', null, '20', 'wangshanshan', '王珊珊', '21218cca77804d2ba1922c33e0151105', null, '01', '2017-09-09', null, 'E', '2017-09-09 11:25:46', '2017-09-09 11:25:46', '1', '1', '1');
INSERT INTO `t_def_user` VALUES ('155', '12', null, null, 'zhangzhe', '张哲', '21218cca77804d2ba1922c33e0151105', null, '01', '2017-09-09', null, 'E', '2017-09-09 11:30:27', '2017-09-09 11:30:27', '1', '1', '1');
INSERT INTO `t_def_user` VALUES ('156', '12', null, null, 'zhangtao', '张涛', '21218cca77804d2ba1922c33e0151105', null, '01', '2017-09-10', '2017-09-10', 'E', '2017-09-10 10:05:43', '2017-09-10 10:05:45', '1', '1', '1');

-- ----------------------------
-- Table structure for t_def_user_role_rela
-- ----------------------------
DROP TABLE IF EXISTS `t_def_user_role_rela`;
CREATE TABLE `t_def_user_role_rela` (
  `USER_ROLERELA_ID` bigint(20) NOT NULL AUTO_INCREMENT,
  `USER_ID` bigint(20) DEFAULT NULL,
  `ROLE_ID` bigint(20) DEFAULT NULL,
  `RC_STATE` varchar(1) NOT NULL,
  `CREATE_DATE` datetime NOT NULL,
  `MODIFY_DATE` datetime NOT NULL,
  `OPER_COM_ID` bigint(20) NOT NULL,
  `CREATE_USER_ID` bigint(20) NOT NULL,
  `MODIFY_USER_ID` bigint(20) NOT NULL,
  PRIMARY KEY (`USER_ROLERELA_ID`),
  KEY `FK_T_DEF_US_REF_T_DEF_RO` (`ROLE_ID`) USING BTREE,
  KEY `FK_T_DEF_US_REF_T_DEF_US` (`USER_ID`) USING BTREE,
  CONSTRAINT `t_def_user_role_rela_ibfk_1` FOREIGN KEY (`ROLE_ID`) REFERENCES `t_def_role` (`ROLE_ID`),
  CONSTRAINT `t_def_user_role_rela_ibfk_2` FOREIGN KEY (`USER_ID`) REFERENCES `t_def_user` (`USER_ID`)
) ENGINE=InnoDB AUTO_INCREMENT=431 DEFAULT CHARSET=utf8;

-- ----------------------------
-- Records of t_def_user_role_rela
-- ----------------------------
INSERT INTO `t_def_user_role_rela` VALUES ('1', '1', '1', 'E', '2015-12-09 11:01:29', '2015-12-09 11:01:34', '1', '1', '1');
INSERT INTO `t_def_user_role_rela` VALUES ('220', '154', '9', 'D', '2017-09-09 11:25:46', '2017-09-09 17:43:59', '1', '1', '1');
INSERT INTO `t_def_user_role_rela` VALUES ('222', '155', '11', 'E', '2017-09-09 11:49:02', '2017-09-09 11:49:02', '1', '1', '1');
INSERT INTO `t_def_user_role_rela` VALUES ('428', '154', '9', 'E', '2017-09-09 17:43:59', '2017-09-09 17:43:59', '1', '1', '1');
INSERT INTO `t_def_user_role_rela` VALUES ('429', '151', '10', 'E', '2017-09-10 09:01:24', '2017-09-10 09:01:24', '1', '1', '1');
INSERT INTO `t_def_user_role_rela` VALUES ('430', '156', '9', 'E', '2017-09-10 10:06:37', '2017-09-10 10:06:37', '1', '1', '1');

-- ----------------------------
-- Table structure for t_def_user_role_rela_copy
-- ----------------------------
DROP TABLE IF EXISTS `t_def_user_role_rela_copy`;
CREATE TABLE `t_def_user_role_rela_copy` (
  `USER_ROLERELA_ID` bigint(20) NOT NULL AUTO_INCREMENT,
  `USER_ID` bigint(20) DEFAULT NULL,
  `ROLE_ID` bigint(20) DEFAULT NULL,
  `RC_STATE` varchar(1) NOT NULL,
  `CREATE_DATE` datetime NOT NULL,
  `MODIFY_DATE` datetime NOT NULL,
  `OPER_COM_ID` bigint(20) NOT NULL,
  `CREATE_USER_ID` bigint(20) NOT NULL,
  `MODIFY_USER_ID` bigint(20) NOT NULL,
  PRIMARY KEY (`USER_ROLERELA_ID`),
  KEY `FK_T_DEF_US_REF_T_DEF_RO` (`ROLE_ID`) USING BTREE,
  KEY `FK_T_DEF_US_REF_T_DEF_US` (`USER_ID`) USING BTREE,
  CONSTRAINT `t_def_user_role_rela_copy_ibfk_1` FOREIGN KEY (`ROLE_ID`) REFERENCES `t_def_role` (`ROLE_ID`),
  CONSTRAINT `t_def_user_role_rela_copy_ibfk_2` FOREIGN KEY (`USER_ID`) REFERENCES `t_def_user` (`USER_ID`)
) ENGINE=InnoDB DEFAULT CHARSET=utf8;

-- ----------------------------
-- Records of t_def_user_role_rela_copy
-- ----------------------------

-- ----------------------------
-- Table structure for t_deparment_belong_trace
-- ----------------------------
DROP TABLE IF EXISTS `t_deparment_belong_trace`;
CREATE TABLE `t_deparment_belong_trace` (
  `BLCOM_ID` bigint(20) NOT NULL AUTO_INCREMENT,
  `DEPARTMENT_ID` bigint(20) DEFAULT NULL,
  `BELONG_COM_ID` bigint(20) DEFAULT NULL,
  `START_DATE` date DEFAULT NULL,
  `END_DATE` date DEFAULT NULL,
  `RC_STATE` varchar(1) NOT NULL,
  `CREATE_DATE` datetime NOT NULL,
  `MODIFY_DATE` datetime NOT NULL,
  `OPER_COM_ID` bigint(20) NOT NULL,
  `CREATE_USER_ID` bigint(20) NOT NULL,
  `MODIFY_USER_ID` bigint(20) NOT NULL,
  PRIMARY KEY (`BLCOM_ID`),
  KEY `FK_T_DEPARM_REFERENCE_T_DEF_DE` (`DEPARTMENT_ID`) USING BTREE,
  CONSTRAINT `t_deparment_belong_trace_ibfk_1` FOREIGN KEY (`DEPARTMENT_ID`) REFERENCES `t_def_department` (`DEPARTMENT_ID`)
) ENGINE=InnoDB DEFAULT CHARSET=utf8;

-- ----------------------------
-- Records of t_deparment_belong_trace
-- ----------------------------

-- ----------------------------
-- Table structure for t_holidays
-- ----------------------------
DROP TABLE IF EXISTS `t_holidays`;
CREATE TABLE `t_holidays` (
  `sid` int(11) NOT NULL AUTO_INCREMENT COMMENT '系统流水号',
  `holiday` varchar(100) DEFAULT NULL COMMENT '非工作日',
  `busstype` varchar(100) DEFAULT NULL COMMENT 'Busstype   2 代表周末    3代表节假日',
  `opeartor_id` int(11) DEFAULT NULL COMMENT '操作者',
  `create_date` datetime DEFAULT NULL COMMENT '生成时间',
  `update_date` datetime DEFAULT NULL COMMENT '修改时间',
  PRIMARY KEY (`sid`)
) ENGINE=InnoDB DEFAULT CHARSET=latin1 COMMENT='非工作日信息表';

-- ----------------------------
-- Records of t_holidays
-- ----------------------------

-- ----------------------------
-- Table structure for t_manager
-- ----------------------------
DROP TABLE IF EXISTS `t_manager`;
CREATE TABLE `t_manager` (
  `MANAGER_ID` bigint(20) NOT NULL AUTO_INCREMENT,
  `CHN_NAME` varchar(10) DEFAULT NULL,
  `MOBILE` varchar(20) DEFAULT NULL,
  `RC_STATE` varchar(1) DEFAULT NULL,
  `CREATE_DATE` datetime NOT NULL,
  `MODIFY_DATE` datetime NOT NULL,
  `OPER_COM_ID` bigint(20) NOT NULL,
  `CREATE_USER_ID` bigint(20) NOT NULL,
  `MODIFY_USER_ID` bigint(20) NOT NULL,
  PRIMARY KEY (`MANAGER_ID`)
) ENGINE=InnoDB DEFAULT CHARSET=utf8;

-- ----------------------------
-- Records of t_manager
-- ----------------------------

-- ----------------------------
-- Table structure for t_pd_amount_dis_info
-- ----------------------------
DROP TABLE IF EXISTS `t_pd_amount_dis_info`;
CREATE TABLE `t_pd_amount_dis_info` (
  `PD_AMOUNT_DIS_INFO_ID` bigint(20) NOT NULL AUTO_INCREMENT,
  `PRODUCT_ID` bigint(20) DEFAULT NULL,
  `COM_ID` bigint(20) DEFAULT NULL,
  `EXPECT_OPEN_DAY` date DEFAULT NULL,
  `AMOUNT` decimal(16,2) DEFAULT NULL,
  `RC_STATE` varchar(1) NOT NULL,
  `CREATE_DATE` datetime NOT NULL,
  `MODIFY_DATE` datetime NOT NULL,
  `OPER_COM_ID` bigint(20) NOT NULL,
  `CREATE_USER_ID` bigint(20) NOT NULL,
  `MODIFY_USER_ID` bigint(20) NOT NULL,
  PRIMARY KEY (`PD_AMOUNT_DIS_INFO_ID`)
) ENGINE=InnoDB AUTO_INCREMENT=2 DEFAULT CHARSET=utf8;

-- ----------------------------
-- Records of t_pd_amount_dis_info
-- ----------------------------
INSERT INTO `t_pd_amount_dis_info` VALUES ('1', '1509', '12', '2017-09-30', '8000000.00', 'E', '2017-09-10 14:53:12', '2017-09-11 09:39:47', '1', '1', '1');

-- ----------------------------
-- Table structure for t_pd_amount_order_info
-- ----------------------------
DROP TABLE IF EXISTS `t_pd_amount_order_info`;
CREATE TABLE `t_pd_amount_order_info` (
  `PD_AMOUNT_ORDER_INFO_ID` bigint(20) NOT NULL AUTO_INCREMENT,
  `PRODUCT_ID` bigint(20) DEFAULT NULL,
  `COM_ID` bigint(20) DEFAULT NULL,
  `AGENT_ID` bigint(20) DEFAULT NULL,
  `CUST_BASE_INFO_ID` bigint(20) DEFAULT NULL,
  `EXPECT_OPEN_DAY` date DEFAULT NULL,
  `CUST_NAME` varchar(40) DEFAULT NULL,
  `ORDER_AMOUNT` decimal(16,2) DEFAULT NULL,
  `INVITE_CODE` varchar(10) DEFAULT NULL,
  `ID_TYPE` varchar(2) DEFAULT NULL,
  `ID_NO` varchar(20) DEFAULT NULL,
  `ID_VALIDITY_DATE` varchar(10) DEFAULT NULL,
  `BANK_CODE` varchar(40) DEFAULT NULL,
  `ACC_NAME` varchar(20) DEFAULT NULL,
  `ACC_NO` varchar(20) DEFAULT NULL,
  `MOBILE` varchar(20) DEFAULT NULL,
  `EMAIL` varchar(40) DEFAULT NULL,
  `PROVINCE` varchar(10) DEFAULT NULL,
  `CITY` varchar(10) DEFAULT NULL,
  `COUNTRY` varchar(10) DEFAULT NULL,
  `ADDRESS` varchar(100) DEFAULT NULL,
  `ORDER_STATUS` varchar(2) DEFAULT NULL,
  `RC_STATE` varchar(1) NOT NULL,
  `CREATE_DATE` datetime NOT NULL,
  `MODIFY_DATE` datetime NOT NULL,
  `OPER_COM_ID` bigint(20) NOT NULL,
  `CREATE_USER_ID` bigint(20) NOT NULL,
  `MODIFY_USER_ID` bigint(20) NOT NULL,
  `PLAN_TRANSFER_DATE` date DEFAULT NULL,
  `IS_OLD_CUSTOMER` varchar(10) DEFAULT NULL,
  `TRADE_INFO_ID` bigint(20) DEFAULT NULL,
  `EARNEST_AUDIT_DATE` date DEFAULT NULL,
  PRIMARY KEY (`PD_AMOUNT_ORDER_INFO_ID`)
) ENGINE=InnoDB AUTO_INCREMENT=1680 DEFAULT CHARSET=utf8;

-- ----------------------------
-- Records of t_pd_amount_order_info
-- ----------------------------
INSERT INTO `t_pd_amount_order_info` VALUES ('1673', '1509', '12', '231', '1325', '2017-09-30', '王诺', '1000000.00', null, '0', '99108877333231', '3000-12-31', null, null, null, null, '18238070122@163.com', null, null, null, null, '02', 'E', '2017-09-09 18:48:50', '2017-09-10 11:34:38', '12', '154', '151', '2017-09-18', '01', '3152', '2017-09-10');
INSERT INTO `t_pd_amount_order_info` VALUES ('1674', '1510', '12', '232', '1327', '2017-09-26', '张清', '200000.00', null, '0', '1234567', '3000-12-31', null, null, null, null, '1823807012@163.com', null, null, null, null, '02', 'E', '2017-09-10 10:21:38', '2017-09-10 11:34:32', '12', '156', '151', '2017-09-12', '02', '3157', '2017-09-10');
INSERT INTO `t_pd_amount_order_info` VALUES ('1675', '1509', '12', '231', '1326', '2017-09-30', '李文', '4000000.00', null, '0', '112349876633333', '3000-12-31', null, null, null, null, '18238070122@163.com', null, null, null, null, '01', 'E', '2017-09-10 11:35:25', '2017-09-10 11:35:25', '12', '154', '154', '2017-09-10', '02', '3160', null);
INSERT INTO `t_pd_amount_order_info` VALUES ('1676', '1510', '12', '232', '1328', '2017-09-26', '王倩倩', '100000.00', null, '0', '42318873999872', '3000-12-31', null, null, null, null, '18238070112@163.com', null, null, null, null, '01', 'E', '2017-09-10 11:57:52', '2017-09-10 11:57:52', '12', '156', '156', '2017-09-11', '02', '3161', null);
INSERT INTO `t_pd_amount_order_info` VALUES ('1677', '1509', '12', '232', '1328', '2017-09-30', '王倩倩', '2000000.00', null, '0', '42318873999872', '3000-12-31', null, null, null, null, '18238070112@163.com', null, null, null, null, '01', 'E', '2017-09-10 14:34:09', '2017-09-10 14:34:09', '1', '1', '1', '2017-09-11', '02', '3163', null);
INSERT INTO `t_pd_amount_order_info` VALUES ('1678', '1508', '12', '231', '1325', '2018-06-01', '王诺', '100000.00', null, '0', '99108877333231', '3000-12-31', null, null, null, null, '18238070122@163.com', null, null, null, null, '01', 'E', '2018-03-20 21:47:55', '2018-03-20 21:47:55', '12', '154', '154', '2018-03-22', '02', '3168', null);
INSERT INTO `t_pd_amount_order_info` VALUES ('1679', '1508', '12', '231', '1326', '2018-06-01', '李文', '1000000.00', null, '0', '112349876633333', '3000-12-31', null, null, null, null, '18238070122@163.com', null, null, null, null, '01', 'E', '2018-03-20 21:51:21', '2018-03-20 21:51:21', '12', '154', '154', '2018-03-21', '02', '3169', null);

-- ----------------------------
-- Table structure for t_pd_amount_order_queue_info
-- ----------------------------
DROP TABLE IF EXISTS `t_pd_amount_order_queue_info`;
CREATE TABLE `t_pd_amount_order_queue_info` (
  `PD_AMOUNT_ORDER_QUEUE_INFO_ID` bigint(20) NOT NULL AUTO_INCREMENT,
  `PRODUCT_ID` bigint(20) DEFAULT NULL,
  `COM_ID` bigint(20) DEFAULT NULL,
  `AGENT_ID` bigint(20) DEFAULT NULL,
  `CUST_BASE_INFO_ID` bigint(20) DEFAULT NULL,
  `EXPECT_OPEN_DAY` date DEFAULT NULL,
  `CUST_NAME` varchar(40) DEFAULT NULL,
  `ORDER_AMOUNT` decimal(16,2) DEFAULT NULL,
  `INVITE_CODE` varchar(10) DEFAULT NULL,
  `ID_TYPE` varchar(2) DEFAULT NULL,
  `ID_NO` varchar(20) DEFAULT NULL,
  `ID_VALIDITY_DATE` varchar(10) DEFAULT NULL,
  `BANK_CODE` varchar(40) DEFAULT NULL,
  `ACC_NAME` varchar(20) DEFAULT NULL,
  `ACC_NO` varchar(20) DEFAULT NULL,
  `MOBILE` varchar(20) DEFAULT NULL,
  `EMAIL` varchar(40) DEFAULT NULL,
  `PROVINCE` varchar(10) DEFAULT NULL,
  `CITY` varchar(10) DEFAULT NULL,
  `COUNTRY` varchar(10) DEFAULT NULL,
  `ADDRESS` varchar(100) DEFAULT NULL,
  `ORDER_STATUS` varchar(2) DEFAULT NULL,
  `RC_STATE` varchar(1) NOT NULL,
  `CREATE_DATE` datetime NOT NULL,
  `MODIFY_DATE` datetime NOT NULL,
  `OPER_COM_ID` bigint(20) NOT NULL,
  `CREATE_USER_ID` bigint(20) NOT NULL,
  `MODIFY_USER_ID` bigint(20) NOT NULL,
  `PLAN_TRANSFER_DATE` date DEFAULT NULL,
  `ORDER_DATE` datetime DEFAULT NULL,
  `QUEUE_NO` bigint(20) DEFAULT NULL,
  `QUEUE_IS_DISTRIBUTE` varchar(5) DEFAULT NULL,
  `IS_OLD_CUSTOMER` varchar(10) DEFAULT NULL,
  PRIMARY KEY (`PD_AMOUNT_ORDER_QUEUE_INFO_ID`)
) ENGINE=InnoDB AUTO_INCREMENT=11 DEFAULT CHARSET=utf8;

-- ----------------------------
-- Records of t_pd_amount_order_queue_info
-- ----------------------------
INSERT INTO `t_pd_amount_order_queue_info` VALUES ('1', '1509', '12', '232', '1328', null, '王倩倩', '2000000.00', null, '0', '42318873999872', '3000-12-31', null, null, null, null, '18238070112@163.com', null, null, null, null, '04', 'E', '2017-09-10 11:36:18', '2017-09-10 14:34:09', '12', '156', '1', '2017-09-11', '2017-09-10 11:36:18', '1', '02', '02');
INSERT INTO `t_pd_amount_order_queue_info` VALUES ('2', '1509', '12', '232', '1328', null, '王倩倩', '2000000.00', null, '0', '42318873999872', '3000-12-31', null, null, null, null, '18238070112@163.com', null, null, null, null, '04', 'E', '2017-09-10 11:37:03', '2017-09-10 11:37:03', '12', '156', '156', '2017-09-11', '2017-09-10 11:37:03', '2', '01', '02');
INSERT INTO `t_pd_amount_order_queue_info` VALUES ('3', '1509', '12', '232', '1328', null, '王倩倩', '200000.00', null, '0', '42318873999872', '3000-12-31', null, null, null, null, '18238070112@163.com', null, null, null, null, '04', 'E', '2017-09-10 11:40:40', '2017-09-10 11:40:40', '12', '156', '156', '2017-09-11', '2017-09-10 11:40:40', '3', '01', '02');
INSERT INTO `t_pd_amount_order_queue_info` VALUES ('4', '1509', '12', '232', '1328', null, '王倩倩', '200000.00', null, '0', '42318873999872', '3000-12-31', null, null, null, null, '18238070112@163.com', null, null, null, null, '04', 'E', '2017-09-10 11:42:21', '2017-09-10 11:42:21', '12', '156', '156', '2017-09-10', '2017-09-10 11:42:21', '4', '01', '02');
INSERT INTO `t_pd_amount_order_queue_info` VALUES ('5', '1509', '12', '232', '1328', null, '王倩倩', '200000.00', null, '0', '42318873999872', '3000-12-31', null, null, null, null, '18238070112@163.com', null, null, null, null, '04', 'E', '2017-09-10 11:43:38', '2017-09-10 11:43:38', '12', '156', '156', '2017-09-10', '2017-09-10 11:43:38', '5', '01', '02');
INSERT INTO `t_pd_amount_order_queue_info` VALUES ('6', '1509', '12', '232', '1328', null, '王倩倩', '200000.00', null, '0', '42318873999872', '3000-12-31', null, null, null, null, '18238070112@163.com', null, null, null, null, '04', 'E', '2017-09-10 11:44:39', '2017-09-10 11:44:39', '12', '156', '156', '2017-09-11', '2017-09-10 11:44:39', '6', '01', '02');
INSERT INTO `t_pd_amount_order_queue_info` VALUES ('7', '1509', '12', '232', '1328', null, '王倩倩', '100000.00', null, '0', '42318873999872', '3000-12-31', null, null, null, null, '18238070112@163.com', null, null, null, null, '04', 'E', '2017-09-10 11:45:21', '2017-09-10 11:45:21', '12', '156', '156', '2017-09-10', '2017-09-10 11:45:21', '7', '01', '02');
INSERT INTO `t_pd_amount_order_queue_info` VALUES ('8', '1509', '12', '232', '1328', null, '王倩倩', '100000.00', null, '0', '42318873999872', '3000-12-31', null, null, null, null, '18238070112@163.com', null, null, null, null, '04', 'E', '2017-09-10 11:48:03', '2017-09-10 11:48:03', '12', '156', '156', '2017-09-11', '2017-09-10 11:48:03', '8', '01', '02');
INSERT INTO `t_pd_amount_order_queue_info` VALUES ('9', '1509', '12', '232', '1328', null, '王倩倩', '100000.00', null, '0', '42318873999872', '3000-12-31', null, null, null, null, '18238070112@163.com', null, null, null, null, '04', 'E', '2017-09-10 11:48:56', '2017-09-10 11:48:56', '12', '156', '156', '2017-09-11', '2017-09-10 11:50:21', '9', '01', '02');
INSERT INTO `t_pd_amount_order_queue_info` VALUES ('10', '1509', '12', '232', '1328', null, '王倩倩', '100000.00', null, '0', '42318873999872', '3000-12-31', null, null, null, null, '18238070112@163.com', null, null, null, null, '04', 'E', '2017-09-10 11:57:28', '2017-09-10 11:57:28', '12', '156', '156', '2017-09-11', '2017-09-10 11:57:28', '10', '01', '02');

-- ----------------------------
-- Table structure for t_pd_contract
-- ----------------------------
DROP TABLE IF EXISTS `t_pd_contract`;
CREATE TABLE `t_pd_contract` (
  `CONTRACT_ID` bigint(40) NOT NULL AUTO_INCREMENT,
  `PRODUCT_ID` bigint(40) DEFAULT NULL,
  `CONTRACT_CODE` varchar(20) DEFAULT NULL,
  `CONTRACT_START_NUM` bigint(20) DEFAULT NULL,
  `CONTRACT_END_NUM` bigint(20) DEFAULT NULL,
  `RC_STATE` varchar(1) NOT NULL,
  `CREATE_DATE` datetime NOT NULL,
  `MODIFY_DATE` datetime NOT NULL,
  `OPER_COM_ID` bigint(20) NOT NULL,
  `CREATE_USER_ID` bigint(20) NOT NULL,
  `MODIFY_USER_ID` bigint(20) NOT NULL,
  PRIMARY KEY (`CONTRACT_ID`)
) ENGINE=InnoDB AUTO_INCREMENT=2 DEFAULT CHARSET=utf8;

-- ----------------------------
-- Records of t_pd_contract
-- ----------------------------
INSERT INTO `t_pd_contract` VALUES ('1', '1510', 'LS0-01', '1', '100', 'E', '2017-09-10 10:15:28', '2017-09-10 10:15:28', '1', '1', '1');

-- ----------------------------
-- Table structure for t_pd_contract_detail
-- ----------------------------
DROP TABLE IF EXISTS `t_pd_contract_detail`;
CREATE TABLE `t_pd_contract_detail` (
  `CONTRACT_DETAIL_ID` bigint(40) NOT NULL AUTO_INCREMENT,
  `CONTRACT_ID` bigint(40) DEFAULT NULL,
  `TRADE_INFO_ID` bigint(40) DEFAULT NULL,
  `CONTRACT_NUMBER` varchar(200) DEFAULT NULL,
  `CONTRACT_STATUS` varchar(4) DEFAULT NULL,
  `RC_STATE` varchar(1) NOT NULL,
  `CREATE_DATE` datetime NOT NULL,
  `MODIFY_DATE` datetime NOT NULL,
  `OPER_COM_ID` bigint(20) NOT NULL,
  `CREATE_USER_ID` bigint(20) NOT NULL,
  `MODIFY_USER_ID` bigint(20) NOT NULL,
  PRIMARY KEY (`CONTRACT_DETAIL_ID`)
) ENGINE=InnoDB AUTO_INCREMENT=101 DEFAULT CHARSET=utf8;

-- ----------------------------
-- Records of t_pd_contract_detail
-- ----------------------------
INSERT INTO `t_pd_contract_detail` VALUES ('1', '1', null, 'LS0-01-001', '02', 'E', '2017-09-10 10:15:29', '2017-09-10 10:15:29', '1', '1', '1');
INSERT INTO `t_pd_contract_detail` VALUES ('2', '1', '3161', 'LS0-01-002', '01', 'E', '2017-09-10 11:58:16', '2017-09-10 11:58:16', '12', '156', '156');
INSERT INTO `t_pd_contract_detail` VALUES ('3', '1', '3157', 'LS0-01-003', '01', 'E', '2017-09-10 10:21:46', '2017-09-10 10:21:46', '12', '156', '156');
INSERT INTO `t_pd_contract_detail` VALUES ('4', '1', null, 'LS0-01-004', '02', 'E', '2017-09-10 10:15:29', '2017-09-10 10:15:29', '1', '1', '1');
INSERT INTO `t_pd_contract_detail` VALUES ('5', '1', null, 'LS0-01-005', '02', 'E', '2017-09-10 10:15:29', '2017-09-10 10:15:29', '1', '1', '1');
INSERT INTO `t_pd_contract_detail` VALUES ('6', '1', null, 'LS0-01-006', '02', 'E', '2017-09-10 10:15:29', '2017-09-10 10:15:29', '1', '1', '1');
INSERT INTO `t_pd_contract_detail` VALUES ('7', '1', null, 'LS0-01-007', '02', 'E', '2017-09-10 10:15:29', '2017-09-10 10:15:29', '1', '1', '1');
INSERT INTO `t_pd_contract_detail` VALUES ('8', '1', null, 'LS0-01-008', '02', 'E', '2017-09-10 10:15:29', '2017-09-10 10:15:29', '1', '1', '1');
INSERT INTO `t_pd_contract_detail` VALUES ('9', '1', null, 'LS0-01-009', '02', 'E', '2017-09-10 10:15:29', '2017-09-10 10:15:29', '1', '1', '1');
INSERT INTO `t_pd_contract_detail` VALUES ('10', '1', null, 'LS0-01-010', '02', 'E', '2017-09-10 10:15:29', '2017-09-10 10:15:29', '1', '1', '1');
INSERT INTO `t_pd_contract_detail` VALUES ('11', '1', null, 'LS0-01-011', '02', 'E', '2017-09-10 10:15:29', '2017-09-10 10:15:29', '1', '1', '1');
INSERT INTO `t_pd_contract_detail` VALUES ('12', '1', null, 'LS0-01-012', '02', 'E', '2017-09-10 10:15:29', '2017-09-10 10:15:29', '1', '1', '1');
INSERT INTO `t_pd_contract_detail` VALUES ('13', '1', null, 'LS0-01-013', '02', 'E', '2017-09-10 10:15:29', '2017-09-10 10:15:29', '1', '1', '1');
INSERT INTO `t_pd_contract_detail` VALUES ('14', '1', null, 'LS0-01-014', '02', 'E', '2017-09-10 10:15:29', '2017-09-10 10:15:29', '1', '1', '1');
INSERT INTO `t_pd_contract_detail` VALUES ('15', '1', null, 'LS0-01-015', '02', 'E', '2017-09-10 10:15:29', '2017-09-10 10:15:29', '1', '1', '1');
INSERT INTO `t_pd_contract_detail` VALUES ('16', '1', null, 'LS0-01-016', '02', 'E', '2017-09-10 10:15:29', '2017-09-10 10:15:29', '1', '1', '1');
INSERT INTO `t_pd_contract_detail` VALUES ('17', '1', null, 'LS0-01-017', '02', 'E', '2017-09-10 10:15:29', '2017-09-10 10:15:29', '1', '1', '1');
INSERT INTO `t_pd_contract_detail` VALUES ('18', '1', null, 'LS0-01-018', '02', 'E', '2017-09-10 10:15:29', '2017-09-10 10:15:29', '1', '1', '1');
INSERT INTO `t_pd_contract_detail` VALUES ('19', '1', null, 'LS0-01-019', '02', 'E', '2017-09-10 10:15:29', '2017-09-10 10:15:29', '1', '1', '1');
INSERT INTO `t_pd_contract_detail` VALUES ('20', '1', null, 'LS0-01-020', '02', 'E', '2017-09-10 10:15:29', '2017-09-10 10:15:29', '1', '1', '1');
INSERT INTO `t_pd_contract_detail` VALUES ('21', '1', null, 'LS0-01-021', '02', 'E', '2017-09-10 10:15:29', '2017-09-10 10:15:29', '1', '1', '1');
INSERT INTO `t_pd_contract_detail` VALUES ('22', '1', null, 'LS0-01-022', '02', 'E', '2017-09-10 10:15:29', '2017-09-10 10:15:29', '1', '1', '1');
INSERT INTO `t_pd_contract_detail` VALUES ('23', '1', null, 'LS0-01-023', '02', 'E', '2017-09-10 10:15:29', '2017-09-10 10:15:29', '1', '1', '1');
INSERT INTO `t_pd_contract_detail` VALUES ('24', '1', null, 'LS0-01-024', '02', 'E', '2017-09-10 10:15:29', '2017-09-10 10:15:29', '1', '1', '1');
INSERT INTO `t_pd_contract_detail` VALUES ('25', '1', null, 'LS0-01-025', '02', 'E', '2017-09-10 10:15:29', '2017-09-10 10:15:29', '1', '1', '1');
INSERT INTO `t_pd_contract_detail` VALUES ('26', '1', null, 'LS0-01-026', '02', 'E', '2017-09-10 10:15:30', '2017-09-10 10:15:30', '1', '1', '1');
INSERT INTO `t_pd_contract_detail` VALUES ('27', '1', null, 'LS0-01-027', '02', 'E', '2017-09-10 10:15:30', '2017-09-10 10:15:30', '1', '1', '1');
INSERT INTO `t_pd_contract_detail` VALUES ('28', '1', null, 'LS0-01-028', '02', 'E', '2017-09-10 10:15:30', '2017-09-10 10:15:30', '1', '1', '1');
INSERT INTO `t_pd_contract_detail` VALUES ('29', '1', null, 'LS0-01-029', '02', 'E', '2017-09-10 10:15:30', '2017-09-10 10:15:30', '1', '1', '1');
INSERT INTO `t_pd_contract_detail` VALUES ('30', '1', null, 'LS0-01-030', '02', 'E', '2017-09-10 10:15:30', '2017-09-10 10:15:30', '1', '1', '1');
INSERT INTO `t_pd_contract_detail` VALUES ('31', '1', null, 'LS0-01-031', '02', 'E', '2017-09-10 10:15:30', '2017-09-10 10:15:30', '1', '1', '1');
INSERT INTO `t_pd_contract_detail` VALUES ('32', '1', null, 'LS0-01-032', '02', 'E', '2017-09-10 10:15:30', '2017-09-10 10:15:30', '1', '1', '1');
INSERT INTO `t_pd_contract_detail` VALUES ('33', '1', null, 'LS0-01-033', '02', 'E', '2017-09-10 10:15:30', '2017-09-10 10:15:30', '1', '1', '1');
INSERT INTO `t_pd_contract_detail` VALUES ('34', '1', null, 'LS0-01-034', '02', 'E', '2017-09-10 10:15:30', '2017-09-10 10:15:30', '1', '1', '1');
INSERT INTO `t_pd_contract_detail` VALUES ('35', '1', null, 'LS0-01-035', '02', 'E', '2017-09-10 10:15:30', '2017-09-10 10:15:30', '1', '1', '1');
INSERT INTO `t_pd_contract_detail` VALUES ('36', '1', null, 'LS0-01-036', '02', 'E', '2017-09-10 10:15:30', '2017-09-10 10:15:30', '1', '1', '1');
INSERT INTO `t_pd_contract_detail` VALUES ('37', '1', null, 'LS0-01-037', '02', 'E', '2017-09-10 10:15:30', '2017-09-10 10:15:30', '1', '1', '1');
INSERT INTO `t_pd_contract_detail` VALUES ('38', '1', null, 'LS0-01-038', '02', 'E', '2017-09-10 10:15:30', '2017-09-10 10:15:30', '1', '1', '1');
INSERT INTO `t_pd_contract_detail` VALUES ('39', '1', null, 'LS0-01-039', '02', 'E', '2017-09-10 10:15:30', '2017-09-10 10:15:30', '1', '1', '1');
INSERT INTO `t_pd_contract_detail` VALUES ('40', '1', null, 'LS0-01-040', '02', 'E', '2017-09-10 10:15:30', '2017-09-10 10:15:30', '1', '1', '1');
INSERT INTO `t_pd_contract_detail` VALUES ('41', '1', null, 'LS0-01-041', '02', 'E', '2017-09-10 10:15:30', '2017-09-10 10:15:30', '1', '1', '1');
INSERT INTO `t_pd_contract_detail` VALUES ('42', '1', null, 'LS0-01-042', '02', 'E', '2017-09-10 10:15:30', '2017-09-10 10:15:30', '1', '1', '1');
INSERT INTO `t_pd_contract_detail` VALUES ('43', '1', null, 'LS0-01-043', '02', 'E', '2017-09-10 10:15:30', '2017-09-10 10:15:30', '1', '1', '1');
INSERT INTO `t_pd_contract_detail` VALUES ('44', '1', null, 'LS0-01-044', '02', 'E', '2017-09-10 10:15:30', '2017-09-10 10:15:30', '1', '1', '1');
INSERT INTO `t_pd_contract_detail` VALUES ('45', '1', null, 'LS0-01-045', '02', 'E', '2017-09-10 10:15:30', '2017-09-10 10:15:30', '1', '1', '1');
INSERT INTO `t_pd_contract_detail` VALUES ('46', '1', null, 'LS0-01-046', '02', 'E', '2017-09-10 10:15:30', '2017-09-10 10:15:30', '1', '1', '1');
INSERT INTO `t_pd_contract_detail` VALUES ('47', '1', null, 'LS0-01-047', '02', 'E', '2017-09-10 10:15:30', '2017-09-10 10:15:30', '1', '1', '1');
INSERT INTO `t_pd_contract_detail` VALUES ('48', '1', null, 'LS0-01-048', '02', 'E', '2017-09-10 10:15:30', '2017-09-10 10:15:30', '1', '1', '1');
INSERT INTO `t_pd_contract_detail` VALUES ('49', '1', null, 'LS0-01-049', '02', 'E', '2017-09-10 10:15:30', '2017-09-10 10:15:30', '1', '1', '1');
INSERT INTO `t_pd_contract_detail` VALUES ('50', '1', null, 'LS0-01-050', '02', 'E', '2017-09-10 10:15:30', '2017-09-10 10:15:30', '1', '1', '1');
INSERT INTO `t_pd_contract_detail` VALUES ('51', '1', null, 'LS0-01-051', '02', 'E', '2017-09-10 10:15:30', '2017-09-10 10:15:30', '1', '1', '1');
INSERT INTO `t_pd_contract_detail` VALUES ('52', '1', null, 'LS0-01-052', '02', 'E', '2017-09-10 10:15:31', '2017-09-10 10:15:31', '1', '1', '1');
INSERT INTO `t_pd_contract_detail` VALUES ('53', '1', null, 'LS0-01-053', '02', 'E', '2017-09-10 10:15:31', '2017-09-10 10:15:31', '1', '1', '1');
INSERT INTO `t_pd_contract_detail` VALUES ('54', '1', null, 'LS0-01-054', '02', 'E', '2017-09-10 10:15:31', '2017-09-10 10:15:31', '1', '1', '1');
INSERT INTO `t_pd_contract_detail` VALUES ('55', '1', null, 'LS0-01-055', '02', 'E', '2017-09-10 10:15:31', '2017-09-10 10:15:31', '1', '1', '1');
INSERT INTO `t_pd_contract_detail` VALUES ('56', '1', null, 'LS0-01-056', '02', 'E', '2017-09-10 10:15:31', '2017-09-10 10:15:31', '1', '1', '1');
INSERT INTO `t_pd_contract_detail` VALUES ('57', '1', null, 'LS0-01-057', '02', 'E', '2017-09-10 10:15:31', '2017-09-10 10:15:31', '1', '1', '1');
INSERT INTO `t_pd_contract_detail` VALUES ('58', '1', null, 'LS0-01-058', '02', 'E', '2017-09-10 10:15:31', '2017-09-10 10:15:31', '1', '1', '1');
INSERT INTO `t_pd_contract_detail` VALUES ('59', '1', null, 'LS0-01-059', '02', 'E', '2017-09-10 10:15:31', '2017-09-10 10:15:31', '1', '1', '1');
INSERT INTO `t_pd_contract_detail` VALUES ('60', '1', null, 'LS0-01-060', '02', 'E', '2017-09-10 10:15:31', '2017-09-10 10:15:31', '1', '1', '1');
INSERT INTO `t_pd_contract_detail` VALUES ('61', '1', null, 'LS0-01-061', '02', 'E', '2017-09-10 10:15:31', '2017-09-10 10:15:31', '1', '1', '1');
INSERT INTO `t_pd_contract_detail` VALUES ('62', '1', null, 'LS0-01-062', '02', 'E', '2017-09-10 10:15:31', '2017-09-10 10:15:31', '1', '1', '1');
INSERT INTO `t_pd_contract_detail` VALUES ('63', '1', null, 'LS0-01-063', '02', 'E', '2017-09-10 10:15:31', '2017-09-10 10:15:31', '1', '1', '1');
INSERT INTO `t_pd_contract_detail` VALUES ('64', '1', null, 'LS0-01-064', '02', 'E', '2017-09-10 10:15:31', '2017-09-10 10:15:31', '1', '1', '1');
INSERT INTO `t_pd_contract_detail` VALUES ('65', '1', null, 'LS0-01-065', '02', 'E', '2017-09-10 10:15:31', '2017-09-10 10:15:31', '1', '1', '1');
INSERT INTO `t_pd_contract_detail` VALUES ('66', '1', null, 'LS0-01-066', '02', 'E', '2017-09-10 10:15:31', '2017-09-10 10:15:31', '1', '1', '1');
INSERT INTO `t_pd_contract_detail` VALUES ('67', '1', null, 'LS0-01-067', '02', 'E', '2017-09-10 10:15:31', '2017-09-10 10:15:31', '1', '1', '1');
INSERT INTO `t_pd_contract_detail` VALUES ('68', '1', null, 'LS0-01-068', '02', 'E', '2017-09-10 10:15:31', '2017-09-10 10:15:31', '1', '1', '1');
INSERT INTO `t_pd_contract_detail` VALUES ('69', '1', null, 'LS0-01-069', '02', 'E', '2017-09-10 10:15:31', '2017-09-10 10:15:31', '1', '1', '1');
INSERT INTO `t_pd_contract_detail` VALUES ('70', '1', null, 'LS0-01-070', '02', 'E', '2017-09-10 10:15:31', '2017-09-10 10:15:31', '1', '1', '1');
INSERT INTO `t_pd_contract_detail` VALUES ('71', '1', null, 'LS0-01-071', '02', 'E', '2017-09-10 10:15:31', '2017-09-10 10:15:31', '1', '1', '1');
INSERT INTO `t_pd_contract_detail` VALUES ('72', '1', null, 'LS0-01-072', '02', 'E', '2017-09-10 10:15:31', '2017-09-10 10:15:31', '1', '1', '1');
INSERT INTO `t_pd_contract_detail` VALUES ('73', '1', null, 'LS0-01-073', '02', 'E', '2017-09-10 10:15:31', '2017-09-10 10:15:31', '1', '1', '1');
INSERT INTO `t_pd_contract_detail` VALUES ('74', '1', null, 'LS0-01-074', '02', 'E', '2017-09-10 10:15:31', '2017-09-10 10:15:31', '1', '1', '1');
INSERT INTO `t_pd_contract_detail` VALUES ('75', '1', null, 'LS0-01-075', '02', 'E', '2017-09-10 10:15:31', '2017-09-10 10:15:31', '1', '1', '1');
INSERT INTO `t_pd_contract_detail` VALUES ('76', '1', null, 'LS0-01-076', '02', 'E', '2017-09-10 10:15:31', '2017-09-10 10:15:31', '1', '1', '1');
INSERT INTO `t_pd_contract_detail` VALUES ('77', '1', null, 'LS0-01-077', '02', 'E', '2017-09-10 10:15:31', '2017-09-10 10:15:31', '1', '1', '1');
INSERT INTO `t_pd_contract_detail` VALUES ('78', '1', null, 'LS0-01-078', '02', 'E', '2017-09-10 10:15:32', '2017-09-10 10:15:32', '1', '1', '1');
INSERT INTO `t_pd_contract_detail` VALUES ('79', '1', null, 'LS0-01-079', '02', 'E', '2017-09-10 10:15:32', '2017-09-10 10:15:32', '1', '1', '1');
INSERT INTO `t_pd_contract_detail` VALUES ('80', '1', null, 'LS0-01-080', '02', 'E', '2017-09-10 10:15:32', '2017-09-10 10:15:32', '1', '1', '1');
INSERT INTO `t_pd_contract_detail` VALUES ('81', '1', null, 'LS0-01-081', '02', 'E', '2017-09-10 10:15:32', '2017-09-10 10:15:32', '1', '1', '1');
INSERT INTO `t_pd_contract_detail` VALUES ('82', '1', null, 'LS0-01-082', '02', 'E', '2017-09-10 10:15:32', '2017-09-10 10:15:32', '1', '1', '1');
INSERT INTO `t_pd_contract_detail` VALUES ('83', '1', null, 'LS0-01-083', '02', 'E', '2017-09-10 10:15:32', '2017-09-10 10:15:32', '1', '1', '1');
INSERT INTO `t_pd_contract_detail` VALUES ('84', '1', null, 'LS0-01-084', '02', 'E', '2017-09-10 10:15:32', '2017-09-10 10:15:32', '1', '1', '1');
INSERT INTO `t_pd_contract_detail` VALUES ('85', '1', null, 'LS0-01-085', '02', 'E', '2017-09-10 10:15:32', '2017-09-10 10:15:32', '1', '1', '1');
INSERT INTO `t_pd_contract_detail` VALUES ('86', '1', null, 'LS0-01-086', '02', 'E', '2017-09-10 10:15:32', '2017-09-10 10:15:32', '1', '1', '1');
INSERT INTO `t_pd_contract_detail` VALUES ('87', '1', null, 'LS0-01-087', '02', 'E', '2017-09-10 10:15:32', '2017-09-10 10:15:32', '1', '1', '1');
INSERT INTO `t_pd_contract_detail` VALUES ('88', '1', null, 'LS0-01-088', '02', 'E', '2017-09-10 10:15:32', '2017-09-10 10:15:32', '1', '1', '1');
INSERT INTO `t_pd_contract_detail` VALUES ('89', '1', null, 'LS0-01-089', '02', 'E', '2017-09-10 10:15:32', '2017-09-10 10:15:32', '1', '1', '1');
INSERT INTO `t_pd_contract_detail` VALUES ('90', '1', null, 'LS0-01-090', '02', 'E', '2017-09-10 10:15:32', '2017-09-10 10:15:32', '1', '1', '1');
INSERT INTO `t_pd_contract_detail` VALUES ('91', '1', null, 'LS0-01-091', '02', 'E', '2017-09-10 10:15:32', '2017-09-10 10:15:32', '1', '1', '1');
INSERT INTO `t_pd_contract_detail` VALUES ('92', '1', null, 'LS0-01-092', '02', 'E', '2017-09-10 10:15:32', '2017-09-10 10:15:32', '1', '1', '1');
INSERT INTO `t_pd_contract_detail` VALUES ('93', '1', null, 'LS0-01-093', '02', 'E', '2017-09-10 10:15:32', '2017-09-10 10:15:32', '1', '1', '1');
INSERT INTO `t_pd_contract_detail` VALUES ('94', '1', null, 'LS0-01-094', '02', 'E', '2017-09-10 10:15:32', '2017-09-10 10:15:32', '1', '1', '1');
INSERT INTO `t_pd_contract_detail` VALUES ('95', '1', null, 'LS0-01-095', '02', 'E', '2017-09-10 10:15:32', '2017-09-10 10:15:32', '1', '1', '1');
INSERT INTO `t_pd_contract_detail` VALUES ('96', '1', null, 'LS0-01-096', '02', 'E', '2017-09-10 10:15:32', '2017-09-10 10:15:32', '1', '1', '1');
INSERT INTO `t_pd_contract_detail` VALUES ('97', '1', null, 'LS0-01-097', '02', 'E', '2017-09-10 10:15:32', '2017-09-10 10:15:32', '1', '1', '1');
INSERT INTO `t_pd_contract_detail` VALUES ('98', '1', null, 'LS0-01-098', '02', 'E', '2017-09-10 10:15:32', '2017-09-10 10:15:32', '1', '1', '1');
INSERT INTO `t_pd_contract_detail` VALUES ('99', '1', null, 'LS0-01-099', '02', 'E', '2017-09-10 10:15:32', '2017-09-10 10:15:32', '1', '1', '1');
INSERT INTO `t_pd_contract_detail` VALUES ('100', '1', null, 'LS0-01-100', '02', 'E', '2017-09-10 10:15:33', '2017-09-10 10:15:33', '1', '1', '1');

-- ----------------------------
-- Table structure for t_pd_factor
-- ----------------------------
DROP TABLE IF EXISTS `t_pd_factor`;
CREATE TABLE `t_pd_factor` (
  `PD_FACTOR_ID` bigint(20) NOT NULL AUTO_INCREMENT,
  `PD_ID` bigint(20) DEFAULT NULL,
  `FACTOR_CODE` varchar(30) DEFAULT NULL,
  `CHOOSE_FLAG` varchar(1) DEFAULT NULL,
  `FACTOR_TYPE` varchar(20) DEFAULT NULL,
  `FACTOR_VALUE` varchar(1000) DEFAULT NULL,
  `RC_STATE` varchar(1) NOT NULL,
  `CREATE_DATE` datetime NOT NULL,
  `MODIFY_DATE` datetime NOT NULL,
  `OPER_COM_ID` bigint(20) NOT NULL,
  `CREATE_USER_ID` bigint(20) NOT NULL,
  `MODIFY_USER_ID` bigint(20) NOT NULL,
  PRIMARY KEY (`PD_FACTOR_ID`),
  KEY `FK_T_PD_FAC_REF_T_PD_PRO_1` (`PD_ID`) USING BTREE,
  CONSTRAINT `t_pd_factor_ibfk_1` FOREIGN KEY (`PD_ID`) REFERENCES `t_pd_product` (`PRODUCT_ID`)
) ENGINE=InnoDB AUTO_INCREMENT=3068 DEFAULT CHARSET=utf8;

-- ----------------------------
-- Records of t_pd_factor
-- ----------------------------
INSERT INTO `t_pd_factor` VALUES ('3036', '1508', 'beneficialType', '0', '1', ',002,003,004', 'E', '2017-09-09 18:18:57', '2017-09-09 18:18:57', '1', '1', '1');
INSERT INTO `t_pd_factor` VALUES ('3037', '1508', 'subscriptionFee', '0', '3', null, 'E', '2017-09-09 18:18:57', '2017-09-09 18:18:57', '1', '1', '1');
INSERT INTO `t_pd_factor` VALUES ('3038', '1509', 'subscriptionFee', '0', '3', null, 'D', '2017-09-09 18:30:36', '2017-09-10 14:52:48', '1', '1', '1');
INSERT INTO `t_pd_factor` VALUES ('3039', '1510', 'expectOpenDay', '0', '1', null, 'D', '2017-09-09 18:38:05', '2017-09-10 10:23:23', '1', '1', '1');
INSERT INTO `t_pd_factor` VALUES ('3040', '1510', 'subscriptionFee', '0', '3', null, 'D', '2017-09-09 18:38:05', '2017-09-10 10:23:23', '1', '1', '1');
INSERT INTO `t_pd_factor` VALUES ('3041', '1503', 'subscriptionFee', null, null, null, 'D', '2017-09-09 18:43:05', '2017-09-09 18:44:04', '1', '1', '1');
INSERT INTO `t_pd_factor` VALUES ('3042', '1503', 'reductionRadio', null, null, null, 'D', '2017-09-09 18:43:05', '2017-09-09 18:44:04', '1', '1', '1');
INSERT INTO `t_pd_factor` VALUES ('3043', '1503', 'subscriptionFee', null, null, null, 'D', '2017-09-09 18:43:05', '2017-09-09 18:44:38', '1', '1', '1');
INSERT INTO `t_pd_factor` VALUES ('3044', '1503', 'reductionRadio', null, null, null, 'D', '2017-09-09 18:43:05', '2017-09-09 18:44:38', '1', '1', '1');
INSERT INTO `t_pd_factor` VALUES ('3045', '1511', 'subscriptionFee', '0', '3', null, 'D', '2017-09-09 18:43:05', '2018-03-20 21:29:56', '1', '1', '1');
INSERT INTO `t_pd_factor` VALUES ('3046', '1510', 'expectOpenDay', '0', '1', null, 'E', '2017-09-09 18:38:05', '2017-09-10 10:23:23', '1', '1', '1');
INSERT INTO `t_pd_factor` VALUES ('3047', '1510', 'subscriptionFee', '0', '3', null, 'E', '2017-09-09 18:38:05', '2017-09-10 10:23:23', '1', '1', '1');
INSERT INTO `t_pd_factor` VALUES ('3048', '1512', 'subscriptionFee', null, null, null, 'D', '2017-09-10 10:50:45', '2017-09-10 10:50:58', '1', '1', '1');
INSERT INTO `t_pd_factor` VALUES ('3049', '1514', 'subscriptionFee', '0', '3', null, 'D', '2017-09-10 10:50:45', '2017-09-11 10:00:34', '1', '1', '1');
INSERT INTO `t_pd_factor` VALUES ('3050', '1509', 'subscriptionFee', '0', '3', null, 'D', '2017-09-09 18:30:36', '2017-09-11 09:39:47', '1', '1', '1');
INSERT INTO `t_pd_factor` VALUES ('3051', '1509', 'subscriptionFee', '0', '3', null, 'E', '2017-09-09 18:30:36', '2017-09-11 09:39:47', '1', '1', '1');
INSERT INTO `t_pd_factor` VALUES ('3052', '1514', 'subscriptionFee', '0', '3', null, 'E', '2017-09-10 10:50:45', '2017-09-11 10:00:34', '1', '1', '1');
INSERT INTO `t_pd_factor` VALUES ('3053', '1519', 'loanerType', '0', '1', null, 'E', '2018-02-01 11:16:54', '2018-02-01 11:16:54', '1', '1', '1');
INSERT INTO `t_pd_factor` VALUES ('3054', '1519', 'loanRate', '0', '6', null, 'E', '2018-02-01 11:16:54', '2018-02-01 11:16:54', '1', '1', '1');
INSERT INTO `t_pd_factor` VALUES ('3055', '1519', 'riskManageFee', '0', '6', null, 'E', '2018-02-01 11:16:54', '2018-02-01 11:16:54', '1', '1', '1');
INSERT INTO `t_pd_factor` VALUES ('3056', '1519', 'qualityCustAward', '0', '6', null, 'E', '2018-02-01 11:16:54', '2018-02-01 11:16:54', '1', '1', '1');
INSERT INTO `t_pd_factor` VALUES ('3057', '1519', 'obligationFloatRate', '0', '6', null, 'E', '2018-02-01 11:16:54', '2018-02-01 11:16:54', '1', '1', '1');
INSERT INTO `t_pd_factor` VALUES ('3058', '1519', 'adjustmentFee', '0', '6', null, 'E', '2018-02-01 11:16:54', '2018-02-01 11:16:54', '1', '1', '1');
INSERT INTO `t_pd_factor` VALUES ('3059', '1519', 'paymentType', '0', '1', null, 'E', '2018-02-01 11:16:54', '2018-02-01 11:16:54', '1', '1', '1');
INSERT INTO `t_pd_factor` VALUES ('3060', '1519', 'expectedLoanDuration', '0', '1', null, 'E', '2018-02-01 11:16:54', '2018-02-01 11:16:54', '1', '1', '1');
INSERT INTO `t_pd_factor` VALUES ('3061', '1519', 'monthlyIncome', '0', '6', null, 'E', '2018-02-01 11:16:54', '2018-02-01 11:16:54', '1', '1', '1');
INSERT INTO `t_pd_factor` VALUES ('3062', '1519', 'loanStartDate', '0', '2', null, 'E', '2018-02-01 11:16:54', '2018-02-01 11:16:54', '1', '1', '1');
INSERT INTO `t_pd_factor` VALUES ('3063', '1519', 'loanEndDate', '0', '2', null, 'E', '2018-02-01 11:16:54', '2018-02-01 11:16:54', '1', '1', '1');
INSERT INTO `t_pd_factor` VALUES ('3064', '1519', 'supplementary', '0', '0', null, 'E', '2018-02-01 11:16:54', '2018-02-01 11:16:54', '1', '1', '1');
INSERT INTO `t_pd_factor` VALUES ('3065', '1519', 'loanPurpose', '0', '5', null, 'E', '2018-02-01 11:16:54', '2018-02-01 11:16:54', '1', '1', '1');
INSERT INTO `t_pd_factor` VALUES ('3066', '1511', 'subscriptionFee', '0', '3', null, 'D', '2017-09-09 18:43:05', '2018-03-20 21:32:19', '1', '1', '1');
INSERT INTO `t_pd_factor` VALUES ('3067', '1511', 'subscriptionFee', '0', '3', null, 'E', '2017-09-09 18:43:05', '2018-03-20 21:32:19', '1', '1', '1');

-- ----------------------------
-- Table structure for t_pd_income_dis
-- ----------------------------
DROP TABLE IF EXISTS `t_pd_income_dis`;
CREATE TABLE `t_pd_income_dis` (
  `PD_INCOME_DISTRIBUTE_ID` bigint(20) NOT NULL AUTO_INCREMENT COMMENT '财富产品收益分配信息明细表',
  `PD_PRODUCT_ID` bigint(20) DEFAULT NULL,
  `DISTRIBUTE_TOTAL_INTEREST` decimal(20,4) DEFAULT NULL,
  `DISTRIBUTE_PRINCIPAL_RATE` decimal(20,4) DEFAULT NULL,
  `DISTRIBUTE_TOTAL_PRINCIPAL` decimal(20,4) DEFAULT NULL,
  `DISTRIBUTE_TOTAL` decimal(20,4) DEFAULT NULL,
  `DISTRIBUTE_STATUS` varchar(2) DEFAULT NULL,
  `DISTRIBUTE_DATE` date DEFAULT NULL,
  `DISTRIBUTE_START_DATE` date DEFAULT NULL,
  `DISTRIBUTE_END_DATE` date DEFAULT NULL,
  `RC_STATE` varchar(1) NOT NULL,
  `CREATE_DATE` datetime NOT NULL,
  `MODIFY_DATE` datetime NOT NULL,
  `OPER_COM_ID` bigint(20) NOT NULL,
  `CREATE_USER_ID` bigint(20) NOT NULL,
  `MODIFY_USER_ID` bigint(20) NOT NULL,
  PRIMARY KEY (`PD_INCOME_DISTRIBUTE_ID`)
) ENGINE=InnoDB AUTO_INCREMENT=2 DEFAULT CHARSET=utf8;

-- ----------------------------
-- Records of t_pd_income_dis
-- ----------------------------
INSERT INTO `t_pd_income_dis` VALUES ('1', '1514', '11758.9041', '100.0000', '2000000.0000', '2011758.9041', '02', '2017-09-07', '2017-08-01', '2017-09-06', 'E', '2017-09-10 11:18:17', '2017-09-10 11:31:14', '1', '1', '151');

-- ----------------------------
-- Table structure for t_pd_income_dis_detail
-- ----------------------------
DROP TABLE IF EXISTS `t_pd_income_dis_detail`;
CREATE TABLE `t_pd_income_dis_detail` (
  `PD_INCOME_DISTRIBUTE_DETAIL_ID` bigint(20) NOT NULL AUTO_INCREMENT,
  `PD_INCOME_DISTRIBUTE_ID` bigint(20) DEFAULT NULL,
  `TRADE_INFO_ID` bigint(20) DEFAULT NULL,
  `CUST_BASE_INFO_ID` bigint(20) DEFAULT NULL,
  `EXPECTED_FEE_RATE` decimal(20,4) DEFAULT NULL,
  `DISTRIBUTE_INTEREST` decimal(20,4) DEFAULT NULL,
  `DISTRIBUTE_PRINCIPAL` decimal(20,4) DEFAULT '0.0000',
  `AGENCY_DISTRIBUTE_INTEREST` decimal(20,4) DEFAULT NULL,
  `AGENCY_DISTRIBUTE_PRINCIPAL` decimal(20,4) DEFAULT NULL,
  `CONFIRM_DISTRIBUTE_INTEREST` decimal(20,4) DEFAULT NULL,
  `CONFIRM_DISTRIBUTE_PRINCIPAL` decimal(20,4) DEFAULT NULL,
  `CUST_ACC_INFO_ID` bigint(20) DEFAULT NULL,
  `RC_STATE` varchar(1) NOT NULL,
  `CREATE_DATE` datetime NOT NULL,
  `MODIFY_DATE` datetime NOT NULL,
  `OPER_COM_ID` bigint(20) NOT NULL,
  `CREATE_USER_ID` bigint(20) NOT NULL,
  `MODIFY_USER_ID` bigint(20) NOT NULL,
  PRIMARY KEY (`PD_INCOME_DISTRIBUTE_DETAIL_ID`)
) ENGINE=InnoDB AUTO_INCREMENT=3 DEFAULT CHARSET=utf8;

-- ----------------------------
-- Records of t_pd_income_dis_detail
-- ----------------------------
INSERT INTO `t_pd_income_dis_detail` VALUES ('1', '1', '3159', '1328', '5.8000', '5879.4521', '1000000.0000', '5879.4521', '100.0000', '5879.4521', '100.0000', '1710', 'E', '2017-09-10 11:18:17', '2017-09-10 11:31:14', '1', '1', '151');
INSERT INTO `t_pd_income_dis_detail` VALUES ('2', '1', '3158', '1326', '5.8000', '5879.4521', '1000000.0000', '5879.4521', '100.0000', '5879.4521', '100.0000', '1707', 'E', '2017-09-10 11:18:17', '2017-09-10 11:31:14', '1', '1', '151');

-- ----------------------------
-- Table structure for t_pd_loan
-- ----------------------------
DROP TABLE IF EXISTS `t_pd_loan`;
CREATE TABLE `t_pd_loan` (
  `PD_LOAN_ID` bigint(20) NOT NULL AUTO_INCREMENT,
  `PRODUCT_ID` bigint(20) DEFAULT NULL,
  `PAYMENT_TYPE` varchar(15) DEFAULT NULL,
  `PAYMENT_DAY` varchar(15) DEFAULT NULL,
  `PAYMENT_REMIND` varchar(15) DEFAULT NULL,
  `OVERDUE_PAYMENT_RATE` varchar(15) DEFAULT NULL,
  `URGE_RATE` varchar(15) DEFAULT NULL,
  `FOREIGN_TRADE_TRUST` varchar(15) DEFAULT NULL,
  `REPAYMENT_REMIND_DAY` varchar(15) DEFAULT NULL,
  `REPAYMENT_PRINCIPAL_DAY` varchar(15) DEFAULT NULL,
  `WMXT_PD_CODE` varchar(15) DEFAULT NULL,
  `RC_STATE` varchar(1) NOT NULL,
  `CREATE_DATE` datetime NOT NULL,
  `MODIFY_DATE` datetime NOT NULL,
  `OPER_COM_ID` bigint(20) NOT NULL,
  `CREATE_USER_ID` bigint(20) NOT NULL,
  `MODIFY_USER_ID` bigint(20) NOT NULL,
  PRIMARY KEY (`PD_LOAN_ID`)
) ENGINE=InnoDB AUTO_INCREMENT=4 DEFAULT CHARSET=utf8;

-- ----------------------------
-- Records of t_pd_loan
-- ----------------------------
INSERT INTO `t_pd_loan` VALUES ('3', '1519', '01', '10', null, '2', '2', null, ',01', ',01', null, 'E', '2018-02-01 11:16:54', '2018-02-01 11:16:54', '1', '1', '1');

-- ----------------------------
-- Table structure for t_pd_product
-- ----------------------------
DROP TABLE IF EXISTS `t_pd_product`;
CREATE TABLE `t_pd_product` (
  `PRODUCT_ID` bigint(20) NOT NULL AUTO_INCREMENT,
  `AGENCY_COM_ID` bigint(20) DEFAULT NULL,
  `PRODUCT_CODE` varchar(20) NOT NULL,
  `PRODUCT_NAME` varchar(200) NOT NULL,
  `PRODUCT_TYPE` varchar(5) DEFAULT NULL,
  `PRODUCT_SUB_TYPE` varchar(5) DEFAULT NULL,
  `SALES_STATUS` varchar(5) DEFAULT NULL,
  `START_DATE` date DEFAULT NULL,
  `INTRODUCE_DATE` date DEFAULT NULL,
  `STATUS` varchar(2) DEFAULT NULL,
  `RC_STATE` varchar(1) NOT NULL,
  `CREATE_DATE` datetime NOT NULL,
  `MODIFY_DATE` datetime NOT NULL,
  `OPER_COM_ID` bigint(20) NOT NULL,
  `CREATE_USER_ID` bigint(20) NOT NULL,
  `MODIFY_USER_ID` bigint(20) NOT NULL,
  `IS_INVITE_CODE` varchar(2) DEFAULT NULL,
  `PRODUCT_SHORT_NAME` varchar(200) DEFAULT NULL,
  `IS_ORDER` varchar(2) DEFAULT NULL,
  `REMARK` varchar(50) DEFAULT NULL,
  `PRODUCT_MANAGER` varchar(20) DEFAULT NULL,
  `IS_HOT` varchar(4) DEFAULT NULL,
  PRIMARY KEY (`PRODUCT_ID`),
  KEY `FK_T_PD_PRO_REF_T_AGENCY_4` (`AGENCY_COM_ID`) USING BTREE,
  CONSTRAINT `t_pd_product_ibfk_1` FOREIGN KEY (`AGENCY_COM_ID`) REFERENCES `t_agency_com` (`AGENCY_COM_ID`)
) ENGINE=InnoDB AUTO_INCREMENT=1520 DEFAULT CHARSET=utf8;

-- ----------------------------
-- Records of t_pd_product
-- ----------------------------
INSERT INTO `t_pd_product` VALUES ('1500', '45', 'CF0680', '腾颀融通宝系列第11-1期', '1', '02', '0', null, '2017-08-07', '0', 'D', '2017-09-09 18:13:57', '2017-09-09 18:13:57', '1', '1', '1', null, '腾颀融通宝系列第11-1期', '02', null, null, '01');
INSERT INTO `t_pd_product` VALUES ('1501', '45', 'QS0312', '忠深投资资产支持收益权产品LC-ZSTZ-5-2期', '1', '02', '0', null, '2017-08-27', '0', 'D', '2017-09-09 18:27:14', '2017-09-09 18:27:14', '1', '1', '1', null, null, '01', null, null, '01');
INSERT INTO `t_pd_product` VALUES ('1502', '44', 'CF0001', '悟空绿城对冲量化一期基金', '1', '03', '0', null, '2017-08-27', '0', 'D', '2017-09-09 18:31:26', '2017-09-09 18:34:48', '1', '1', '1', null, '悟空绿城对冲量化一期基金', '01', null, null, '01');
INSERT INTO `t_pd_product` VALUES ('1503', '43', 'CF0508', '润玉3号私募基金（二期）', '1', '01', '0', null, '2017-06-05', '0', 'D', '2017-09-09 18:39:38', '2017-09-09 18:39:38', '1', '1', '1', null, '润玉3号私募基金（二期）', '02', null, '王哲', '01');
INSERT INTO `t_pd_product` VALUES ('1504', '43', 'CF0508', '润玉3号私募基金（二期）', '1', '01', '0', null, '2017-06-05', '1', 'D', '2017-09-09 18:39:38', '2017-09-09 18:45:24', '1', '1', '1', null, '润玉3号私募基金（二期）', '02', null, '王哲', '01');
INSERT INTO `t_pd_product` VALUES ('1505', '44', 'CF0001', '悟空绿城对冲量化一期基金', '1', '03', '0', null, '2017-08-27', '1', 'D', '2017-09-09 18:31:26', '2017-09-09 18:45:27', '1', '1', '1', null, '悟空绿城对冲量化一期基金', '01', null, null, '01');
INSERT INTO `t_pd_product` VALUES ('1506', '45', 'QS0312', '忠深投资资产支持收益权产品LC-ZSTZ-5-2期', '1', '02', '0', null, '2017-08-27', '1', 'D', '2017-09-09 18:27:14', '2017-09-09 18:45:30', '1', '1', '1', null, null, '01', null, null, '01');
INSERT INTO `t_pd_product` VALUES ('1507', '45', 'CF0680', '腾颀融通宝系列第11-1期', '1', '02', '0', null, '2017-08-07', '1', 'D', '2017-09-09 18:13:57', '2017-09-09 18:45:33', '1', '1', '1', null, '腾颀融通宝系列第11-1期', '02', null, null, '01');
INSERT INTO `t_pd_product` VALUES ('1508', '45', 'CF0680', '腾颀融通宝系列第11-1期', '1', '02', '0', null, '2017-08-07', '2', 'E', '2017-09-09 18:13:57', '2017-09-09 18:47:10', '1', '1', '1', null, '腾颀融通宝系列第11-1期', '01', null, null, '01');
INSERT INTO `t_pd_product` VALUES ('1509', '45', 'QS0312', '忠深投资资产支持收益权产品LC-ZSTZ-5-2期', '1', '02', '0', null, '2017-08-27', '2', 'E', '2017-09-09 18:27:14', '2017-09-09 18:47:13', '1', '1', '1', null, null, '01', null, null, '01');
INSERT INTO `t_pd_product` VALUES ('1510', '44', 'CF0001', '悟空绿城对冲量化一期基金', '1', '03', '0', null, '2017-08-27', '2', 'E', '2017-09-09 18:31:26', '2017-09-09 18:47:15', '1', '1', '1', null, '悟空绿城对冲量化一期基金', '01', null, null, '01');
INSERT INTO `t_pd_product` VALUES ('1511', '43', 'CF0508', '润玉3号私募基金（二期）', '1', '01', '0', null, '2017-06-05', '2', 'E', '2017-09-09 18:39:38', '2017-09-09 18:47:17', '1', '1', '1', null, '润玉3号私募基金（二期）', '02', null, '王哲', '01');
INSERT INTO `t_pd_product` VALUES ('1512', '45', 'CF0669', '贵州思州润峰建设有限责任公司2017年第二期定向融资计划06F', '1', '02', '0', null, '2017-07-30', '0', 'D', '2017-09-10 10:48:15', '2017-09-10 10:48:15', '1', '1', '1', null, null, '02', null, '张哲', '01');
INSERT INTO `t_pd_product` VALUES ('1513', '45', 'CF0669', '贵州思州润峰建设有限责任公司2017年第二期定向融资计划06F', '1', '02', '0', null, '2017-07-30', '1', 'D', '2017-09-10 10:48:15', '2017-09-10 10:51:07', '1', '1', '1', null, null, '02', null, '张哲', '01');
INSERT INTO `t_pd_product` VALUES ('1514', '45', 'CF0669', '贵州思州润峰建设有限责任公司2017年第二期定向融资计划06F', '1', '02', '0', null, '2017-07-30', '2', 'E', '2017-09-10 10:48:15', '2017-09-10 10:51:17', '1', '1', '1', null, null, '02', null, '张哲', '01');
INSERT INTO `t_pd_product` VALUES ('1515', '44', 'RZ00-01', '优质贷', '3', '01', '0', null, '2018-01-31', '0', 'D', '2018-02-01 09:42:38', '2018-02-01 09:42:38', '1', '1', '1', null, null, '02', null, null, '01');
INSERT INTO `t_pd_product` VALUES ('1516', '43', '11', '111', '3', '01', '0', null, '2018-02-06', '0', 'D', '2018-02-01 11:16:34', '2018-02-01 11:17:43', '1', '1', '1', null, null, '02', null, null, '01');
INSERT INTO `t_pd_product` VALUES ('1517', '44', 'RZ00-01', '优质贷', '3', '01', '0', null, '2018-01-31', '1', 'D', '2018-02-01 09:42:38', '2018-02-02 11:12:03', '1', '1', '1', null, null, '02', null, null, '01');
INSERT INTO `t_pd_product` VALUES ('1519', '44', 'RZ00-01', '优质贷', '3', '01', '0', null, '2018-01-31', '2', 'E', '2018-02-01 09:42:38', '2018-02-02 11:12:18', '1', '1', '1', null, null, '02', null, null, '01');

-- ----------------------------
-- Table structure for t_pd_risk
-- ----------------------------
DROP TABLE IF EXISTS `t_pd_risk`;
CREATE TABLE `t_pd_risk` (
  `PD_RISK_ID` bigint(20) NOT NULL AUTO_INCREMENT,
  `PRODUCT_ID` bigint(20) DEFAULT NULL,
  `PR_FLAG` varchar(2) DEFAULT NULL,
  `INSUR_OBJ` varchar(4) DEFAULT NULL,
  `INTEREST_RATE` decimal(24,10) DEFAULT NULL,
  `RISK_FEATURES` varchar(2) DEFAULT NULL,
  `MIN_APP_AGE` bigint(5) DEFAULT NULL,
  `MIN_APP_AGE_UNIT` varchar(2) DEFAULT NULL,
  `MAX_APP_AGE` bigint(5) DEFAULT NULL,
  `MAX_APP_AGE_UNIT` varchar(2) DEFAULT NULL,
  `DESCRIPTION` varchar(2000) DEFAULT NULL,
  `RC_STATE` varchar(1) NOT NULL,
  `CREATE_DATE` datetime NOT NULL,
  `MODIFY_DATE` datetime NOT NULL,
  `OPER_COM_ID` bigint(20) NOT NULL,
  `CREATE_USER_ID` bigint(20) NOT NULL,
  `MODIFY_USER_ID` bigint(20) NOT NULL,
  `BASIC_PREM` decimal(12,2) DEFAULT NULL,
  PRIMARY KEY (`PD_RISK_ID`),
  KEY `FK_T_PD_RIS_REF_T_PD_PRO_2` (`PRODUCT_ID`) USING BTREE,
  CONSTRAINT `t_pd_risk_ibfk_1` FOREIGN KEY (`PRODUCT_ID`) REFERENCES `t_pd_product` (`PRODUCT_ID`)
) ENGINE=InnoDB DEFAULT CHARSET=utf8;

-- ----------------------------
-- Records of t_pd_risk
-- ----------------------------

-- ----------------------------
-- Table structure for t_pd_risk_fee_rate
-- ----------------------------
DROP TABLE IF EXISTS `t_pd_risk_fee_rate`;
CREATE TABLE `t_pd_risk_fee_rate` (
  `PD_RISK_FEE_RATE_ID` bigint(20) NOT NULL AUTO_INCREMENT,
  `PD_RISK_ID` bigint(20) DEFAULT NULL,
  `FEE_TYPE` varchar(20) DEFAULT NULL,
  `PARAM_TYPE` varchar(20) DEFAULT NULL,
  `PARAM_VALUE` varchar(20) DEFAULT NULL,
  `PARAM_UNIT` varchar(20) DEFAULT NULL,
  `PREM_UPPER` decimal(12,2) DEFAULT NULL,
  `PREM_LOWER` decimal(12,2) DEFAULT NULL,
  `FEE_RATE` decimal(20,10) DEFAULT NULL,
  `EXEC_START_DATE` date DEFAULT NULL,
  `EXEC_END_DATE` date DEFAULT NULL,
  `EXEC_STATE` varchar(2) DEFAULT NULL,
  `RC_STATE` varchar(1) NOT NULL,
  `CREATE_DATE` datetime NOT NULL,
  `MODIFY_DATE` datetime NOT NULL,
  `OPER_COM_ID` bigint(20) NOT NULL,
  `CREATE_USER_ID` bigint(20) NOT NULL,
  `MODIFY_USER_ID` bigint(20) NOT NULL,
  PRIMARY KEY (`PD_RISK_FEE_RATE_ID`),
  KEY `FK_T_PD_RIS_REF_T_PD_RIS_1` (`PD_RISK_ID`) USING BTREE,
  CONSTRAINT `t_pd_risk_fee_rate_ibfk_1` FOREIGN KEY (`PD_RISK_ID`) REFERENCES `t_pd_risk` (`PD_RISK_ID`)
) ENGINE=InnoDB DEFAULT CHARSET=utf8;

-- ----------------------------
-- Records of t_pd_risk_fee_rate
-- ----------------------------

-- ----------------------------
-- Table structure for t_pd_risk_introduce_info
-- ----------------------------
DROP TABLE IF EXISTS `t_pd_risk_introduce_info`;
CREATE TABLE `t_pd_risk_introduce_info` (
  `PD_RISK_INTRODUCE_INFO_ID` bigint(20) NOT NULL AUTO_INCREMENT,
  `PRODUCT_ID` bigint(20) DEFAULT NULL,
  `PRODUCT_FEATURES` varchar(2000) DEFAULT NULL,
  `PRODUCT_TITLE` varchar(2000) DEFAULT NULL,
  `PRODUCT_KEYWORD` varchar(2000) DEFAULT NULL,
  `INSURANCE_INFORMATION` varchar(2000) DEFAULT NULL,
  `PRODUCT_DESCRIBE` varchar(2000) DEFAULT NULL,
  `CLAIMS_INTROUCTION` varchar(2000) DEFAULT NULL,
  `WARM_WARN_DESC` varchar(2000) DEFAULT NULL,
  `RC_STATE` varchar(1) NOT NULL,
  `CREATE_DATE` datetime NOT NULL,
  `MODIFY_DATE` datetime NOT NULL,
  `OPER_COM_ID` bigint(20) NOT NULL,
  `CREATE_USER_ID` bigint(20) NOT NULL,
  `MODIFY_USER_ID` bigint(20) NOT NULL,
  `PREFERENTIAL_DESC` varchar(2000) DEFAULT NULL,
  `INSURED_PERIOD_DESC` varchar(2000) DEFAULT NULL,
  PRIMARY KEY (`PD_RISK_INTRODUCE_INFO_ID`),
  KEY `FK_T_PD_RIS_REF_T_PD_PRO` (`PRODUCT_ID`) USING BTREE,
  CONSTRAINT `t_pd_risk_introduce_info_ibfk_1` FOREIGN KEY (`PRODUCT_ID`) REFERENCES `t_pd_product` (`PRODUCT_ID`)
) ENGINE=InnoDB DEFAULT CHARSET=utf8;

-- ----------------------------
-- Records of t_pd_risk_introduce_info
-- ----------------------------

-- ----------------------------
-- Table structure for t_pd_risk_sales_info
-- ----------------------------
DROP TABLE IF EXISTS `t_pd_risk_sales_info`;
CREATE TABLE `t_pd_risk_sales_info` (
  `PD_RISK_SALES_INFO_ID` bigint(20) NOT NULL AUTO_INCREMENT,
  `PRODUCT_ID` bigint(20) DEFAULT NULL,
  `PROMOTION_WAY` varchar(20) DEFAULT NULL,
  `SALE_WAY` varchar(4) DEFAULT NULL,
  `SALE_CHNNEL` varchar(20) DEFAULT NULL,
  `PAY_WAY` varchar(20) DEFAULT NULL,
  `RC_STATE` varchar(1) NOT NULL,
  `CREATE_DATE` datetime NOT NULL,
  `MODIFY_DATE` datetime NOT NULL,
  `OPER_COM_ID` bigint(20) NOT NULL,
  `CREATE_USER_ID` bigint(20) NOT NULL,
  `MODIFY_USER_ID` bigint(20) NOT NULL,
  `IS_SHOW` varchar(4) DEFAULT NULL,
  `INTERNET_PRODUCT_TYPE` varchar(4) DEFAULT NULL,
  `IS_HOT_SALE` varchar(4) DEFAULT NULL,
  `IS_EXCLUSIVE` varchar(4) DEFAULT NULL,
  `INTERNET_PRODUCTSUBTYPE` varchar(10) DEFAULT NULL,
  `IS_SHOW_FIRST` varchar(4) DEFAULT NULL,
  PRIMARY KEY (`PD_RISK_SALES_INFO_ID`),
  KEY `FK_T_PD_RIS_REFERENCE_T_PD_PRO` (`PRODUCT_ID`) USING BTREE,
  CONSTRAINT `t_pd_risk_sales_info_ibfk_1` FOREIGN KEY (`PRODUCT_ID`) REFERENCES `t_pd_product` (`PRODUCT_ID`)
) ENGINE=InnoDB DEFAULT CHARSET=utf8;

-- ----------------------------
-- Records of t_pd_risk_sales_info
-- ----------------------------

-- ----------------------------
-- Table structure for t_pd_ueditor
-- ----------------------------
DROP TABLE IF EXISTS `t_pd_ueditor`;
CREATE TABLE `t_pd_ueditor` (
  `UEDITOR_ID` bigint(20) NOT NULL AUTO_INCREMENT,
  `PRODUCT_ID` bigint(20) DEFAULT NULL,
  `RC_STATE` varchar(1) NOT NULL,
  `CREATE_DATE` datetime NOT NULL,
  `MODIFY_DATE` datetime NOT NULL,
  `OPER_COM_ID` bigint(20) NOT NULL,
  `CREATE_USER_ID` bigint(20) NOT NULL,
  `MODIFY_USER_ID` bigint(20) NOT NULL,
  `EDITOR_HTML_CLOB` text,
  PRIMARY KEY (`UEDITOR_ID`)
) ENGINE=InnoDB DEFAULT CHARSET=utf8;

-- ----------------------------
-- Records of t_pd_ueditor
-- ----------------------------

-- ----------------------------
-- Table structure for t_pd_wealth
-- ----------------------------
DROP TABLE IF EXISTS `t_pd_wealth`;
CREATE TABLE `t_pd_wealth` (
  `PD_WEALTH_ID` bigint(20) NOT NULL AUTO_INCREMENT,
  `PRODUCT_ID` bigint(20) DEFAULT NULL,
  `WEALTH_CATEGORY` varchar(5) DEFAULT NULL,
  `FOUND_DATE` datetime DEFAULT NULL,
  `FINANCING_SCALE` decimal(16,2) DEFAULT NULL,
  `GRADE` varchar(5) DEFAULT NULL,
  `CLOSE_DPERIOD` bigint(10) DEFAULT NULL,
  `CLOSE_DPERIOD_UNIT` varchar(5) DEFAULT NULL,
  `SMALL_bigint` bigint(10) DEFAULT NULL,
  `RAISE_START_DATE` datetime DEFAULT NULL,
  `RAISE_END_DATE` datetime DEFAULT NULL,
  `FUND_SUSING` varchar(2000) DEFAULT NULL,
  `DESCRIPTION` varchar(2000) DEFAULT NULL,
  `RC_STATE` varchar(1) NOT NULL,
  `CREATE_DATE` datetime NOT NULL,
  `MODIFY_DATE` datetime NOT NULL,
  `OPER_COM_ID` bigint(20) NOT NULL,
  `CREATE_USER_ID` bigint(20) NOT NULL,
  `MODIFY_USER_ID` bigint(20) NOT NULL,
  `CLOSE_DPERIODS` varchar(100) DEFAULT NULL,
  `BENEFICIAL_TYPES` varchar(100) DEFAULT NULL,
  `TRANSFER_WORK_DAYS` varchar(4) DEFAULT NULL,
  `START_INVEST_MONEY` decimal(16,2) DEFAULT NULL,
  `INVEST_LIMIT_MONEY` decimal(16,2) DEFAULT NULL,
  `INVEST_INCREASE_MONEY` decimal(16,2) DEFAULT NULL,
  `CLOSE_ACCOUNT_DATE` datetime DEFAULT NULL,
  `REDEMPTION_END_DAYS` datetime DEFAULT NULL,
  `INCOME_WAY` varchar(4) DEFAULT NULL,
  `HISTORY_EARNRATE` decimal(16,2) DEFAULT NULL,
  `HISTORY_EARNRATE_PERIOD` varchar(50) DEFAULT NULL,
  `CLOSE_DPERIOD_TYPE` varchar(5) DEFAULT NULL,
  `CLOSE_DPERIOD_FEE` decimal(10,4) DEFAULT NULL,
  `NET_VALUE_DISCLOSURE` varchar(6) DEFAULT NULL,
  `EXPECT_OPEN_DAY_RULES` varchar(20) DEFAULT NULL,
  `INVEST_PERIOD_DECLARE` varchar(500) DEFAULT NULL,
  `INVEST_SCOPE` varchar(2000) DEFAULT NULL,
  `INVEST_DIRECTION` varchar(2000) DEFAULT NULL,
  `INVEST_STRATEGY` varchar(2000) DEFAULT NULL,
  `PRODUCT_FEATURE` varchar(2000) DEFAULT NULL,
  `RISK_CONTROL_MEASURE` varchar(2000) DEFAULT NULL,
  `COOPERATION_PARTNER` varchar(2000) DEFAULT NULL,
  `RAISE_ACCOUNT` varchar(2000) DEFAULT NULL,
  `TRUSTEESHIP_ACCOUNT` varchar(2000) DEFAULT NULL,
  PRIMARY KEY (`PD_WEALTH_ID`),
  KEY `FK_T_PD_WEA_REF_T_PD_PRO_3` (`PRODUCT_ID`) USING BTREE,
  CONSTRAINT `t_pd_wealth_ibfk_1` FOREIGN KEY (`PRODUCT_ID`) REFERENCES `t_pd_product` (`PRODUCT_ID`)
) ENGINE=InnoDB AUTO_INCREMENT=1391 DEFAULT CHARSET=utf8;

-- ----------------------------
-- Records of t_pd_wealth
-- ----------------------------
INSERT INTO `t_pd_wealth` VALUES ('1355', '1511', '021', '2018-04-07 21:36:57', '1000000.00', '03', null, 'Y', null, '2018-03-14 21:37:23', '2018-04-06 21:37:29', null, null, 'E', '2018-03-20 21:37:42', '2018-03-20 21:37:47', '1', '1', '1', '1', ',014', '4', '100000.00', null, null, null, null, '05', null, null, null, null, null, null, null, null, null, null, null, null, null, null, null);
INSERT INTO `t_pd_wealth` VALUES ('1377', '1508', '021', '2018-06-01 00:00:00', '5000000.00', '02', null, 'D', null, '2017-09-09 18:14:40', '2018-04-28 18:14:48', null, null, 'E', '2017-09-09 18:18:57', '2017-09-09 18:18:57', '1', '1', '1', '365', ',002,001,003', '5', '50000.00', '1000000.00', '5000.00', null, null, '05', null, null, '', null, '', '', '', '证券、基金、股票', null, null, '利息高，风险低', '保本销售', '温金锁', '财富产品管理账户', '银行托管');
INSERT INTO `t_pd_wealth` VALUES ('1378', '1509', '021', '2017-09-30 00:00:00', '5000000.00', '03', null, 'M', null, '2017-09-09 18:27:44', '2017-09-29 18:27:46', null, null, 'D', '2017-09-09 18:30:36', '2017-09-10 14:52:48', '1', '1', '1', '6', ',004', '5', '50000.00', null, '50000.00', null, null, '01', null, null, '', null, '', '', '', '征信', null, null, '收益高，安全可靠', '风险规避', '温金锁', '财富账户', '银行托管');
INSERT INTO `t_pd_wealth` VALUES ('1379', '1514', '031', '2017-09-27 00:00:00', '45000000.00', '04', null, 'Y', null, '2017-09-08 18:35:01', '2017-09-26 18:35:05', null, null, 'D', '2017-09-09 18:38:05', '2017-09-10 10:23:23', '1', '1', '1', '5', ',014', '', '100000.00', null, '100000.00', null, null, null, null, null, '', null, '02', ',06', '', null, null, '私募基金', '独立产品', '风控', '', '财富账户', '托管账户');
INSERT INTO `t_pd_wealth` VALUES ('1380', '1503', '011', '2017-09-18 00:00:00', '4000000.00', '03', null, 'M', null, '2017-09-10 00:00:00', '2017-09-17 18:40:41', null, null, 'D', '2017-09-09 18:43:05', '2017-09-09 18:44:04', '1', '1', '1', '60', ',014', '', '100000.00', '1000000.00', '100000.00', null, null, null, null, null, '', null, '', '', '', null, '  ', null, '  ', '  ', '', '  ', '  ');
INSERT INTO `t_pd_wealth` VALUES ('1383', '1503', '011', '2017-09-18 00:00:00', '4000000.00', '03', null, 'M', null, '2017-09-10 00:00:00', '2017-09-17 18:40:41', null, null, 'D', '2017-09-09 18:43:05', '2017-09-09 18:44:38', '1', '1', '1', '60', ',014', '', '100000.00', '1000000.00', '100000.00', null, null, null, null, null, '', null, '', '', '', null, '  ', null, '  ', '  ', '', '  ', '  ');
INSERT INTO `t_pd_wealth` VALUES ('1384', '1511', '011', '2017-09-18 00:00:00', '4000000.00', '03', null, 'M', null, '2017-09-10 00:00:00', '2017-09-17 18:40:41', null, null, 'D', '2017-09-09 18:43:05', '2018-03-20 21:29:56', '1', '1', '1', '60', ',014', '', '100000.00', '1000000.00', '100000.00', null, null, null, null, null, '', null, '', '', '', null, '  ', null, '  ', '  ', '', '  ', '  ');
INSERT INTO `t_pd_wealth` VALUES ('1385', '1510', '031', '2018-04-28 00:00:00', '45000000.00', '02', null, 'Y', null, '2017-09-08 18:35:01', '2018-04-28 18:35:05', null, null, 'E', '2017-09-09 18:38:05', '2017-09-10 10:23:23', '1', '1', '1', '5', ',014', '', '100000.00', null, '100000.00', null, null, null, null, null, '', null, '02', ',06', '', null, null, '私募基金', '独立产品', '风控', '', '财富账户', '托管账户');
INSERT INTO `t_pd_wealth` VALUES ('1386', '1512', '021', '2017-06-12 00:00:00', '2000000.00', '02', null, 'M', null, '2017-05-24 10:49:14', '2017-06-11 10:50:37', null, null, 'D', '2017-09-10 10:50:45', '2017-09-10 10:50:58', '1', '1', '1', '3', ',,007', '5', '50000.00', '1000000.00', null, null, null, '01', null, null, '', null, '', '', '', ' ', null, null, ' ', ' ', '', ' ', ' ');
INSERT INTO `t_pd_wealth` VALUES ('1387', '1514', '021', '2017-06-12 00:00:00', '2000000.00', '02', null, 'M', null, '2017-05-24 10:49:14', '2017-06-11 10:50:37', null, null, 'D', '2017-09-10 10:50:45', '2017-09-11 10:00:34', '1', '1', '1', '3', ',,,007', '5', '50000.00', '1000000.00', null, null, null, '01', null, null, '', null, '', '', '', ' ', null, null, ' ', ' ', '', ' ', ' ');
INSERT INTO `t_pd_wealth` VALUES ('1388', '1509', '021', '2017-09-30 00:00:00', '10000000.00', '03', null, 'M', null, '2017-09-09 18:27:44', '2017-09-29 18:27:46', null, null, 'D', '2017-09-09 18:30:36', '2017-09-11 09:39:47', '1', '1', '1', '6', ',004', '5', '50000.00', null, '50000.00', null, null, '01', null, null, '', null, '', '', '', '征信', null, null, '收益高，安全可靠', '风险规避', '温金锁', '财富账户', '银行托管');
INSERT INTO `t_pd_wealth` VALUES ('1389', '1509', '021', '2017-09-30 00:00:00', '10000000.00', '05', null, 'M', null, '2017-09-09 18:27:44', '2017-09-29 18:27:46', null, null, 'E', '2017-09-09 18:30:36', '2017-09-11 09:39:47', '1', '1', '1', '6', ',004', '5', '50000.00', null, '50000.00', null, null, '01', null, null, '', null, '', '', '', '征信', null, null, '收益高，安全可靠', '风险规避', '温金锁', '财富账户', '银行托管');
INSERT INTO `t_pd_wealth` VALUES ('1390', '1514', '021', '2017-06-12 00:00:00', '2000000.00', '02', null, 'Y', null, '2017-05-24 10:49:14', '2017-06-11 10:50:37', null, null, 'E', '2017-09-10 10:50:45', '2017-09-11 10:00:34', '1', '1', '1', '1', ',007', '5', '50000.00', '1000000.00', null, null, null, '01', null, null, '', null, '', '', '', ' ', null, null, ' ', ' ', '', ' ', ' ');

-- ----------------------------
-- Table structure for t_pd_wealth_charge_rate
-- ----------------------------
DROP TABLE IF EXISTS `t_pd_wealth_charge_rate`;
CREATE TABLE `t_pd_wealth_charge_rate` (
  `PD_WEALTH_CHARGE_RATE_ID` bigint(20) NOT NULL AUTO_INCREMENT,
  `PD_WEALTH_ID` bigint(20) DEFAULT NULL,
  `SUBSCRIPTION_FEE_RATIO` decimal(20,2) DEFAULT NULL,
  `SUBSCRIPTION_PAY_DATE` date DEFAULT NULL,
  `FLOAT_MANAGEMENT_FEE_RATIO` decimal(20,10) DEFAULT NULL,
  `FLOAT_MANAGEMENT_FEE_PAY_DATE` varchar(2000) DEFAULT NULL,
  `FIX_MANAGEMENT_FEE_RATIO` decimal(20,10) DEFAULT NULL,
  `FIX_MANAGEMENT_FEE_PAY_DATE` varchar(2000) DEFAULT NULL,
  `SERVICE_FEE_PAY_DATE` date DEFAULT NULL,
  `RC_STATE` varchar(1) NOT NULL,
  `CREATE_DATE` datetime NOT NULL,
  `MODIFY_DATE` datetime NOT NULL,
  `OPER_COM_ID` bigint(20) NOT NULL,
  `CREATE_USER_ID` bigint(20) NOT NULL,
  `MODIFY_USER_ID` bigint(20) NOT NULL,
  `TAX_FEE` decimal(16,10) DEFAULT NULL,
  `CHANNEL_FEE` decimal(16,10) DEFAULT NULL,
  PRIMARY KEY (`PD_WEALTH_CHARGE_RATE_ID`),
  KEY `FK_T_PD_WEA_REF_T_PD_WEA_1` (`PD_WEALTH_ID`) USING BTREE,
  CONSTRAINT `t_pd_wealth_charge_rate_ibfk_1` FOREIGN KEY (`PD_WEALTH_ID`) REFERENCES `t_pd_wealth` (`PD_WEALTH_ID`)
) ENGINE=InnoDB AUTO_INCREMENT=1385 DEFAULT CHARSET=utf8;

-- ----------------------------
-- Records of t_pd_wealth_charge_rate
-- ----------------------------
INSERT INTO `t_pd_wealth_charge_rate` VALUES ('1373', '1377', null, null, null, null, null, null, null, 'E', '2017-09-09 18:18:57', '2017-09-09 18:18:57', '1', '1', '1', null, null);
INSERT INTO `t_pd_wealth_charge_rate` VALUES ('1374', '1378', null, null, null, null, null, null, null, 'D', '2017-09-09 18:30:36', '2017-09-10 14:52:48', '1', '1', '1', null, null);
INSERT INTO `t_pd_wealth_charge_rate` VALUES ('1375', '1379', '1.00', null, '5.0000000000', '季度支付T+5', '0.7000000000', '季度支付T+5', null, 'D', '2017-09-09 18:38:05', '2017-09-10 10:23:23', '1', '1', '1', '0.0000000000', null);
INSERT INTO `t_pd_wealth_charge_rate` VALUES ('1376', '1380', '1.50', null, null, '', null, '', null, 'D', '2017-09-09 18:43:05', '2017-09-09 18:44:04', '1', '1', '1', null, null);
INSERT INTO `t_pd_wealth_charge_rate` VALUES ('1377', '1383', '1.50', null, null, '', null, '', null, 'D', '2017-09-09 18:43:05', '2017-09-09 18:44:38', '1', '1', '1', null, null);
INSERT INTO `t_pd_wealth_charge_rate` VALUES ('1378', '1384', '1.50', null, null, '', null, '', null, 'D', '2017-09-09 18:43:05', '2018-03-20 21:29:56', '1', '1', '1', null, null);
INSERT INTO `t_pd_wealth_charge_rate` VALUES ('1379', '1385', '1.00', null, '5.0000000000', '季度支付T+5', '0.7000000000', '季度支付T+5', null, 'E', '2017-09-09 18:38:05', '2017-09-10 10:23:23', '1', '1', '1', '0.0000000000', null);
INSERT INTO `t_pd_wealth_charge_rate` VALUES ('1380', '1386', null, null, null, null, null, null, null, 'D', '2017-09-10 10:50:45', '2017-09-10 10:50:58', '1', '1', '1', null, null);
INSERT INTO `t_pd_wealth_charge_rate` VALUES ('1381', '1387', null, null, null, null, null, null, null, 'D', '2017-09-10 10:50:45', '2017-09-11 10:00:34', '1', '1', '1', null, null);
INSERT INTO `t_pd_wealth_charge_rate` VALUES ('1382', '1388', null, null, null, null, null, null, null, 'D', '2017-09-09 18:30:36', '2017-09-11 09:39:47', '1', '1', '1', null, null);
INSERT INTO `t_pd_wealth_charge_rate` VALUES ('1383', '1389', null, null, null, null, null, null, null, 'E', '2017-09-09 18:30:36', '2017-09-11 09:39:47', '1', '1', '1', null, null);
INSERT INTO `t_pd_wealth_charge_rate` VALUES ('1384', '1390', null, null, null, null, null, null, null, 'E', '2017-09-10 10:50:45', '2017-09-11 10:00:34', '1', '1', '1', null, null);

-- ----------------------------
-- Table structure for t_pd_wealth_fee_rate
-- ----------------------------
DROP TABLE IF EXISTS `t_pd_wealth_fee_rate`;
CREATE TABLE `t_pd_wealth_fee_rate` (
  `PD_WEALTH_FEE_RATE_ID` bigint(20) NOT NULL AUTO_INCREMENT,
  `PD_WEALTH_ID` bigint(20) DEFAULT NULL,
  `FEE_TYPE` varchar(20) DEFAULT NULL,
  `SUBSCRIPTION_FEE_UPPER` decimal(12,2) DEFAULT NULL,
  `SUBSCRIPTION_FEE_LOWER` decimal(12,2) DEFAULT NULL,
  `FEE_RATE` decimal(18,10) DEFAULT NULL,
  `EXPECTED_FEE_RATE` decimal(18,10) DEFAULT NULL,
  `RC_STATE` varchar(1) NOT NULL,
  `CREATE_DATE` datetime NOT NULL,
  `MODIFY_DATE` datetime NOT NULL,
  `OPER_COM_ID` bigint(20) NOT NULL,
  `CREATE_USER_ID` bigint(20) NOT NULL,
  `MODIFY_USER_ID` bigint(20) NOT NULL,
  `CLOSE_DPERIOD` bigint(20) DEFAULT NULL,
  `BENEFICIAL_TYPE` varchar(20) DEFAULT NULL,
  `CLOSE_DPERIODUNIT` varchar(4) DEFAULT NULL,
  `ADD_EXPECTED_FEE_RATE` decimal(18,10) DEFAULT NULL,
  `EXPECTED_FEE_RATE_STATE` varchar(100) DEFAULT NULL,
  PRIMARY KEY (`PD_WEALTH_FEE_RATE_ID`),
  KEY `FK_T_PD_WEA_REF_T_PD_WEA_2` (`PD_WEALTH_ID`) USING BTREE,
  CONSTRAINT `t_pd_wealth_fee_rate_ibfk_1` FOREIGN KEY (`PD_WEALTH_ID`) REFERENCES `t_pd_wealth` (`PD_WEALTH_ID`)
) ENGINE=InnoDB AUTO_INCREMENT=1039 DEFAULT CHARSET=utf8;

-- ----------------------------
-- Records of t_pd_wealth_fee_rate
-- ----------------------------
INSERT INTO `t_pd_wealth_fee_rate` VALUES ('1031', '1377', '01', '500000.00', '50000.00', '0.5000000000', '6.5000000000', 'E', '2017-09-09 18:18:57', '2017-09-09 18:18:57', '1', '1', '1', '365', '002', 'D', '0.6000000000', '');
INSERT INTO `t_pd_wealth_fee_rate` VALUES ('1032', '1377', '01', null, '500000.00', '0.5000000000', '7.8000000000', 'E', '2017-09-09 18:18:57', '2017-09-09 18:18:57', '1', '1', '1', '365', '003', 'D', '0.6000000000', '');
INSERT INTO `t_pd_wealth_fee_rate` VALUES ('1033', '1378', '01', null, '50000.00', '0.5000000000', '5.8000000000', 'D', '2017-09-09 18:30:36', '2017-09-10 14:52:48', '1', '1', '1', '6', '004', 'M', '0.5000000000', '');
INSERT INTO `t_pd_wealth_fee_rate` VALUES ('1034', '1386', '01', null, '50000.00', '0.3000000000', '5.8000000000', 'D', '2017-09-10 10:50:45', '2017-09-10 10:50:58', '1', '1', '1', '3', '007', 'M', null, '');
INSERT INTO `t_pd_wealth_fee_rate` VALUES ('1035', '1387', '01', null, '50000.00', '0.3000000000', '5.8000000000', 'D', '2017-09-10 10:50:45', '2017-09-11 10:00:34', '1', '1', '1', '3', '007', 'M', null, '');
INSERT INTO `t_pd_wealth_fee_rate` VALUES ('1036', '1388', '01', null, '50000.00', '0.5000000000', '5.8000000000', 'D', '2017-09-09 18:30:36', '2017-09-11 09:39:47', '1', '1', '1', '6', '004', 'M', '0.5000000000', '');
INSERT INTO `t_pd_wealth_fee_rate` VALUES ('1037', '1389', '01', null, '50000.00', '0.5000000000', '5.8000000000', 'E', '2017-09-09 18:30:36', '2017-09-11 09:39:47', '1', '1', '1', '6', '004', 'M', '0.5000000000', '');
INSERT INTO `t_pd_wealth_fee_rate` VALUES ('1038', '1390', '01', null, '50000.00', '0.3000000000', '5.8000000000', 'E', '2017-09-10 10:50:45', '2017-09-11 10:00:34', '1', '1', '1', '3', '007', 'M', null, '');

-- ----------------------------
-- Table structure for t_pd_wealth_income_dis
-- ----------------------------
DROP TABLE IF EXISTS `t_pd_wealth_income_dis`;
CREATE TABLE `t_pd_wealth_income_dis` (
  `PD_WEALTH_INCOME_DISTRIBUTE_ID` bigint(20) NOT NULL AUTO_INCREMENT,
  `PD_WEALTH_ID` bigint(20) DEFAULT NULL,
  `PRINCIPAL_DISTRIBUTE_RATE` decimal(20,4) DEFAULT NULL,
  `DISTRIBUTE_DATE` date DEFAULT NULL,
  `DISTRIBUTE_START_DATE` date DEFAULT NULL,
  `DISTRIBUTE_END_DATE` date DEFAULT NULL,
  `RC_STATE` varchar(1) NOT NULL,
  `CREATE_DATE` datetime NOT NULL,
  `MODIFY_DATE` datetime NOT NULL,
  `OPER_COM_ID` bigint(20) NOT NULL,
  `CREATE_USER_ID` bigint(20) NOT NULL,
  `MODIFY_USER_ID` bigint(20) NOT NULL,
  PRIMARY KEY (`PD_WEALTH_INCOME_DISTRIBUTE_ID`)
) ENGINE=InnoDB AUTO_INCREMENT=1054 DEFAULT CHARSET=utf8;

-- ----------------------------
-- Records of t_pd_wealth_income_dis
-- ----------------------------
INSERT INTO `t_pd_wealth_income_dis` VALUES ('1047', '1377', '100.0000', '2018-04-25', '2018-04-01', '2018-04-24', 'E', '2017-09-09 18:18:57', '2017-09-09 18:18:57', '1', '1', '1');
INSERT INTO `t_pd_wealth_income_dis` VALUES ('1048', '1378', '100.0000', '2018-03-29', '2018-03-15', '2018-03-28', 'D', '2017-09-09 18:30:36', '2017-09-10 14:52:48', '1', '1', '1');
INSERT INTO `t_pd_wealth_income_dis` VALUES ('1049', '1386', '100.0000', '2017-09-11', '2017-08-01', '2017-09-10', 'D', '2017-09-10 10:50:45', '2017-09-10 10:50:58', '1', '1', '1');
INSERT INTO `t_pd_wealth_income_dis` VALUES ('1050', '1387', '100.0000', '2017-09-07', '2017-08-01', '2017-09-06', 'D', '2017-09-10 10:50:45', '2017-09-11 10:00:34', '1', '1', '1');
INSERT INTO `t_pd_wealth_income_dis` VALUES ('1051', '1388', '100.0000', '2018-03-29', '2018-03-15', '2018-03-28', 'D', '2017-09-09 18:30:36', '2017-09-11 09:39:47', '1', '1', '1');
INSERT INTO `t_pd_wealth_income_dis` VALUES ('1052', '1389', '100.0000', '2018-03-29', '2018-03-15', '2018-03-28', 'E', '2017-09-09 18:30:36', '2017-09-11 09:39:47', '1', '1', '1');
INSERT INTO `t_pd_wealth_income_dis` VALUES ('1053', '1390', '100.0000', '2017-09-07', '2017-08-01', '2017-09-06', 'E', '2017-09-10 10:50:45', '2017-09-11 10:00:34', '1', '1', '1');

-- ----------------------------
-- Table structure for t_pd_wealth_introduce_info
-- ----------------------------
DROP TABLE IF EXISTS `t_pd_wealth_introduce_info`;
CREATE TABLE `t_pd_wealth_introduce_info` (
  `PD_WEALTH_INTRODUCE_INFO_ID` bigint(20) NOT NULL AUTO_INCREMENT,
  `PRODUCT_ID` bigint(20) DEFAULT NULL,
  `PRODUCT_FEATURES` varchar(1000) DEFAULT NULL,
  `PRODUCT_TITLE` varchar(1000) DEFAULT NULL,
  `PRODUCT_KEYWORD` varchar(1000) DEFAULT NULL,
  `PRODUCT_DESC` varchar(1000) DEFAULT NULL,
  `WARM_WARN_DESC` varchar(1000) DEFAULT NULL,
  `PRODUCT_COST_DESC` varchar(1000) DEFAULT NULL,
  `FUND_SUSING_DESC` varchar(1000) DEFAULT NULL,
  `INCOME_WAY_EDSC` varchar(1000) DEFAULT NULL,
  `ADD_PROMOTION_MEASURES` varchar(1000) DEFAULT NULL,
  `HISTORY_EARN_RATE_DESC` varchar(1000) DEFAULT NULL,
  `CLOSED_PERIOD_DESC` varchar(1000) DEFAULT NULL,
  `AGNCY_COM_NAME` varchar(1000) DEFAULT NULL,
  `AGENT_NAME` varchar(1000) DEFAULT NULL,
  `INVEST_CONCEPT` varchar(1000) DEFAULT NULL,
  `RC_STATE` varchar(1) NOT NULL,
  `CREATE_DATE` datetime NOT NULL,
  `MODIFY_DATE` datetime NOT NULL,
  `OPER_COM_ID` bigint(20) NOT NULL,
  `CREATE_USER_ID` bigint(20) NOT NULL,
  `MODIFY_USER_ID` bigint(20) NOT NULL,
  `PREFERENTIAL_DESC` varchar(1000) DEFAULT NULL,
  `OPENDAY_DESC` varchar(1000) DEFAULT NULL,
  PRIMARY KEY (`PD_WEALTH_INTRODUCE_INFO_ID`),
  KEY `FK_T_PD_WEA_REF_T_PD_PRO` (`PRODUCT_ID`) USING BTREE,
  CONSTRAINT `t_pd_wealth_introduce_info_ibfk_1` FOREIGN KEY (`PRODUCT_ID`) REFERENCES `t_pd_product` (`PRODUCT_ID`)
) ENGINE=InnoDB DEFAULT CHARSET=utf8;

-- ----------------------------
-- Records of t_pd_wealth_introduce_info
-- ----------------------------

-- ----------------------------
-- Table structure for t_pd_wealth_net_value
-- ----------------------------
DROP TABLE IF EXISTS `t_pd_wealth_net_value`;
CREATE TABLE `t_pd_wealth_net_value` (
  `PD_WHEAL_NET_VALUE_ID` bigint(20) NOT NULL AUTO_INCREMENT,
  `PD_WEALTH_ID` bigint(20) DEFAULT NULL,
  `NET_VALUE` decimal(20,6) DEFAULT NULL,
  `NET_TYPE` varchar(2) DEFAULT NULL,
  `PUBLIC_DATE` date DEFAULT NULL,
  `IS_ORDER` varchar(4) DEFAULT NULL,
  `SPECIAL_TYPE` varchar(4) DEFAULT NULL,
  `RC_STATE` varchar(1) DEFAULT NULL,
  `CREATE_DATE` datetime DEFAULT NULL,
  `MODIFY_DATE` datetime DEFAULT NULL,
  `OPER_COM_ID` bigint(20) DEFAULT NULL,
  `CREATE_USER_ID` bigint(20) DEFAULT NULL,
  `MODIFY_USER_ID` bigint(20) DEFAULT NULL,
  `EARN_RATE` varchar(10) DEFAULT NULL,
  PRIMARY KEY (`PD_WHEAL_NET_VALUE_ID`),
  KEY `FK_T_PD_WHE_REF_T_PD_WEA_4` (`PD_WEALTH_ID`) USING BTREE,
  CONSTRAINT `t_pd_wealth_net_value_ibfk_1` FOREIGN KEY (`PD_WEALTH_ID`) REFERENCES `t_pd_wealth` (`PD_WEALTH_ID`)
) ENGINE=InnoDB AUTO_INCREMENT=2 DEFAULT CHARSET=utf8;

-- ----------------------------
-- Records of t_pd_wealth_net_value
-- ----------------------------
INSERT INTO `t_pd_wealth_net_value` VALUES ('1', '1385', '1.000000', '01', '2017-09-25', '02', '', 'E', '2017-09-10 10:17:31', '2017-09-10 10:17:31', '1', '1', '1', '');

-- ----------------------------
-- Table structure for t_pd_wealth_net_value_task
-- ----------------------------
DROP TABLE IF EXISTS `t_pd_wealth_net_value_task`;
CREATE TABLE `t_pd_wealth_net_value_task` (
  `PD_WEALTH_NET_VALUE_TASK_ID` bigint(20) NOT NULL AUTO_INCREMENT,
  `PRODUCT_ID` bigint(20) DEFAULT NULL,
  `HANDLE_STATE` varchar(4) DEFAULT NULL,
  `RC_STATE` varchar(1) DEFAULT NULL,
  `CREATE_DATE` datetime NOT NULL,
  `MODIFY_DATE` datetime NOT NULL,
  `OPER_COM_ID` bigint(20) NOT NULL,
  `CREATE_USER_ID` bigint(20) NOT NULL,
  `MODIFY_USER_ID` bigint(20) NOT NULL,
  `TASK_COMMISSION` date DEFAULT NULL,
  PRIMARY KEY (`PD_WEALTH_NET_VALUE_TASK_ID`)
) ENGINE=InnoDB DEFAULT CHARSET=utf8;

-- ----------------------------
-- Records of t_pd_wealth_net_value_task
-- ----------------------------

-- ----------------------------
-- Table structure for t_pd_wealth_open_date
-- ----------------------------
DROP TABLE IF EXISTS `t_pd_wealth_open_date`;
CREATE TABLE `t_pd_wealth_open_date` (
  `PD_WEALTH_OPEN_DATE_ID` bigint(20) NOT NULL AUTO_INCREMENT,
  `PD_WEALTH_ID` bigint(20) DEFAULT NULL,
  `OPEN_DATE` date DEFAULT NULL,
  `RC_STATE` varchar(1) NOT NULL,
  `CREATE_DATE` datetime NOT NULL,
  `MODIFY_DATE` datetime NOT NULL,
  `OPER_COM_ID` bigint(20) NOT NULL,
  `CREATE_USER_ID` bigint(20) NOT NULL,
  `MODIFY_USER_ID` bigint(20) NOT NULL,
  `INVEST_START_DATE` datetime DEFAULT NULL,
  `INVEST_END_DATE` datetime DEFAULT NULL,
  `FINANCING_SCALE` decimal(16,2) DEFAULT NULL,
  PRIMARY KEY (`PD_WEALTH_OPEN_DATE_ID`),
  KEY `FK_T_PD_WEA_REF_T_PD_WEA_3` (`PD_WEALTH_ID`) USING BTREE,
  CONSTRAINT `t_pd_wealth_open_date_ibfk_1` FOREIGN KEY (`PD_WEALTH_ID`) REFERENCES `t_pd_wealth` (`PD_WEALTH_ID`)
) ENGINE=InnoDB AUTO_INCREMENT=3 DEFAULT CHARSET=utf8;

-- ----------------------------
-- Records of t_pd_wealth_open_date
-- ----------------------------
INSERT INTO `t_pd_wealth_open_date` VALUES ('1', '1385', '2017-09-26', 'E', '2017-09-10 10:16:54', '2017-09-10 10:16:54', '1', '1', '1', '2017-09-09 10:16:45', '2017-09-24 10:16:48', '5000000.00');
INSERT INTO `t_pd_wealth_open_date` VALUES ('2', '1385', '2017-10-25', 'E', '2017-09-10 12:00:01', '2017-09-10 12:00:01', '1', '1', '1', '2017-09-26 11:59:35', '2017-10-07 11:59:51', '2000000.00');

-- ----------------------------
-- Table structure for t_pd_wealth_sales_info
-- ----------------------------
DROP TABLE IF EXISTS `t_pd_wealth_sales_info`;
CREATE TABLE `t_pd_wealth_sales_info` (
  `PD_WEALTH_SALES_INFO_ID` bigint(20) NOT NULL AUTO_INCREMENT,
  `PRODUCT_ID` bigint(20) DEFAULT NULL,
  `PROMOTION_WAY` varchar(20) DEFAULT NULL,
  `SALE_WAY` varchar(4) DEFAULT NULL,
  `SALE_CHNNEL` varchar(20) DEFAULT NULL,
  `PAY_WAY` varchar(20) DEFAULT NULL,
  `INVEST_COUNT` varchar(4) DEFAULT NULL,
  `OFFLINE_ORDER_FLAG` varchar(4) DEFAULT NULL,
  `INVITE_CODE_FLAG` varchar(4) DEFAULT NULL,
  `RC_STATE` varchar(1) NOT NULL,
  `CREATE_DATE` datetime NOT NULL,
  `MODIFY_DATE` datetime NOT NULL,
  `OPER_COM_ID` bigint(20) NOT NULL,
  `CREATE_USER_ID` bigint(20) NOT NULL,
  `MODIFY_USER_ID` bigint(20) NOT NULL,
  `IS_SHOW` varchar(4) DEFAULT NULL,
  `INTERNET_PRODUCT_TYPE` varchar(4) DEFAULT NULL,
  `IS_HOT_SALE` varchar(4) DEFAULT NULL,
  `IS_EXCLUSIVE` varchar(4) DEFAULT NULL,
  `INTERNET_PRODUCTSUBTYPE` varchar(10) DEFAULT NULL,
  `IS_SHOW_FIRST` varchar(4) DEFAULT NULL,
  PRIMARY KEY (`PD_WEALTH_SALES_INFO_ID`),
  KEY `FK_T_PD_WEA_REFERENCE_T_PD_PRO` (`PRODUCT_ID`) USING BTREE,
  CONSTRAINT `t_pd_wealth_sales_info_ibfk_1` FOREIGN KEY (`PRODUCT_ID`) REFERENCES `t_pd_product` (`PRODUCT_ID`)
) ENGINE=InnoDB DEFAULT CHARSET=utf8;

-- ----------------------------
-- Records of t_pd_wealth_sales_info
-- ----------------------------

-- ----------------------------
-- Table structure for t_pd_wealth_stock_dis
-- ----------------------------
DROP TABLE IF EXISTS `t_pd_wealth_stock_dis`;
CREATE TABLE `t_pd_wealth_stock_dis` (
  `PD_WEALTH_STOCK_DIS_ID` bigint(20) NOT NULL AUTO_INCREMENT,
  `PD_WEALTH_ID` bigint(20) NOT NULL,
  `DISTRIBUTE_DATE` date DEFAULT NULL,
  `DISTRIBUTE_MONEY` decimal(20,2) DEFAULT NULL,
  `DIS_RATE` decimal(10,0) DEFAULT NULL,
  `RC_STATE` varchar(1) DEFAULT NULL,
  `CREATE_DATE` datetime NOT NULL,
  `MODIFY_DATE` datetime NOT NULL,
  `OPER_COM_ID` bigint(20) NOT NULL,
  `CREATE_USER_ID` bigint(20) NOT NULL,
  `MODIFY_USER_ID` bigint(20) NOT NULL,
  PRIMARY KEY (`PD_WEALTH_STOCK_DIS_ID`)
) ENGINE=InnoDB AUTO_INCREMENT=38 DEFAULT CHARSET=utf8;

-- ----------------------------
-- Records of t_pd_wealth_stock_dis
-- ----------------------------
INSERT INTO `t_pd_wealth_stock_dis` VALUES ('35', '1380', '2018-08-23', '100000.00', null, 'D', '2017-09-09 18:43:05', '2017-09-09 18:44:04', '1', '1', '1');
INSERT INTO `t_pd_wealth_stock_dis` VALUES ('36', '1383', '2018-08-23', '100000.00', null, 'D', '2017-09-09 18:43:05', '2017-09-09 18:44:38', '1', '1', '1');
INSERT INTO `t_pd_wealth_stock_dis` VALUES ('37', '1384', '2018-08-23', '100000.00', null, 'D', '2017-09-09 18:43:05', '2018-03-20 21:29:56', '1', '1', '1');

-- ----------------------------
-- Table structure for t_pre_customer_base_info
-- ----------------------------
DROP TABLE IF EXISTS `t_pre_customer_base_info`;
CREATE TABLE `t_pre_customer_base_info` (
  `PRE_CUST_BASE_INFO_ID` bigint(20) NOT NULL AUTO_INCREMENT,
  `PRE_CUST_NO` varchar(20) DEFAULT NULL,
  `PRE_CUST_NAME` varchar(20) DEFAULT NULL,
  `PRE_CUST_SEX` varchar(2) DEFAULT NULL,
  `PRE_CUST_MOBILE` varchar(20) DEFAULT NULL,
  `PRE_CUST_TYPE` varchar(5) DEFAULT NULL,
  `PRE_CUST_RESIDENTIAL_BUILDING` varchar(5) DEFAULT NULL,
  `PRE_CUST_BUILDING_NO` varchar(100) DEFAULT NULL,
  `PRE_CUST_OBTAIN_WAY` varchar(5) DEFAULT NULL,
  `PRE_AGENT_ID` bigint(20) DEFAULT NULL,
  `RC_STATE` varchar(1) NOT NULL,
  `CREATE_DATE` datetime NOT NULL,
  `MODIFY_DATE` datetime NOT NULL,
  `OPER_COM_ID` bigint(20) NOT NULL,
  `CREATE_USER_ID` bigint(20) NOT NULL,
  `MODIFY_USER_ID` bigint(20) NOT NULL,
  PRIMARY KEY (`PRE_CUST_BASE_INFO_ID`)
) ENGINE=InnoDB DEFAULT CHARSET=utf8;

-- ----------------------------
-- Records of t_pre_customer_base_info
-- ----------------------------

-- ----------------------------
-- Table structure for t_pre_customer_vistor_info
-- ----------------------------
DROP TABLE IF EXISTS `t_pre_customer_vistor_info`;
CREATE TABLE `t_pre_customer_vistor_info` (
  `PRE_CUST_VISITOR_INFO_ID` bigint(20) NOT NULL AUTO_INCREMENT,
  `PRE_CUST_BASE_INFO_ID` bigint(20) DEFAULT NULL,
  `PRE_CUST_VISIT_TIME` datetime DEFAULT NULL,
  `PRE_CUST_VISIT_TYPE` varchar(2) DEFAULT NULL,
  `PRE_CUST_VISIT_ACTION` varchar(30) DEFAULT NULL,
  `PRE_CUST_VISIT_CONTENT` varchar(2000) DEFAULT NULL,
  `RC_STATE` varchar(1) NOT NULL,
  `CREATE_DATE` datetime NOT NULL,
  `MODIFY_DATE` datetime NOT NULL,
  `OPER_COM_ID` bigint(20) NOT NULL,
  `CREATE_USER_ID` bigint(20) NOT NULL,
  `MODIFY_USER_ID` bigint(20) NOT NULL,
  PRIMARY KEY (`PRE_CUST_VISITOR_INFO_ID`),
  KEY `FK_T_PRE_CU_REFERENCE_T_PRE_CU` (`PRE_CUST_BASE_INFO_ID`) USING BTREE,
  CONSTRAINT `t_pre_customer_vistor_info_ibfk_1` FOREIGN KEY (`PRE_CUST_BASE_INFO_ID`) REFERENCES `t_pre_customer_base_info` (`PRE_CUST_BASE_INFO_ID`)
) ENGINE=InnoDB DEFAULT CHARSET=utf8;

-- ----------------------------
-- Records of t_pre_customer_vistor_info
-- ----------------------------

-- ----------------------------
-- Table structure for t_profession_news_info
-- ----------------------------
DROP TABLE IF EXISTS `t_profession_news_info`;
CREATE TABLE `t_profession_news_info` (
  `PROFESSION_NEWS_INFO_ID` bigint(20) NOT NULL AUTO_INCREMENT,
  `TITLE` varchar(300) NOT NULL,
  `CONTENT` text,
  `RESOURCE` varchar(300) DEFAULT NULL,
  `RC_STATE` varchar(1) DEFAULT NULL,
  `CREATE_DATE` datetime NOT NULL,
  `MODIFY_DATE` datetime NOT NULL,
  `OPER_COM_ID` bigint(20) NOT NULL,
  `CREATE_USER_ID` bigint(20) NOT NULL,
  `MODIFY_USER_ID` bigint(20) NOT NULL,
  PRIMARY KEY (`PROFESSION_NEWS_INFO_ID`)
) ENGINE=InnoDB DEFAULT CHARSET=utf8;

-- ----------------------------
-- Records of t_profession_news_info
-- ----------------------------

-- ----------------------------
-- Table structure for t_redemption_info
-- ----------------------------
DROP TABLE IF EXISTS `t_redemption_info`;
CREATE TABLE `t_redemption_info` (
  `REDEMPTION_INFO_ID` bigint(20) NOT NULL AUTO_INCREMENT,
  `PD_PRODUCT_ID` bigint(20) DEFAULT NULL,
  `CUSTOMER_NO` varchar(20) DEFAULT NULL,
  `REDEMPTION_TOTAL_SHARE` decimal(20,4) DEFAULT NULL,
  `REDEMPTION_TOTAL_MONEY` decimal(20,4) DEFAULT NULL,
  `REFERENCE_NET_VALUE` decimal(20,4) DEFAULT NULL,
  `REDEMPTION_OPENDAY` date DEFAULT NULL,
  `REDEMPTION_APPLY_DATE` date DEFAULT NULL,
  `REDEMPTION_STATUS` varchar(2) DEFAULT NULL,
  `REDEMPTION_INPUT_OPERATOR` varchar(20) DEFAULT NULL,
  `REDEMPTION_CHECK_OPERATOR` varchar(20) DEFAULT NULL,
  `ACTU_REDEMPTION_TOTAL_SHARE` decimal(20,4) DEFAULT NULL,
  `ACTU_REDEMPTION_TOTAL_MONEY` decimal(20,4) DEFAULT NULL,
  `ACTU_REDEMPTION_NET_VALUE` decimal(20,4) DEFAULT NULL,
  `SUBSCRIBE_TOTAL_SHARE` decimal(20,4) DEFAULT NULL,
  `ALREADY_REDEMPTION_TOTAL_SHARE` decimal(20,4) DEFAULT NULL,
  `REMAINING_TOTAL_SHARE` decimal(20,4) DEFAULT NULL,
  `RC_STATE` varchar(1) NOT NULL,
  `CREATE_DATE` datetime NOT NULL,
  `MODIFY_DATE` datetime NOT NULL,
  `OPER_COM_ID` bigint(20) NOT NULL,
  `CREATE_USER_ID` bigint(20) NOT NULL,
  `MODIFY_USER_ID` bigint(20) NOT NULL,
  `REDEMPTION_UPLOAD_OPERATOR` varchar(20) DEFAULT NULL,
  PRIMARY KEY (`REDEMPTION_INFO_ID`)
) ENGINE=InnoDB AUTO_INCREMENT=5 DEFAULT CHARSET=utf8;

-- ----------------------------
-- Records of t_redemption_info
-- ----------------------------
INSERT INTO `t_redemption_info` VALUES ('1', '1510', '100003', '50000.0000', '50000.0000', '1.0000', '2017-09-26', '2017-09-26', '04', 'zhangtao', 'zhuyueming', '50000.0000', '49000.0000', '0.9800', '50000.0000', '0.0000', '150000.0000', 'E', '2017-09-10 10:26:57', '2017-09-10 10:40:56', '12', '156', '151', 'zhuyueming');
INSERT INTO `t_redemption_info` VALUES ('2', '1510', '100003', '100000.0000', '100000.0000', '1.0000', '2017-10-25', '2017-09-10', '05', 'zhangtao', null, null, null, null, '200000.0000', '200000.0000', '-100000.0000', 'D', '2017-09-10 12:06:47', '2017-09-10 12:07:15', '12', '156', '156', null);
INSERT INTO `t_redemption_info` VALUES ('3', '1510', '100003', '50000.0000', '50000.0000', '1.0000', '2017-10-25', '2017-09-10', '01', 'zhangtao', null, null, null, null, '200000.0000', '200000.0000', '100000.0000', 'E', '2017-09-10 12:08:44', '2017-09-10 12:08:44', '12', '156', '156', null);
INSERT INTO `t_redemption_info` VALUES ('4', '1510', '100003', '50000.0000', '50000.0000', '1.0000', '2017-10-25', '2017-09-12', '02', 'zhangtao', null, null, null, null, '200000.0000', '50000.0000', '100000.0000', 'E', '2017-09-10 12:15:52', '2017-09-10 12:15:52', '12', '156', '156', null);

-- ----------------------------
-- Table structure for t_redemption_operation
-- ----------------------------
DROP TABLE IF EXISTS `t_redemption_operation`;
CREATE TABLE `t_redemption_operation` (
  `REDEMPTION_OPERATION_ID` bigint(20) NOT NULL AUTO_INCREMENT,
  `REDEMPTION_INFO_ID` bigint(20) DEFAULT NULL,
  `USER_ID` bigint(20) DEFAULT NULL,
  `CONCLUSION` varchar(2) DEFAULT NULL,
  `REMARK` varchar(500) DEFAULT NULL,
  `RC_STATE` varchar(1) NOT NULL,
  `CREATE_DATE` datetime NOT NULL,
  `MODIFY_DATE` datetime NOT NULL,
  `OPER_COM_ID` bigint(20) NOT NULL,
  `CREATE_USER_ID` bigint(20) NOT NULL,
  `MODIFY_USER_ID` bigint(20) NOT NULL,
  `ISBACK` varchar(2) DEFAULT NULL,
  `OPERATE_NODE` varchar(2) DEFAULT NULL,
  PRIMARY KEY (`REDEMPTION_OPERATION_ID`),
  KEY `FK_T_REDEMP_REF_T_REDEMP` (`REDEMPTION_INFO_ID`) USING BTREE,
  CONSTRAINT `t_redemption_operation_ibfk_1` FOREIGN KEY (`REDEMPTION_INFO_ID`) REFERENCES `t_redemption_info` (`REDEMPTION_INFO_ID`)
) ENGINE=InnoDB AUTO_INCREMENT=3 DEFAULT CHARSET=utf8;

-- ----------------------------
-- Records of t_redemption_operation
-- ----------------------------
INSERT INTO `t_redemption_operation` VALUES ('1', '1', '151', '01', null, 'E', '2017-09-10 10:40:07', '2017-09-10 10:40:07', '12', '151', '151', null, null);
INSERT INTO `t_redemption_operation` VALUES ('2', '1', '151', '01', null, 'E', '2017-09-10 10:40:56', '2017-09-10 10:40:56', '12', '151', '151', 'N', '03');

-- ----------------------------
-- Table structure for t_redemption_trade_info
-- ----------------------------
DROP TABLE IF EXISTS `t_redemption_trade_info`;
CREATE TABLE `t_redemption_trade_info` (
  `REDEMPTION_TRADE_INFO_ID` bigint(20) NOT NULL AUTO_INCREMENT,
  `REDEMPTION_INFO_ID` bigint(20) DEFAULT NULL,
  `TRADE_INFO_ID` bigint(20) DEFAULT NULL,
  `REDEMPTION_SHARE` decimal(20,4) DEFAULT NULL,
  `ACTUAL_REDEMPTION_SHARE` decimal(20,4) DEFAULT NULL,
  `ACTUAL_REDEMPTION_MONEY` decimal(20,4) DEFAULT NULL,
  `RC_STATE` varchar(1) NOT NULL,
  `CREATE_DATE` datetime NOT NULL,
  `MODIFY_DATE` datetime NOT NULL,
  `OPER_COM_ID` bigint(20) NOT NULL,
  `CREATE_USER_ID` bigint(20) NOT NULL,
  `MODIFY_USER_ID` bigint(20) NOT NULL,
  PRIMARY KEY (`REDEMPTION_TRADE_INFO_ID`),
  KEY `FK_T_REDEMP_REFERENCE_T_REDEMP` (`REDEMPTION_INFO_ID`) USING BTREE,
  CONSTRAINT `t_redemption_trade_info_ibfk_1` FOREIGN KEY (`REDEMPTION_INFO_ID`) REFERENCES `t_redemption_info` (`REDEMPTION_INFO_ID`)
) ENGINE=InnoDB AUTO_INCREMENT=5 DEFAULT CHARSET=utf8;

-- ----------------------------
-- Records of t_redemption_trade_info
-- ----------------------------
INSERT INTO `t_redemption_trade_info` VALUES ('1', '1', '3157', '50000.0000', '50000.0000', null, 'E', '2017-09-10 10:26:57', '2017-09-10 10:40:56', '12', '156', '151');
INSERT INTO `t_redemption_trade_info` VALUES ('2', '2', '3157', '100000.0000', null, null, 'E', '2017-09-10 12:06:47', '2017-09-10 12:06:47', '12', '156', '156');
INSERT INTO `t_redemption_trade_info` VALUES ('3', '3', '3157', '50000.0000', null, null, 'E', '2017-09-10 12:08:44', '2017-09-10 12:08:44', '12', '156', '156');
INSERT INTO `t_redemption_trade_info` VALUES ('4', '4', '3157', '50000.0000', null, null, 'E', '2017-09-10 12:15:52', '2017-09-10 12:15:52', '12', '156', '156');

-- ----------------------------
-- Table structure for t_sly_base_salary
-- ----------------------------
DROP TABLE IF EXISTS `t_sly_base_salary`;
CREATE TABLE `t_sly_base_salary` (
  `SLY__BASE_SALARY_ID` bigint(20) NOT NULL AUTO_INCREMENT,
  `sly_salary_id` bigint(20) DEFAULT NULL,
  `MONTH` varchar(20) DEFAULT NULL,
  `DEPARTMENT` varchar(300) DEFAULT NULL,
  `POST` varchar(300) DEFAULT NULL COMMENT '岗位',
  `WORK_NUMBER` varchar(300) DEFAULT NULL COMMENT '工号',
  `CHN_NAME` varchar(300) DEFAULT NULL,
  `BASE_SALARY` varchar(30) DEFAULT NULL COMMENT '基本工资',
  `BUSSINESS_BONUS` varchar(30) DEFAULT NULL COMMENT '业务提奖',
  `LUNCH_ALLOWNACE` varchar(30) DEFAULT NULL COMMENT '午餐补贴',
  `HIHG_TEP_FEE` varchar(30) DEFAULT NULL COMMENT '高温费',
  `ABSENCE_FEE` varchar(30) DEFAULT NULL COMMENT '缺勤扣款',
  `OTHER` varchar(300) DEFAULT NULL,
  `SALARY_OF_THEORY` varchar(30) DEFAULT NULL COMMENT '应发工资',
  `PENSION` varchar(30) DEFAULT NULL COMMENT '养老金',
  `MEDICARE` varchar(30) DEFAULT NULL COMMENT '医疗保险',
  `UNEMPLOYMENT` varchar(30) DEFAULT NULL COMMENT '失业',
  `ACCUMULATION_FUND` varchar(30) DEFAULT NULL COMMENT '公积金',
  `TAX_FEE` varchar(30) DEFAULT NULL COMMENT '应纳税额',
  `PERSONAL_TAX` varchar(30) DEFAULT NULL COMMENT '工资个税',
  `ACTUAL_SALARY` varchar(30) DEFAULT NULL COMMENT '工资实发',
  `RC_STATE` varchar(1) DEFAULT NULL,
  `CREATE_DATE` datetime NOT NULL,
  `MODIFY_DATE` datetime NOT NULL,
  `OPER_COM_ID` bigint(20) NOT NULL,
  `CREATE_USER_ID` bigint(20) NOT NULL,
  `MODIFY_USER_ID` bigint(20) NOT NULL,
  PRIMARY KEY (`SLY__BASE_SALARY_ID`),
  KEY `f1` (`sly_salary_id`) USING BTREE,
  CONSTRAINT `t_sly_base_salary_ibfk_1` FOREIGN KEY (`sly_salary_id`) REFERENCES `t_sly_salary` (`sly_salary_id`)
) ENGINE=InnoDB DEFAULT CHARSET=utf8;

-- ----------------------------
-- Records of t_sly_base_salary
-- ----------------------------

-- ----------------------------
-- Table structure for t_sly_commission
-- ----------------------------
DROP TABLE IF EXISTS `t_sly_commission`;
CREATE TABLE `t_sly_commission` (
  `SLY_COMMISSION_ID` bigint(20) NOT NULL AUTO_INCREMENT,
  `SLY_SALARY_ID` bigint(20) NOT NULL,
  `MONTH` varchar(20) DEFAULT NULL,
  `WORK_NUMBER` varchar(20) DEFAULT NULL,
  `COM_NAME` varchar(20) DEFAULT NULL COMMENT '机构',
  `CHN_NAME` varchar(20) DEFAULT NULL COMMENT '姓名',
  `SALE_COMMISSION` varchar(30) DEFAULT NULL COMMENT '销售佣金',
  `CHANNEL` varchar(30) DEFAULT NULL COMMENT '结算渠道',
  `MANAGEMENT_ALLOWANCE` varchar(30) DEFAULT NULL COMMENT '管理津贴',
  `ADD_BONUS` varchar(30) DEFAULT NULL COMMENT '增员奖励',
  `SERVICE_ALLOWANCE` varchar(30) DEFAULT NULL COMMENT '服务津贴',
  `GUOJIN_COMMISSION` varchar(30) DEFAULT NULL COMMENT '国金佣金',
  `PROJECT_COMMISSION` varchar(30) DEFAULT NULL COMMENT '项目端佣金',
  `REISSUE_COMMISION` varchar(30) DEFAULT NULL COMMENT '补发费用',
  `WITHHOLD_COMMISSION` varchar(30) DEFAULT NULL COMMENT '暂扣费用',
  `ZHANYE_COMMISSION` varchar(30) DEFAULT NULL COMMENT '展业费用',
  `OTHER_COMMISSION` varchar(30) DEFAULT NULL COMMENT '其他',
  `COMMISSION_AMOUNT` varchar(30) DEFAULT NULL COMMENT '本月可发合计',
  `ADD_TO_SALARY` varchar(30) DEFAULT NULL COMMENT '计入本月工资',
  `REMAIN_COMMISSION` varchar(30) DEFAULT NULL COMMENT '剩余佣金',
  `OVERSEAS_COMMISSION` varchar(30) DEFAULT NULL COMMENT '海外投资佣金',
  `REMARK` varchar(30) DEFAULT NULL COMMENT '备注',
  `RC_STATE` varchar(1) DEFAULT NULL,
  `CREATE_DATE` datetime NOT NULL,
  `MODIFY_DATE` datetime NOT NULL,
  `OPER_COM_ID` bigint(20) NOT NULL,
  `CREATE_USER_ID` bigint(20) NOT NULL,
  `MODIFY_USER_ID` bigint(20) NOT NULL,
  `FLOAT_INCOME` varchar(50) DEFAULT NULL,
  `LAST_MONTH_REMAINING` varchar(50) DEFAULT NULL,
  PRIMARY KEY (`SLY_COMMISSION_ID`)
) ENGINE=InnoDB DEFAULT CHARSET=utf8;

-- ----------------------------
-- Records of t_sly_commission
-- ----------------------------

-- ----------------------------
-- Table structure for t_sly_guojin_commission
-- ----------------------------
DROP TABLE IF EXISTS `t_sly_guojin_commission`;
CREATE TABLE `t_sly_guojin_commission` (
  `SLY_GUOJIN_COMMISSION_ID` bigint(20) NOT NULL AUTO_INCREMENT,
  `SLY_SALARY_ID` bigint(20) NOT NULL,
  `MONTH` varchar(20) DEFAULT NULL,
  `WORK_NUMBER` varchar(20) DEFAULT NULL,
  `CUST_NAME` varchar(30) DEFAULT NULL,
  `ACCOUNT` varchar(30) DEFAULT NULL,
  `ESTABLISH_DATE` varchar(30) DEFAULT NULL,
  `MARKET_VALUE_MAX` varchar(30) DEFAULT NULL COMMENT '市值峰值',
  `PERSONAL_VALUE_MAX` varchar(30) DEFAULT NULL COMMENT '资产峰值',
  `TRADE_AMOUNT` varchar(30) DEFAULT NULL COMMENT '交易金额',
  `DISTRIBUTE_NET_VALUE` varchar(30) DEFAULT NULL COMMENT '分配净佣',
  `CUST_RELATION` varchar(30) DEFAULT NULL COMMENT '客户关系',
  `RC_STATE` varchar(1) DEFAULT NULL,
  `CREATE_DATE` datetime NOT NULL,
  `MODIFY_DATE` datetime NOT NULL,
  `OPER_COM_ID` bigint(20) NOT NULL,
  `CREATE_USER_ID` bigint(20) NOT NULL,
  `MODIFY_USER_ID` bigint(20) NOT NULL,
  `CHANNEL` varchar(30) DEFAULT NULL,
  `REMARKS` varchar(30) DEFAULT NULL,
  PRIMARY KEY (`SLY_GUOJIN_COMMISSION_ID`),
  KEY `f2` (`SLY_SALARY_ID`) USING BTREE,
  CONSTRAINT `t_sly_guojin_commission_ibfk_1` FOREIGN KEY (`SLY_SALARY_ID`) REFERENCES `t_sly_salary` (`sly_salary_id`)
) ENGINE=InnoDB DEFAULT CHARSET=utf8;

-- ----------------------------
-- Records of t_sly_guojin_commission
-- ----------------------------

-- ----------------------------
-- Table structure for t_sly_overseas_commission
-- ----------------------------
DROP TABLE IF EXISTS `t_sly_overseas_commission`;
CREATE TABLE `t_sly_overseas_commission` (
  `sly_overseas_commission_id` bigint(20) NOT NULL AUTO_INCREMENT,
  `sly_salary_id` bigint(20) DEFAULT NULL,
  `month` varchar(20) DEFAULT NULL,
  `work_number` varchar(20) DEFAULT NULL,
  `organization` varchar(100) DEFAULT NULL COMMENT '机构',
  `product_side` varchar(200) DEFAULT NULL COMMENT '产品方',
  `product_plan` varchar(250) DEFAULT NULL COMMENT '产品计划',
  `purchase_date` varchar(20) DEFAULT NULL COMMENT '购买日期',
  `in_pay` varchar(30) DEFAULT NULL COMMENT '年缴',
  `agent_name` varchar(80) DEFAULT NULL COMMENT '理财经理',
  `first_commission_rate` varchar(30) DEFAULT NULL COMMENT '首期佣金比率',
  `first_commission` varchar(30) DEFAULT NULL COMMENT '首期佣金',
  `settle_commission` varchar(30) DEFAULT NULL COMMENT '9月结算佣金',
  `insurance_policy_no` varchar(80) DEFAULT NULL COMMENT '保单号',
  `applicant_name` varchar(100) DEFAULT NULL COMMENT '持保人姓名',
  `recognizee_name` varchar(100) DEFAULT NULL COMMENT '受保人姓名',
  `remark` varchar(250) DEFAULT NULL,
  `RC_STATE` varchar(1) NOT NULL,
  `CREATE_DATE` datetime NOT NULL,
  `MODIFY_DATE` datetime NOT NULL,
  `OPER_COM_ID` bigint(20) NOT NULL,
  `CREATE_USER_ID` bigint(20) NOT NULL,
  `MODIFY_USER_ID` bigint(20) NOT NULL,
  `CHANNEL` varchar(30) DEFAULT NULL,
  PRIMARY KEY (`sly_overseas_commission_id`),
  KEY `f3` (`sly_salary_id`) USING BTREE,
  CONSTRAINT `t_sly_overseas_commission_ibfk_1` FOREIGN KEY (`sly_salary_id`) REFERENCES `t_sly_salary` (`sly_salary_id`)
) ENGINE=InnoDB DEFAULT CHARSET=utf8;

-- ----------------------------
-- Records of t_sly_overseas_commission
-- ----------------------------

-- ----------------------------
-- Table structure for t_sly_project_commission
-- ----------------------------
DROP TABLE IF EXISTS `t_sly_project_commission`;
CREATE TABLE `t_sly_project_commission` (
  `SLY_PROJECT_COMMISSION_ID` bigint(20) NOT NULL AUTO_INCREMENT,
  `SLY_SALARY_ID` bigint(20) NOT NULL,
  `MONTH` varchar(20) DEFAULT NULL,
  `WORK_NUMBER` varchar(20) DEFAULT NULL,
  `PRODUCT_NAME` varchar(80) DEFAULT NULL,
  `COMPANY_FIX_INCOME` varchar(30) DEFAULT NULL,
  `COMPANY_FLOAT_INCOME` varchar(30) DEFAULT NULL,
  `PROJECT_IMPORT_PERSON` varchar(30) DEFAULT NULL,
  `FIRST_ISSUE_RATE` varchar(30) DEFAULT NULL COMMENT '首期发放比例',
  `ACTUAL_FIRST_ISSUE_AMOUNT` varchar(30) DEFAULT NULL COMMENT '首期实际可发金额',
  `SECOND_ISSUE_RATE` varchar(30) DEFAULT NULL COMMENT '二期发放比例',
  `ACTUAL_SECOND_ISSUE_AMOUNT` varchar(30) DEFAULT NULL COMMENT '二期实际可发金额',
  `LAST_ISSUE_RATE` varchar(30) DEFAULT NULL COMMENT '后端发放比例',
  `ACTUAL_LAST_ISSUE_AMOUNT` varchar(30) DEFAULT NULL COMMENT '后端实际可发金额',
  `RC_STATE` varchar(1) DEFAULT NULL,
  `CREATE_DATE` datetime NOT NULL,
  `MODIFY_DATE` datetime NOT NULL,
  `OPER_COM_ID` bigint(20) NOT NULL,
  `CREATE_USER_ID` bigint(20) NOT NULL,
  `MODIFY_USER_ID` bigint(20) NOT NULL,
  `CHANNEL` varchar(30) DEFAULT NULL,
  `NEW_INCOME_AFERT_TAX` varchar(50) DEFAULT NULL,
  `ISSUE_RATE_WAY` varchar(50) DEFAULT NULL,
  `ISSUE_RATE` varchar(50) DEFAULT NULL,
  `SEND_COMMISSION` varchar(50) DEFAULT NULL,
  `OTHER_COMMISSION` varchar(50) DEFAULT NULL,
  `REMARKS` varchar(50) DEFAULT NULL,
  PRIMARY KEY (`SLY_PROJECT_COMMISSION_ID`),
  KEY `f4` (`SLY_SALARY_ID`) USING BTREE,
  CONSTRAINT `t_sly_project_commission_ibfk_1` FOREIGN KEY (`SLY_SALARY_ID`) REFERENCES `t_sly_salary` (`sly_salary_id`)
) ENGINE=InnoDB DEFAULT CHARSET=utf8;

-- ----------------------------
-- Records of t_sly_project_commission
-- ----------------------------

-- ----------------------------
-- Table structure for t_sly_reissue
-- ----------------------------
DROP TABLE IF EXISTS `t_sly_reissue`;
CREATE TABLE `t_sly_reissue` (
  `sly_reissue_id` bigint(20) NOT NULL AUTO_INCREMENT,
  `sly_salary_id` bigint(20) DEFAULT NULL,
  `month` varchar(20) DEFAULT NULL,
  `work_number` varchar(20) DEFAULT NULL,
  `organization` varchar(200) DEFAULT NULL COMMENT '机构',
  `product_name` varchar(200) DEFAULT NULL,
  `product_create_date` varchar(20) DEFAULT NULL COMMENT '成立日期',
  `agent_name` varchar(120) DEFAULT NULL COMMENT '理财经理',
  `team_director` varchar(120) DEFAULT NULL COMMENT '团队总监',
  `customer_name` varchar(120) DEFAULT NULL,
  `customer_type` varchar(100) DEFAULT NULL,
  `scale` varchar(22) DEFAULT NULL COMMENT '规模',
  `duration` varchar(200) DEFAULT NULL COMMENT '久期',
  `gauge_standard` varchar(30) DEFAULT NULL COMMENT '规标',
  `commission_rate` varchar(30) DEFAULT NULL COMMENT '佣金比率',
  `reissue_commission` varchar(30) DEFAULT NULL COMMENT '补发佣金',
  `reissue_allowance` varchar(30) DEFAULT NULL COMMENT '补发管理津贴',
  `reissue_added_bonus` varchar(30) DEFAULT NULL COMMENT '补发增员奖励',
  `remarks` varchar(250) DEFAULT NULL COMMENT '备注',
  `RC_STATE` varchar(1) NOT NULL,
  `CREATE_DATE` datetime NOT NULL,
  `MODIFY_DATE` datetime NOT NULL,
  `OPER_COM_ID` bigint(20) NOT NULL,
  `CREATE_USER_ID` bigint(20) NOT NULL,
  `MODIFY_USER_ID` bigint(20) NOT NULL,
  `CHANNEL` varchar(30) DEFAULT NULL,
  `RECOMMOEND_NAME` varchar(30) DEFAULT NULL,
  PRIMARY KEY (`sly_reissue_id`),
  KEY `f5` (`sly_salary_id`) USING BTREE,
  CONSTRAINT `t_sly_reissue_ibfk_1` FOREIGN KEY (`sly_salary_id`) REFERENCES `t_sly_salary` (`sly_salary_id`)
) ENGINE=InnoDB DEFAULT CHARSET=utf8;

-- ----------------------------
-- Records of t_sly_reissue
-- ----------------------------

-- ----------------------------
-- Table structure for t_sly_salary
-- ----------------------------
DROP TABLE IF EXISTS `t_sly_salary`;
CREATE TABLE `t_sly_salary` (
  `sly_salary_id` bigint(20) NOT NULL AUTO_INCREMENT,
  `month` varchar(20) DEFAULT NULL,
  `SLY__BASE_SALARY_ID` bigint(20) DEFAULT NULL,
  `SLY_GUOJIN_COMMISSION_ID` bigint(20) DEFAULT NULL,
  `sly_overseas_commission_id` bigint(20) DEFAULT NULL,
  `SLY_PROJECT_COMMISSION_ID` bigint(20) DEFAULT NULL,
  `sly_reissue_id` bigint(20) DEFAULT NULL,
  `SLY_SALE_COMMISSION_ID` bigint(20) DEFAULT NULL,
  `sly_withhold_id` bigint(20) DEFAULT NULL,
  `RC_STATE` varchar(1) NOT NULL,
  `CREATE_DATE` datetime NOT NULL,
  `MODIFY_DATE` datetime NOT NULL,
  `OPER_COM_ID` bigint(20) NOT NULL,
  `CREATE_USER_ID` bigint(20) NOT NULL,
  `MODIFY_USER_ID` bigint(20) NOT NULL,
  PRIMARY KEY (`sly_salary_id`)
) ENGINE=InnoDB DEFAULT CHARSET=utf8;

-- ----------------------------
-- Records of t_sly_salary
-- ----------------------------

-- ----------------------------
-- Table structure for t_sly_sale_commission
-- ----------------------------
DROP TABLE IF EXISTS `t_sly_sale_commission`;
CREATE TABLE `t_sly_sale_commission` (
  `SLY_SALE_COMMISSION_ID` bigint(20) NOT NULL AUTO_INCREMENT,
  `SLY_SALARY_ID` bigint(20) NOT NULL,
  `MONTH` varchar(20) DEFAULT NULL,
  `WORK_NUMBER` varchar(20) DEFAULT NULL,
  `ORGNIZITION` varchar(30) DEFAULT NULL COMMENT '机构',
  `PRODUCT_NAME` varchar(300) DEFAULT NULL,
  `FOUND_DATE` varchar(20) DEFAULT NULL,
  `AGENT_NAME` varchar(30) DEFAULT NULL,
  `DEPARTMENT_LEADER` varchar(30) DEFAULT NULL,
  `CUST_NAME` varchar(30) DEFAULT NULL,
  `CUST_TYPE` varchar(30) DEFAULT NULL,
  `AMOUNT` varchar(30) DEFAULT NULL COMMENT '规模',
  `CLOSE_PERIODS` varchar(30) DEFAULT NULL COMMENT '久期',
  `AMOUNT_STANDARD` varchar(30) DEFAULT NULL COMMENT '标规',
  `COMMISSION_RATE` varchar(30) DEFAULT NULL COMMENT '佣金比率',
  `COMMISSION_AMOUNT` varchar(30) DEFAULT NULL COMMENT '佣金',
  `MANAGEMENT_ALLOWANCE` varchar(30) DEFAULT NULL COMMENT '管理津贴',
  `RECOMMEND_NAME` varchar(30) DEFAULT NULL COMMENT '推荐人',
  `ADD_BONUS` varchar(30) DEFAULT NULL COMMENT '增员奖励',
  `MARK` varchar(200) DEFAULT NULL COMMENT '备注',
  `RC_STATE` varchar(1) DEFAULT NULL,
  `CREATE_DATE` datetime NOT NULL,
  `MODIFY_DATE` datetime NOT NULL,
  `OPER_COM_ID` bigint(20) NOT NULL,
  `CREATE_USER_ID` bigint(20) NOT NULL,
  `MODIFY_USER_ID` bigint(20) NOT NULL,
  `CHANNEL` varchar(30) DEFAULT NULL,
  `SERVICE_ALLOWANCE` varchar(30) DEFAULT NULL,
  `CONTINUE_COMMISSION` varchar(30) DEFAULT NULL,
  `CONTINUE_MANAGEMENT_ALLOWANCE` varchar(30) DEFAULT NULL,
  `FLOAT_REMARKS` varchar(30) DEFAULT NULL,
  `OTHER_SALES_COMMISSION` varchar(30) DEFAULT NULL,
  PRIMARY KEY (`SLY_SALE_COMMISSION_ID`),
  KEY `f6` (`SLY_SALARY_ID`) USING BTREE,
  CONSTRAINT `t_sly_sale_commission_ibfk_1` FOREIGN KEY (`SLY_SALARY_ID`) REFERENCES `t_sly_salary` (`sly_salary_id`)
) ENGINE=InnoDB DEFAULT CHARSET=utf8;

-- ----------------------------
-- Records of t_sly_sale_commission
-- ----------------------------

-- ----------------------------
-- Table structure for t_sly_withhold
-- ----------------------------
DROP TABLE IF EXISTS `t_sly_withhold`;
CREATE TABLE `t_sly_withhold` (
  `sly_withhold_id` bigint(20) NOT NULL AUTO_INCREMENT,
  `sly_salary_id` bigint(20) DEFAULT NULL,
  `month` varchar(20) DEFAULT NULL,
  `work_number` varchar(20) DEFAULT NULL,
  `organization` varchar(200) DEFAULT NULL COMMENT '机构',
  `product_name` varchar(200) DEFAULT NULL,
  `product_create_date` varchar(20) DEFAULT NULL COMMENT '成立日期',
  `agent_name` varchar(120) DEFAULT NULL COMMENT '理财经理',
  `team_director` varchar(120) DEFAULT NULL COMMENT '团队总监',
  `customer_name` varchar(120) DEFAULT NULL,
  `customer_type` varchar(100) DEFAULT NULL,
  `scale` varchar(30) DEFAULT NULL COMMENT '规模',
  `duration` varchar(200) DEFAULT NULL COMMENT '久期',
  `gauge_standard` varchar(30) DEFAULT NULL COMMENT '规标',
  `commission_rate` varchar(30) DEFAULT NULL COMMENT '佣金比率',
  `withhold_commission` varchar(30) DEFAULT NULL COMMENT '暂扣佣金',
  `withhold_allowance` varchar(30) DEFAULT NULL COMMENT '暂扣管理津贴',
  `withhold_added_bonus` varchar(30) DEFAULT NULL COMMENT '暂扣增员奖励',
  `remarks` varchar(250) DEFAULT NULL COMMENT '备注',
  `RC_STATE` varchar(1) NOT NULL,
  `CREATE_DATE` datetime NOT NULL,
  `MODIFY_DATE` datetime NOT NULL,
  `OPER_COM_ID` bigint(20) NOT NULL,
  `CREATE_USER_ID` bigint(20) NOT NULL,
  `MODIFY_USER_ID` bigint(20) NOT NULL,
  `CHANNEL` varchar(30) DEFAULT NULL,
  `RECOMMOEND_NAME` varchar(30) DEFAULT NULL,
  PRIMARY KEY (`sly_withhold_id`),
  KEY `f7` (`sly_salary_id`) USING BTREE,
  CONSTRAINT `t_sly_withhold_ibfk_1` FOREIGN KEY (`sly_salary_id`) REFERENCES `t_sly_salary` (`sly_salary_id`)
) ENGINE=InnoDB DEFAULT CHARSET=utf8;

-- ----------------------------
-- Records of t_sly_withhold
-- ----------------------------

-- ----------------------------
-- Table structure for t_store_belong_com_trace
-- ----------------------------
DROP TABLE IF EXISTS `t_store_belong_com_trace`;
CREATE TABLE `t_store_belong_com_trace` (
  `BLCOM_ID` bigint(20) NOT NULL AUTO_INCREMENT,
  `STORE_ID` bigint(20) DEFAULT NULL,
  `COM_ID` bigint(20) DEFAULT NULL,
  `START_DATE` date DEFAULT NULL,
  `END_DATE` date DEFAULT NULL,
  `RC_STATE` varchar(1) NOT NULL,
  `CREATE_DATE` datetime NOT NULL,
  `MODIFY_DATE` datetime NOT NULL,
  `OPER_COM_ID` bigint(20) NOT NULL,
  `CREATE_USER_ID` bigint(20) NOT NULL,
  `MODIFY_USER_ID` bigint(20) NOT NULL,
  PRIMARY KEY (`BLCOM_ID`),
  KEY `FK_T_STORE__REFERENCE_T_DEF_CO` (`COM_ID`) USING BTREE,
  KEY `FK_T_STORE__REFERENCE_T_DEF_ST` (`STORE_ID`) USING BTREE,
  CONSTRAINT `t_store_belong_com_trace_ibfk_1` FOREIGN KEY (`COM_ID`) REFERENCES `t_def_com` (`COM_ID`),
  CONSTRAINT `t_store_belong_com_trace_ibfk_2` FOREIGN KEY (`STORE_ID`) REFERENCES `t_def_store` (`STORE_ID`)
) ENGINE=InnoDB DEFAULT CHARSET=utf8;

-- ----------------------------
-- Records of t_store_belong_com_trace
-- ----------------------------

-- ----------------------------
-- Table structure for t_sys_email_adress
-- ----------------------------
DROP TABLE IF EXISTS `t_sys_email_adress`;
CREATE TABLE `t_sys_email_adress` (
  `SYS_EMAIL_ADRESS_ID` bigint(20) NOT NULL,
  `EMAIL_TYPE` varchar(2) DEFAULT NULL,
  `EMAIL_ADDRESS` varchar(1000) DEFAULT NULL
) ENGINE=InnoDB DEFAULT CHARSET=utf8;

-- ----------------------------
-- Records of t_sys_email_adress
-- ----------------------------

-- ----------------------------
-- Table structure for t_sys_email_info
-- ----------------------------
DROP TABLE IF EXISTS `t_sys_email_info`;
CREATE TABLE `t_sys_email_info` (
  `SYS_EMAIL_INFO_ID` bigint(20) NOT NULL AUTO_INCREMENT,
  `EMAIL_TYPE` varchar(2) DEFAULT NULL,
  `EMAIL_RELATION_NO` bigint(20) DEFAULT NULL,
  `EMAIL_ADDRESS` varchar(100) DEFAULT NULL,
  `EMAIL_TITLE` varchar(100) DEFAULT NULL,
  `EMAIL_CONTENT` varchar(4000) DEFAULT NULL,
  `EMAIL_STATUS` varchar(2) DEFAULT NULL,
  `EMAIL_CREATE_TIME` date DEFAULT NULL,
  `EMAIL_SEND_TIME` date DEFAULT NULL,
  `RC_STATE` varchar(1) DEFAULT NULL,
  `CREATE_DATE` date NOT NULL,
  `MODIFY_DATE` date NOT NULL,
  `OPER_COM_ID` bigint(20) NOT NULL,
  `CREATE_USER_ID` bigint(20) NOT NULL,
  `MODIFY_USER_ID` bigint(20) NOT NULL,
  `OTH_EMAIL_ADDRESS` varchar(100) DEFAULT NULL,
  PRIMARY KEY (`SYS_EMAIL_INFO_ID`)
) ENGINE=InnoDB AUTO_INCREMENT=5472 DEFAULT CHARSET=utf8;

-- ----------------------------
-- Records of t_sys_email_info
-- ----------------------------
INSERT INTO `t_sys_email_info` VALUES ('5460', '04', '1500', null, '录入产品核心要素审核通知', '用户“admin”于“2017-09-09 18:18:57”录入提交《腾颀融通宝系列第11-1期》产品要素，请审核。', '03', '2017-09-09', null, 'E', '2017-09-09', '2017-09-09', '1', '1', '1', null);
INSERT INTO `t_sys_email_info` VALUES ('5461', '04', '1501', null, '录入产品核心要素审核通知', '用户“admin”于“2017-09-09 18:30:36”录入提交《忠深投资资产支持收益权产品LC-ZSTZ-5-2期》产品要素，请审核。', '03', '2017-09-09', null, 'E', '2017-09-09', '2017-09-09', '1', '1', '1', null);
INSERT INTO `t_sys_email_info` VALUES ('5462', '04', '1502', null, '录入产品核心要素审核通知', '用户“admin”于“2017-09-09 18:38:05”录入提交《悟空绿城对冲量化一期基金》产品要素，请审核。', '03', '2017-09-09', null, 'E', '2017-09-09', '2017-09-09', '1', '1', '1', null);
INSERT INTO `t_sys_email_info` VALUES ('5463', '04', '1503', null, '录入产品核心要素审核通知', '用户“admin”于“2017-09-09 18:43:05”录入提交《润玉3号私募基金（二期）》产品要素，请审核。', '03', '2017-09-09', null, 'E', '2017-09-09', '2017-09-09', '1', '1', '1', null);
INSERT INTO `t_sys_email_info` VALUES ('5464', '12', '3152', null, '产品预约成功通知', '您于“2017-09-09 18:48:50”成功预约《忠深投资资产支持收益权产品LC-ZSTZ-5-2期》产品“100万”，请知悉。', '03', '2017-09-09', null, 'E', '2017-09-09', '2017-09-09', '12', '154', '154', null);
INSERT INTO `t_sys_email_info` VALUES ('5465', '12', '3157', null, '产品预约成功通知', '您于“2017-09-10 10:21:39”成功预约《悟空绿城对冲量化一期基金》产品“20万”，请知悉。', '03', '2017-09-10', null, 'E', '2017-09-10', '2017-09-10', '12', '156', '156', null);
INSERT INTO `t_sys_email_info` VALUES ('5466', '04', '1512', null, '录入产品核心要素审核通知', '用户“admin”于“2017-09-10 10:50:45”录入提交《贵州思州润峰建设有限责任公司2017年第二期定向融资计划06F》产品要素，请审核。', '03', '2017-09-10', null, 'E', '2017-09-10', '2017-09-10', '1', '1', '1', null);
INSERT INTO `t_sys_email_info` VALUES ('5467', '12', '3160', null, '产品预约成功通知', '您于“2017-09-10 11:35:26”成功预约《忠深投资资产支持收益权产品LC-ZSTZ-5-2期》产品“400万”，请知悉。', '03', '2017-09-10', null, 'E', '2017-09-10', '2017-09-10', '12', '154', '154', null);
INSERT INTO `t_sys_email_info` VALUES ('5468', '12', '3161', null, '产品预约成功通知', '您于“2017-09-10 11:57:54”成功预约《悟空绿城对冲量化一期基金》产品“10万”，请知悉。', '03', '2017-09-10', null, 'E', '2017-09-10', '2017-09-10', '12', '156', '156', null);
INSERT INTO `t_sys_email_info` VALUES ('5469', '12', '3163', null, '产品预约成功通知', '您于“2017-09-10 14:34:10”成功预约《忠深投资资产支持收益权产品LC-ZSTZ-5-2期》产品“200万”，请知悉。', '03', '2017-09-10', null, 'E', '2017-09-10', '2017-09-10', '1', '1', '1', null);
INSERT INTO `t_sys_email_info` VALUES ('5470', '12', '3168', null, '产品预约成功通知', '您于“2018-03-20 21:47:55”成功预约《腾颀融通宝系列第11-1期》产品“10万”，请知悉。', '03', '2018-03-20', null, 'E', '2018-03-20', '2018-03-20', '12', '154', '154', null);
INSERT INTO `t_sys_email_info` VALUES ('5471', '12', '3169', null, '产品预约成功通知', '您于“2018-03-20 21:51:21”成功预约《腾颀融通宝系列第11-1期》产品“100万”，请知悉。', '03', '2018-03-20', null, 'E', '2018-03-20', '2018-03-20', '12', '154', '154', null);

-- ----------------------------
-- Table structure for t_sys_max_no
-- ----------------------------
DROP TABLE IF EXISTS `t_sys_max_no`;
CREATE TABLE `t_sys_max_no` (
  `SYS_MAX_NO_ID` bigint(20) NOT NULL AUTO_INCREMENT,
  `MAX_NO` varchar(20) NOT NULL,
  `MAX_NO_TYPE` varchar(2) NOT NULL,
  PRIMARY KEY (`SYS_MAX_NO_ID`)
) ENGINE=InnoDB AUTO_INCREMENT=427 DEFAULT CHARSET=utf8;

-- ----------------------------
-- Records of t_sys_max_no
-- ----------------------------
INSERT INTO `t_sys_max_no` VALUES ('422', '1201709090002', '01');
INSERT INTO `t_sys_max_no` VALUES ('423', '100004', '02');
INSERT INTO `t_sys_max_no` VALUES ('424', '1201709100011', '01');
INSERT INTO `t_sys_max_no` VALUES ('425', '1201802010004', '01');
INSERT INTO `t_sys_max_no` VALUES ('426', '1201803200002', '01');

-- ----------------------------
-- Table structure for t_sys_sms_batch
-- ----------------------------
DROP TABLE IF EXISTS `t_sys_sms_batch`;
CREATE TABLE `t_sys_sms_batch` (
  `SYS_SMS_BATCH_ID` bigint(20) NOT NULL AUTO_INCREMENT,
  `SMS_TYPE` varchar(2) DEFAULT NULL,
  `SMS_TYPE_RELATION_NO` bigint(20) DEFAULT NULL,
  `SMS_TYPE_RELATION_DATE` date DEFAULT NULL,
  `SMS_CREATE_TIME` datetime DEFAULT NULL,
  `SMS_STATUS` varchar(2) DEFAULT NULL,
  `RC_STATE` varchar(1) DEFAULT NULL,
  `CREATE_DATE` datetime NOT NULL,
  `MODIFY_DATE` datetime NOT NULL,
  `OPER_COM_ID` bigint(20) NOT NULL,
  `CREATE_USER_ID` bigint(20) NOT NULL,
  `MODIFY_USER_ID` bigint(20) NOT NULL,
  PRIMARY KEY (`SYS_SMS_BATCH_ID`)
) ENGINE=InnoDB DEFAULT CHARSET=utf8;

-- ----------------------------
-- Records of t_sys_sms_batch
-- ----------------------------

-- ----------------------------
-- Table structure for t_sys_sms_info
-- ----------------------------
DROP TABLE IF EXISTS `t_sys_sms_info`;
CREATE TABLE `t_sys_sms_info` (
  `SYS_SMS_INFO_ID` bigint(20) NOT NULL AUTO_INCREMENT,
  `SYS_SMS_BATCH_ID` bigint(20) DEFAULT NULL,
  `BUSINESS_NO` bigint(20) DEFAULT NULL,
  `BUSINESS_TYPE` varchar(2) DEFAULT NULL,
  `SEND_OBJ` bigint(20) DEFAULT NULL,
  `SEND_OBJ_NAME` varchar(40) DEFAULT NULL,
  `SEND_OBJ_TYPE` varchar(2) DEFAULT NULL,
  `SEND_STATUS` varchar(2) DEFAULT NULL,
  `SEND_TIME` datetime DEFAULT NULL,
  `SEND_MOBILE` varchar(20) DEFAULT NULL,
  `SEND_CONTENT` varchar(500) DEFAULT NULL,
  `RC_STATE` varchar(1) DEFAULT NULL,
  `CREATE_DATE` datetime NOT NULL,
  `MODIFY_DATE` datetime NOT NULL,
  `OPER_COM_ID` bigint(20) NOT NULL,
  `CREATE_USER_ID` bigint(20) NOT NULL,
  `MODIFY_USER_ID` bigint(20) NOT NULL,
  PRIMARY KEY (`SYS_SMS_INFO_ID`)
) ENGINE=InnoDB DEFAULT CHARSET=utf8;

-- ----------------------------
-- Records of t_sys_sms_info
-- ----------------------------

-- ----------------------------
-- Table structure for t_sys_sms_send_result
-- ----------------------------
DROP TABLE IF EXISTS `t_sys_sms_send_result`;
CREATE TABLE `t_sys_sms_send_result` (
  `SYS_SMS_SEND_RESULT_ID` bigint(20) NOT NULL AUTO_INCREMENT,
  `SYS_SMS_INFO_ID` bigint(20) DEFAULT NULL,
  `SEND_RESULT` varchar(500) DEFAULT NULL,
  `ERROR_ID` varchar(20) DEFAULT NULL,
  `ERROR_MSG` varchar(200) DEFAULT NULL,
  `RC_STATE` varchar(1) DEFAULT NULL,
  `CREATE_DATE` datetime NOT NULL,
  `MODIFY_DATE` datetime NOT NULL,
  `OPER_COM_ID` bigint(20) NOT NULL,
  `CREATE_USER_ID` bigint(20) NOT NULL,
  `MODIFY_USER_ID` bigint(20) NOT NULL,
  PRIMARY KEY (`SYS_SMS_SEND_RESULT_ID`)
) ENGINE=InnoDB DEFAULT CHARSET=utf8;

-- ----------------------------
-- Records of t_sys_sms_send_result
-- ----------------------------

-- ----------------------------
-- Table structure for t_sys_sms_template
-- ----------------------------
DROP TABLE IF EXISTS `t_sys_sms_template`;
CREATE TABLE `t_sys_sms_template` (
  `SYS_SMS_TEMPLATE_ID` bigint(20) NOT NULL AUTO_INCREMENT,
  `SMS_TYPE` varchar(2) DEFAULT NULL,
  `SNED_OBJ_TYPE` varchar(2) DEFAULT NULL,
  `SMS_TEMPLATE` varchar(500) DEFAULT NULL,
  `RC_STATE` varchar(1) DEFAULT NULL,
  `CREATE_DATE` datetime NOT NULL,
  `MODIFY_DATE` datetime NOT NULL,
  `OPER_COM_ID` bigint(20) NOT NULL,
  `CREATE_USER_ID` bigint(20) NOT NULL,
  `MODIFY_USER_ID` bigint(20) NOT NULL,
  PRIMARY KEY (`SYS_SMS_TEMPLATE_ID`)
) ENGINE=InnoDB DEFAULT CHARSET=utf8;

-- ----------------------------
-- Records of t_sys_sms_template
-- ----------------------------

-- ----------------------------
-- Table structure for t_trade_cust_acc_rela
-- ----------------------------
DROP TABLE IF EXISTS `t_trade_cust_acc_rela`;
CREATE TABLE `t_trade_cust_acc_rela` (
  `TRADE_CUST_ACC_RELA_ID` bigint(20) NOT NULL AUTO_INCREMENT,
  `TRADE_CUST_INFO_ID` bigint(20) DEFAULT NULL,
  `CUST_ACC_INFO_ID` bigint(20) NOT NULL,
  `RC_STATE` varchar(1) DEFAULT NULL,
  `CREATE_DATE` datetime DEFAULT NULL,
  `MODIFY_DATE` datetime DEFAULT NULL,
  `OPER_COM_ID` bigint(20) DEFAULT NULL,
  `CREATE_USER_ID` bigint(20) DEFAULT NULL,
  `MODIFY_USER_ID` bigint(20) DEFAULT NULL,
  `TRADE_ACC_FLAG` varchar(1) DEFAULT NULL,
  PRIMARY KEY (`TRADE_CUST_ACC_RELA_ID`),
  KEY `FK_T_TRADE_REF_T_CUST_1` (`TRADE_CUST_INFO_ID`) USING BTREE,
  KEY `FK_T_TRADE_REF_T_CUST_A1` (`CUST_ACC_INFO_ID`) USING BTREE,
  CONSTRAINT `t_trade_cust_acc_rela_ibfk_1` FOREIGN KEY (`TRADE_CUST_INFO_ID`) REFERENCES `t_trade_cust_info` (`TRADE_CUST_INFO_ID`),
  CONSTRAINT `t_trade_cust_acc_rela_ibfk_2` FOREIGN KEY (`CUST_ACC_INFO_ID`) REFERENCES `t_cust_acc_info` (`CUST_ACC_INFO_ID`)
) ENGINE=InnoDB AUTO_INCREMENT=5206 DEFAULT CHARSET=utf8;

-- ----------------------------
-- Records of t_trade_cust_acc_rela
-- ----------------------------
INSERT INTO `t_trade_cust_acc_rela` VALUES ('5169', '2947', '1706', 'D', '2017-09-09 18:48:50', '2017-09-10 08:58:20', '12', '154', '154', null);
INSERT INTO `t_trade_cust_acc_rela` VALUES ('5170', '2947', '1706', 'E', '2017-09-10 08:58:20', '2017-09-10 08:58:21', '12', '154', '154', '1');
INSERT INTO `t_trade_cust_acc_rela` VALUES ('5171', '2948', '1706', 'E', '2017-09-10 09:25:57', '2017-09-10 09:25:58', '12', '154', '154', '1');
INSERT INTO `t_trade_cust_acc_rela` VALUES ('5172', '2949', '1707', 'E', '2017-09-10 09:46:59', '2017-09-10 09:47:00', '12', '154', '154', '1');
INSERT INTO `t_trade_cust_acc_rela` VALUES ('5173', '2950', '1708', 'E', '2017-09-10 10:10:23', '2017-09-10 10:10:25', '12', '156', '156', '1');
INSERT INTO `t_trade_cust_acc_rela` VALUES ('5174', '2951', '1708', 'E', '2017-09-10 10:12:16', '2017-09-10 10:12:17', '12', '156', '156', '1');
INSERT INTO `t_trade_cust_acc_rela` VALUES ('5175', '2952', '1708', 'E', '2017-09-10 10:20:41', '2017-09-10 10:20:42', '12', '156', '156', '1');
INSERT INTO `t_trade_cust_acc_rela` VALUES ('5176', '2953', '1708', 'D', '2017-09-10 10:21:38', '2017-09-10 10:21:57', '12', '156', '156', null);
INSERT INTO `t_trade_cust_acc_rela` VALUES ('5177', '2953', '1708', 'E', '2017-09-10 10:21:57', '2017-09-10 10:21:59', '12', '156', '156', '1');
INSERT INTO `t_trade_cust_acc_rela` VALUES ('5178', '2954', '1707', 'E', '2017-09-10 10:52:03', '2017-09-10 10:52:04', '12', '154', '154', '1');
INSERT INTO `t_trade_cust_acc_rela` VALUES ('5179', '2955', '1710', 'E', '2017-09-10 10:55:15', '2017-09-10 10:55:15', '12', '156', '156', '1');
INSERT INTO `t_trade_cust_acc_rela` VALUES ('5180', '2956', '1707', 'E', '2017-09-10 11:35:25', '2017-09-10 11:35:25', '12', '154', '154', null);
INSERT INTO `t_trade_cust_acc_rela` VALUES ('5181', '2957', '1710', 'E', '2017-09-10 11:57:53', '2017-09-10 11:57:53', '12', '156', '156', '1');
INSERT INTO `t_trade_cust_acc_rela` VALUES ('5182', '2958', '1710', 'E', '2017-09-10 14:34:09', '2017-09-10 14:34:09', '1', '1', '1', null);
INSERT INTO `t_trade_cust_acc_rela` VALUES ('5183', '2959', '1706', 'D', '2018-02-01 11:48:28', '2018-02-01 11:48:48', '12', '154', '154', '1');
INSERT INTO `t_trade_cust_acc_rela` VALUES ('5184', '2959', '1706', 'D', '2018-02-01 11:48:48', '2018-02-01 11:48:53', '12', '154', '154', null);
INSERT INTO `t_trade_cust_acc_rela` VALUES ('5185', '2959', '1706', 'E', '2018-02-01 11:48:53', '2018-02-01 11:48:53', '12', '154', '154', null);
INSERT INTO `t_trade_cust_acc_rela` VALUES ('5186', '2960', '1706', 'D', '2018-02-01 11:49:10', '2018-02-01 11:49:13', '12', '154', '154', '1');
INSERT INTO `t_trade_cust_acc_rela` VALUES ('5187', '2960', '1706', 'D', '2018-02-01 11:49:13', '2018-02-01 11:49:14', '12', '154', '154', null);
INSERT INTO `t_trade_cust_acc_rela` VALUES ('5188', '2960', '1706', 'D', '2018-02-01 11:49:14', '2018-02-01 11:49:14', '12', '154', '154', null);
INSERT INTO `t_trade_cust_acc_rela` VALUES ('5189', '2960', '1706', 'D', '2018-02-01 11:49:14', '2018-02-01 11:49:14', '12', '154', '154', null);
INSERT INTO `t_trade_cust_acc_rela` VALUES ('5190', '2960', '1706', 'D', '2018-02-01 11:49:14', '2018-02-01 11:49:14', '12', '154', '154', null);
INSERT INTO `t_trade_cust_acc_rela` VALUES ('5191', '2960', '1706', 'E', '2018-02-01 11:49:14', '2018-02-01 11:49:14', '12', '154', '154', null);
INSERT INTO `t_trade_cust_acc_rela` VALUES ('5192', '2961', '1708', 'D', '2018-02-01 12:32:55', '2018-02-01 12:33:20', '12', '156', '156', '1');
INSERT INTO `t_trade_cust_acc_rela` VALUES ('5193', '2961', '1708', 'D', '2018-02-01 12:33:20', '2018-02-01 12:33:21', '12', '156', '156', null);
INSERT INTO `t_trade_cust_acc_rela` VALUES ('5194', '2961', '1708', 'D', '2018-02-01 12:33:21', '2018-02-01 12:33:21', '12', '156', '156', null);
INSERT INTO `t_trade_cust_acc_rela` VALUES ('5195', '2961', '1708', 'D', '2018-02-01 12:33:21', '2018-02-01 12:33:21', '12', '156', '156', null);
INSERT INTO `t_trade_cust_acc_rela` VALUES ('5196', '2961', '1708', 'D', '2018-02-01 12:33:21', '2018-02-01 12:33:21', '12', '156', '156', null);
INSERT INTO `t_trade_cust_acc_rela` VALUES ('5197', '2961', '1708', 'D', '2018-02-01 12:33:21', '2018-02-01 12:33:21', '12', '156', '156', null);
INSERT INTO `t_trade_cust_acc_rela` VALUES ('5198', '2961', '1708', 'D', '2018-02-01 12:33:21', '2018-02-01 12:33:22', '12', '156', '156', null);
INSERT INTO `t_trade_cust_acc_rela` VALUES ('5199', '2961', '1708', 'D', '2018-02-01 12:33:22', '2018-02-01 12:33:22', '12', '156', '156', null);
INSERT INTO `t_trade_cust_acc_rela` VALUES ('5200', '2961', '1708', 'D', '2018-02-01 12:33:22', '2018-02-01 12:33:22', '12', '156', '156', null);
INSERT INTO `t_trade_cust_acc_rela` VALUES ('5201', '2961', '1708', 'D', '2018-02-01 12:33:22', '2018-02-01 12:33:30', '12', '156', '156', null);
INSERT INTO `t_trade_cust_acc_rela` VALUES ('5202', '2961', '1708', 'E', '2018-02-01 12:33:30', '2018-02-01 12:33:30', '12', '156', '156', null);
INSERT INTO `t_trade_cust_acc_rela` VALUES ('5203', '2962', '1706', 'E', '2018-02-01 15:38:02', '2018-02-01 15:38:03', '12', '154', '154', '1');
INSERT INTO `t_trade_cust_acc_rela` VALUES ('5204', '2963', '1706', 'E', '2018-03-20 21:47:55', '2018-03-20 21:47:55', '12', '154', '154', null);
INSERT INTO `t_trade_cust_acc_rela` VALUES ('5205', '2964', '1707', 'E', '2018-03-20 21:51:21', '2018-03-20 21:51:21', '12', '154', '154', null);

-- ----------------------------
-- Table structure for t_trade_cust_address_rela
-- ----------------------------
DROP TABLE IF EXISTS `t_trade_cust_address_rela`;
CREATE TABLE `t_trade_cust_address_rela` (
  `TRADE_CUST_ADDRESS_RELA_ID` bigint(20) NOT NULL AUTO_INCREMENT,
  `TRADE_CUST_INFO_ID` bigint(20) DEFAULT NULL,
  `CUST_ADDRESS_INFO_ID` bigint(20) DEFAULT NULL,
  `RC_STATE` varchar(1) DEFAULT NULL,
  `CREATE_DATE` datetime DEFAULT NULL,
  `MODIFY_DATE` datetime DEFAULT NULL,
  `OPER_COM_ID` bigint(20) DEFAULT NULL,
  `CREATE_USER_ID` bigint(20) DEFAULT NULL,
  `MODIFY_USER_ID` bigint(20) DEFAULT NULL,
  `TRADE_ADDRESS_FLAG` varchar(1) DEFAULT NULL,
  PRIMARY KEY (`TRADE_CUST_ADDRESS_RELA_ID`),
  KEY `FK_T_TRADE_REF_T_CUST_2` (`TRADE_CUST_INFO_ID`) USING BTREE,
  KEY `FK_T_TRADE_REF_T_CUST_A2` (`CUST_ADDRESS_INFO_ID`) USING BTREE,
  CONSTRAINT `t_trade_cust_address_rela_ibfk_1` FOREIGN KEY (`TRADE_CUST_INFO_ID`) REFERENCES `t_trade_cust_info` (`TRADE_CUST_INFO_ID`),
  CONSTRAINT `t_trade_cust_address_rela_ibfk_2` FOREIGN KEY (`CUST_ADDRESS_INFO_ID`) REFERENCES `t_cust_address_info` (`CUST_ADDRESS_INFO_ID`)
) ENGINE=InnoDB AUTO_INCREMENT=4308 DEFAULT CHARSET=utf8;

-- ----------------------------
-- Records of t_trade_cust_address_rela
-- ----------------------------
INSERT INTO `t_trade_cust_address_rela` VALUES ('4271', '2947', '1487', 'D', '2017-09-09 18:48:50', '2017-09-10 08:58:20', '12', '154', '154', null);
INSERT INTO `t_trade_cust_address_rela` VALUES ('4272', '2947', '1487', 'E', '2017-09-10 08:58:20', '2017-09-10 08:58:21', '12', '154', '154', '1');
INSERT INTO `t_trade_cust_address_rela` VALUES ('4273', '2948', '1487', 'E', '2017-09-10 09:25:57', '2017-09-10 09:25:58', '12', '154', '154', '1');
INSERT INTO `t_trade_cust_address_rela` VALUES ('4274', '2949', '1488', 'E', '2017-09-10 09:46:59', '2017-09-10 09:47:00', '12', '154', '154', '1');
INSERT INTO `t_trade_cust_address_rela` VALUES ('4275', '2950', '1489', 'E', '2017-09-10 10:10:23', '2017-09-10 10:10:25', '12', '156', '156', '1');
INSERT INTO `t_trade_cust_address_rela` VALUES ('4276', '2951', '1489', 'E', '2017-09-10 10:12:17', '2017-09-10 10:12:17', '12', '156', '156', '1');
INSERT INTO `t_trade_cust_address_rela` VALUES ('4277', '2952', '1489', 'E', '2017-09-10 10:20:41', '2017-09-10 10:20:42', '12', '156', '156', '1');
INSERT INTO `t_trade_cust_address_rela` VALUES ('4278', '2953', '1489', 'D', '2017-09-10 10:21:39', '2017-09-10 10:21:57', '12', '156', '156', null);
INSERT INTO `t_trade_cust_address_rela` VALUES ('4279', '2953', '1489', 'E', '2017-09-10 10:21:57', '2017-09-10 10:21:59', '12', '156', '156', '1');
INSERT INTO `t_trade_cust_address_rela` VALUES ('4280', '2954', '1488', 'E', '2017-09-10 10:52:03', '2017-09-10 10:52:04', '12', '154', '154', '1');
INSERT INTO `t_trade_cust_address_rela` VALUES ('4281', '2955', '1491', 'E', '2017-09-10 10:55:15', '2017-09-10 10:55:16', '12', '156', '156', '1');
INSERT INTO `t_trade_cust_address_rela` VALUES ('4282', '2956', '1488', 'E', '2017-09-10 11:35:25', '2017-09-10 11:35:25', '12', '154', '154', null);
INSERT INTO `t_trade_cust_address_rela` VALUES ('4283', '2957', '1491', 'E', '2017-09-10 11:57:53', '2017-09-10 11:57:53', '12', '156', '156', '1');
INSERT INTO `t_trade_cust_address_rela` VALUES ('4284', '2958', '1491', 'E', '2017-09-10 14:34:10', '2017-09-10 14:34:10', '1', '1', '1', null);
INSERT INTO `t_trade_cust_address_rela` VALUES ('4285', '2959', '1487', 'D', '2018-02-01 11:48:28', '2018-02-01 11:48:48', '12', '154', '154', null);
INSERT INTO `t_trade_cust_address_rela` VALUES ('4286', '2959', '1487', 'D', '2018-02-01 11:48:48', '2018-02-01 11:48:53', '12', '154', '154', null);
INSERT INTO `t_trade_cust_address_rela` VALUES ('4287', '2959', '1487', 'E', '2018-02-01 11:48:53', '2018-02-01 11:48:53', '12', '154', '154', null);
INSERT INTO `t_trade_cust_address_rela` VALUES ('4288', '2960', '1487', 'D', '2018-02-01 11:49:10', '2018-02-01 11:49:13', '12', '154', '154', null);
INSERT INTO `t_trade_cust_address_rela` VALUES ('4289', '2960', '1487', 'D', '2018-02-01 11:49:13', '2018-02-01 11:49:14', '12', '154', '154', null);
INSERT INTO `t_trade_cust_address_rela` VALUES ('4290', '2960', '1487', 'D', '2018-02-01 11:49:14', '2018-02-01 11:49:14', '12', '154', '154', null);
INSERT INTO `t_trade_cust_address_rela` VALUES ('4291', '2960', '1487', 'D', '2018-02-01 11:49:14', '2018-02-01 11:49:14', '12', '154', '154', null);
INSERT INTO `t_trade_cust_address_rela` VALUES ('4292', '2960', '1487', 'D', '2018-02-01 11:49:14', '2018-02-01 11:49:14', '12', '154', '154', null);
INSERT INTO `t_trade_cust_address_rela` VALUES ('4293', '2960', '1487', 'E', '2018-02-01 11:49:14', '2018-02-01 11:49:14', '12', '154', '154', null);
INSERT INTO `t_trade_cust_address_rela` VALUES ('4294', '2961', '1489', 'D', '2018-02-01 12:32:55', '2018-02-01 12:33:20', '12', '156', '156', null);
INSERT INTO `t_trade_cust_address_rela` VALUES ('4295', '2961', '1489', 'D', '2018-02-01 12:33:20', '2018-02-01 12:33:21', '12', '156', '156', null);
INSERT INTO `t_trade_cust_address_rela` VALUES ('4296', '2961', '1489', 'D', '2018-02-01 12:33:21', '2018-02-01 12:33:21', '12', '156', '156', null);
INSERT INTO `t_trade_cust_address_rela` VALUES ('4297', '2961', '1489', 'D', '2018-02-01 12:33:21', '2018-02-01 12:33:21', '12', '156', '156', null);
INSERT INTO `t_trade_cust_address_rela` VALUES ('4298', '2961', '1489', 'D', '2018-02-01 12:33:21', '2018-02-01 12:33:21', '12', '156', '156', null);
INSERT INTO `t_trade_cust_address_rela` VALUES ('4299', '2961', '1489', 'D', '2018-02-01 12:33:21', '2018-02-01 12:33:21', '12', '156', '156', null);
INSERT INTO `t_trade_cust_address_rela` VALUES ('4300', '2961', '1489', 'D', '2018-02-01 12:33:21', '2018-02-01 12:33:22', '12', '156', '156', null);
INSERT INTO `t_trade_cust_address_rela` VALUES ('4301', '2961', '1489', 'D', '2018-02-01 12:33:22', '2018-02-01 12:33:22', '12', '156', '156', null);
INSERT INTO `t_trade_cust_address_rela` VALUES ('4302', '2961', '1489', 'D', '2018-02-01 12:33:22', '2018-02-01 12:33:22', '12', '156', '156', null);
INSERT INTO `t_trade_cust_address_rela` VALUES ('4303', '2961', '1489', 'D', '2018-02-01 12:33:22', '2018-02-01 12:33:30', '12', '156', '156', null);
INSERT INTO `t_trade_cust_address_rela` VALUES ('4304', '2961', '1489', 'E', '2018-02-01 12:33:30', '2018-02-01 12:33:30', '12', '156', '156', null);
INSERT INTO `t_trade_cust_address_rela` VALUES ('4305', '2962', '1487', 'E', '2018-02-01 15:38:02', '2018-02-01 15:38:02', '12', '154', '154', '1');
INSERT INTO `t_trade_cust_address_rela` VALUES ('4306', '2963', '1487', 'E', '2018-03-20 21:47:55', '2018-03-20 21:47:55', '12', '154', '154', null);
INSERT INTO `t_trade_cust_address_rela` VALUES ('4307', '2964', '1488', 'E', '2018-03-20 21:51:21', '2018-03-20 21:51:21', '12', '154', '154', null);

-- ----------------------------
-- Table structure for t_trade_cust_asset_rela
-- ----------------------------
DROP TABLE IF EXISTS `t_trade_cust_asset_rela`;
CREATE TABLE `t_trade_cust_asset_rela` (
  `TRADE_CUST_ASSET_RELA_ID` bigint(20) NOT NULL AUTO_INCREMENT,
  `TRADE_CUST_INFO_ID` bigint(20) DEFAULT NULL,
  `CUST_ASSET_INFO_ID` bigint(20) NOT NULL,
  `RC_STATE` varchar(1) DEFAULT NULL,
  `CREATE_DATE` datetime DEFAULT NULL,
  `MODIFY_DATE` datetime DEFAULT NULL,
  `OPER_COM_ID` bigint(20) DEFAULT NULL,
  `CREATE_USER_ID` bigint(20) DEFAULT NULL,
  `MODIFY_USER_ID` bigint(20) DEFAULT NULL,
  PRIMARY KEY (`TRADE_CUST_ASSET_RELA_ID`),
  KEY `FK_T_TRADE_REF_T_CUST_3` (`TRADE_CUST_INFO_ID`) USING BTREE,
  KEY `FK_T_TRADE_REF_T_CUST_A3` (`CUST_ASSET_INFO_ID`) USING BTREE,
  CONSTRAINT `t_trade_cust_asset_rela_ibfk_1` FOREIGN KEY (`TRADE_CUST_INFO_ID`) REFERENCES `t_trade_cust_info` (`TRADE_CUST_INFO_ID`),
  CONSTRAINT `t_trade_cust_asset_rela_ibfk_2` FOREIGN KEY (`CUST_ASSET_INFO_ID`) REFERENCES `t_cust_asset_info` (`CUST_ASSET_INFO_ID`)
) ENGINE=InnoDB DEFAULT CHARSET=utf8;

-- ----------------------------
-- Records of t_trade_cust_asset_rela
-- ----------------------------

-- ----------------------------
-- Table structure for t_trade_cust_car_rela
-- ----------------------------
DROP TABLE IF EXISTS `t_trade_cust_car_rela`;
CREATE TABLE `t_trade_cust_car_rela` (
  `TRADE_CUST_CAR_RELA_ID` bigint(20) NOT NULL AUTO_INCREMENT,
  `TRADE_CUST_INFO_ID` bigint(20) DEFAULT NULL,
  `CUST_CAR_INFO_ID` bigint(20) DEFAULT NULL,
  `RC_STATE` varchar(1) DEFAULT NULL,
  `CREATE_DATE` datetime DEFAULT NULL,
  `MODIFY_DATE` datetime DEFAULT NULL,
  `OPER_COM_ID` bigint(20) DEFAULT NULL,
  `CREATE_USER_ID` bigint(20) DEFAULT NULL,
  `MODIFY_USER_ID` bigint(20) DEFAULT NULL,
  `TRADE_CAR_FLAG` varchar(1) DEFAULT NULL,
  PRIMARY KEY (`TRADE_CUST_CAR_RELA_ID`),
  KEY `FK_T_TRADE_REF_T_CUST_4` (`TRADE_CUST_INFO_ID`) USING BTREE,
  KEY `FK_T_TRADE_REF_T_CUST_C1` (`CUST_CAR_INFO_ID`) USING BTREE,
  CONSTRAINT `t_trade_cust_car_rela_ibfk_1` FOREIGN KEY (`TRADE_CUST_INFO_ID`) REFERENCES `t_trade_cust_info` (`TRADE_CUST_INFO_ID`),
  CONSTRAINT `t_trade_cust_car_rela_ibfk_2` FOREIGN KEY (`CUST_CAR_INFO_ID`) REFERENCES `t_cust_car_info` (`CUST_CAR_INFO_ID`)
) ENGINE=InnoDB DEFAULT CHARSET=utf8;

-- ----------------------------
-- Records of t_trade_cust_car_rela
-- ----------------------------

-- ----------------------------
-- Table structure for t_trade_cust_contact_rela
-- ----------------------------
DROP TABLE IF EXISTS `t_trade_cust_contact_rela`;
CREATE TABLE `t_trade_cust_contact_rela` (
  `TRADE_CUST_CONTACT_RELA_ID` bigint(20) NOT NULL AUTO_INCREMENT,
  `TRADE_CUST_INFO_ID` bigint(20) DEFAULT NULL,
  `CUST_CONTACT_INFO_ID` bigint(20) NOT NULL,
  `RC_STATE` varchar(1) DEFAULT NULL,
  `CREATE_DATE` datetime DEFAULT NULL,
  `MODIFY_DATE` datetime DEFAULT NULL,
  `OPER_COM_ID` bigint(20) DEFAULT NULL,
  `CREATE_USER_ID` bigint(20) DEFAULT NULL,
  `MODIFY_USER_ID` bigint(20) DEFAULT NULL,
  PRIMARY KEY (`TRADE_CUST_CONTACT_RELA_ID`),
  KEY `FK_T_TRADE_REF_T_CUST_5` (`TRADE_CUST_INFO_ID`) USING BTREE,
  KEY `FK_T_TRADE_REF_T_CUST_C2` (`CUST_CONTACT_INFO_ID`) USING BTREE,
  CONSTRAINT `t_trade_cust_contact_rela_ibfk_1` FOREIGN KEY (`TRADE_CUST_INFO_ID`) REFERENCES `t_trade_cust_info` (`TRADE_CUST_INFO_ID`),
  CONSTRAINT `t_trade_cust_contact_rela_ibfk_2` FOREIGN KEY (`CUST_CONTACT_INFO_ID`) REFERENCES `t_cust_contact_info` (`CUST_CONTACT_INFO_ID`)
) ENGINE=InnoDB AUTO_INCREMENT=31 DEFAULT CHARSET=utf8;

-- ----------------------------
-- Records of t_trade_cust_contact_rela
-- ----------------------------
INSERT INTO `t_trade_cust_contact_rela` VALUES ('1', '2947', '1325', 'E', '2017-09-10 08:58:21', '2017-09-10 08:58:21', '12', '154', '154');
INSERT INTO `t_trade_cust_contact_rela` VALUES ('2', '2948', '1325', 'E', '2017-09-10 09:25:57', '2017-09-10 09:25:57', '12', '154', '154');
INSERT INTO `t_trade_cust_contact_rela` VALUES ('3', '2949', '1326', 'E', '2017-09-10 09:46:59', '2017-09-10 09:46:59', '12', '154', '154');
INSERT INTO `t_trade_cust_contact_rela` VALUES ('4', '2950', '1327', 'E', '2017-09-10 10:10:24', '2017-09-10 10:10:24', '12', '156', '156');
INSERT INTO `t_trade_cust_contact_rela` VALUES ('5', '2951', '1327', 'E', '2017-09-10 10:12:17', '2017-09-10 10:12:17', '12', '156', '156');
INSERT INTO `t_trade_cust_contact_rela` VALUES ('6', '2952', '1327', 'E', '2017-09-10 10:20:41', '2017-09-10 10:20:41', '12', '156', '156');
INSERT INTO `t_trade_cust_contact_rela` VALUES ('7', '2953', '1327', 'E', '2017-09-10 10:21:58', '2017-09-10 10:21:58', '12', '156', '156');
INSERT INTO `t_trade_cust_contact_rela` VALUES ('8', '2954', '1326', 'E', '2017-09-10 10:52:03', '2017-09-10 10:52:03', '12', '154', '154');
INSERT INTO `t_trade_cust_contact_rela` VALUES ('9', '2955', '1328', 'E', '2017-09-10 10:55:15', '2017-09-10 10:55:15', '12', '156', '156');
INSERT INTO `t_trade_cust_contact_rela` VALUES ('10', '2959', '1325', 'D', '2018-02-01 11:48:28', '2018-02-01 11:48:48', '12', '154', '154');
INSERT INTO `t_trade_cust_contact_rela` VALUES ('11', '2959', '1325', 'D', '2018-02-01 11:48:48', '2018-02-01 11:48:53', '12', '154', '154');
INSERT INTO `t_trade_cust_contact_rela` VALUES ('12', '2959', '1325', 'E', '2018-02-01 11:48:53', '2018-02-01 11:48:53', '12', '154', '154');
INSERT INTO `t_trade_cust_contact_rela` VALUES ('13', '2960', '1325', 'D', '2018-02-01 11:49:10', '2018-02-01 11:49:13', '12', '154', '154');
INSERT INTO `t_trade_cust_contact_rela` VALUES ('14', '2960', '1325', 'D', '2018-02-01 11:49:13', '2018-02-01 11:49:14', '12', '154', '154');
INSERT INTO `t_trade_cust_contact_rela` VALUES ('15', '2960', '1325', 'D', '2018-02-01 11:49:14', '2018-02-01 11:49:14', '12', '154', '154');
INSERT INTO `t_trade_cust_contact_rela` VALUES ('16', '2960', '1325', 'D', '2018-02-01 11:49:14', '2018-02-01 11:49:14', '12', '154', '154');
INSERT INTO `t_trade_cust_contact_rela` VALUES ('17', '2960', '1325', 'D', '2018-02-01 11:49:14', '2018-02-01 11:49:15', '12', '154', '154');
INSERT INTO `t_trade_cust_contact_rela` VALUES ('18', '2960', '1325', 'E', '2018-02-01 11:49:15', '2018-02-01 11:49:15', '12', '154', '154');
INSERT INTO `t_trade_cust_contact_rela` VALUES ('19', '2961', '1327', 'D', '2018-02-01 12:32:55', '2018-02-01 12:33:20', '12', '156', '156');
INSERT INTO `t_trade_cust_contact_rela` VALUES ('20', '2961', '1327', 'D', '2018-02-01 12:33:20', '2018-02-01 12:33:21', '12', '156', '156');
INSERT INTO `t_trade_cust_contact_rela` VALUES ('21', '2961', '1327', 'D', '2018-02-01 12:33:21', '2018-02-01 12:33:21', '12', '156', '156');
INSERT INTO `t_trade_cust_contact_rela` VALUES ('22', '2961', '1327', 'D', '2018-02-01 12:33:21', '2018-02-01 12:33:21', '12', '156', '156');
INSERT INTO `t_trade_cust_contact_rela` VALUES ('23', '2961', '1327', 'D', '2018-02-01 12:33:21', '2018-02-01 12:33:21', '12', '156', '156');
INSERT INTO `t_trade_cust_contact_rela` VALUES ('24', '2961', '1327', 'D', '2018-02-01 12:33:21', '2018-02-01 12:33:21', '12', '156', '156');
INSERT INTO `t_trade_cust_contact_rela` VALUES ('25', '2961', '1327', 'D', '2018-02-01 12:33:21', '2018-02-01 12:33:22', '12', '156', '156');
INSERT INTO `t_trade_cust_contact_rela` VALUES ('26', '2961', '1327', 'D', '2018-02-01 12:33:22', '2018-02-01 12:33:22', '12', '156', '156');
INSERT INTO `t_trade_cust_contact_rela` VALUES ('27', '2961', '1327', 'D', '2018-02-01 12:33:22', '2018-02-01 12:33:22', '12', '156', '156');
INSERT INTO `t_trade_cust_contact_rela` VALUES ('28', '2961', '1327', 'D', '2018-02-01 12:33:22', '2018-02-01 12:33:30', '12', '156', '156');
INSERT INTO `t_trade_cust_contact_rela` VALUES ('29', '2961', '1327', 'E', '2018-02-01 12:33:30', '2018-02-01 12:33:30', '12', '156', '156');
INSERT INTO `t_trade_cust_contact_rela` VALUES ('30', '2962', '1325', 'E', '2018-02-01 15:38:02', '2018-02-01 15:38:02', '12', '154', '154');

-- ----------------------------
-- Table structure for t_trade_cust_family_rela
-- ----------------------------
DROP TABLE IF EXISTS `t_trade_cust_family_rela`;
CREATE TABLE `t_trade_cust_family_rela` (
  `TRADE_CUST_FAMILY_RELA_ID` bigint(20) NOT NULL AUTO_INCREMENT,
  `TRADE_CUST_INFO_ID` bigint(20) DEFAULT NULL,
  `CUST_FAMILY_INFO_ID` bigint(20) NOT NULL,
  `RC_STATE` varchar(1) DEFAULT NULL,
  `CREATE_DATE` datetime DEFAULT NULL,
  `MODIFY_DATE` datetime DEFAULT NULL,
  `OPER_COM_ID` bigint(20) DEFAULT NULL,
  `CREATE_USER_ID` bigint(20) DEFAULT NULL,
  `MODIFY_USER_ID` bigint(20) DEFAULT NULL,
  PRIMARY KEY (`TRADE_CUST_FAMILY_RELA_ID`),
  KEY `FK_T_TRADE_REF_T_CUST_6` (`TRADE_CUST_INFO_ID`) USING BTREE,
  KEY `FK_T_TRADE_REF_T_CUST_F1` (`CUST_FAMILY_INFO_ID`) USING BTREE,
  CONSTRAINT `t_trade_cust_family_rela_ibfk_1` FOREIGN KEY (`TRADE_CUST_INFO_ID`) REFERENCES `t_trade_cust_info` (`TRADE_CUST_INFO_ID`),
  CONSTRAINT `t_trade_cust_family_rela_ibfk_2` FOREIGN KEY (`CUST_FAMILY_INFO_ID`) REFERENCES `t_cust_family_info` (`CUST_FAMILY_INFO_ID`)
) ENGINE=InnoDB DEFAULT CHARSET=utf8;

-- ----------------------------
-- Records of t_trade_cust_family_rela
-- ----------------------------

-- ----------------------------
-- Table structure for t_trade_cust_hobby_rela
-- ----------------------------
DROP TABLE IF EXISTS `t_trade_cust_hobby_rela`;
CREATE TABLE `t_trade_cust_hobby_rela` (
  `TRADE_CUST_HOBBY_RELA_ID` bigint(20) NOT NULL AUTO_INCREMENT,
  `TRADE_CUST_INFO_ID` bigint(20) DEFAULT NULL,
  `CUST_HOBBY_INFO_ID` bigint(20) NOT NULL,
  `RC_STATE` varchar(1) DEFAULT NULL,
  `CREATE_DATE` datetime DEFAULT NULL,
  `MODIFY_DATE` datetime DEFAULT NULL,
  `OPER_COM_ID` bigint(20) DEFAULT NULL,
  `CREATE_USER_ID` bigint(20) DEFAULT NULL,
  `MODIFY_USER_ID` bigint(20) DEFAULT NULL,
  PRIMARY KEY (`TRADE_CUST_HOBBY_RELA_ID`),
  KEY `FK_T_TRADE_REF_T_CUST_7` (`TRADE_CUST_INFO_ID`) USING BTREE,
  KEY `FK_T_TRADE_REF_T_CUST_H1` (`CUST_HOBBY_INFO_ID`) USING BTREE,
  CONSTRAINT `t_trade_cust_hobby_rela_ibfk_1` FOREIGN KEY (`TRADE_CUST_INFO_ID`) REFERENCES `t_trade_cust_info` (`TRADE_CUST_INFO_ID`),
  CONSTRAINT `t_trade_cust_hobby_rela_ibfk_2` FOREIGN KEY (`CUST_HOBBY_INFO_ID`) REFERENCES `t_cust_hobby_info` (`CUST_HOBBY_INFO_ID`)
) ENGINE=InnoDB DEFAULT CHARSET=utf8;

-- ----------------------------
-- Records of t_trade_cust_hobby_rela
-- ----------------------------

-- ----------------------------
-- Table structure for t_trade_cust_house_rela
-- ----------------------------
DROP TABLE IF EXISTS `t_trade_cust_house_rela`;
CREATE TABLE `t_trade_cust_house_rela` (
  `TRADE_CUST_HOUSE_RELA_ID` bigint(20) NOT NULL AUTO_INCREMENT,
  `TRADE_CUST_INFO_ID` bigint(20) DEFAULT NULL,
  `CUST_HOUSE_INFO_ID` bigint(20) DEFAULT NULL,
  `RC_STATE` varchar(1) DEFAULT NULL,
  `CREATE_DATE` datetime DEFAULT NULL,
  `MODIFY_DATE` datetime DEFAULT NULL,
  `OPER_COM_ID` bigint(20) DEFAULT NULL,
  `CREATE_USER_ID` bigint(20) DEFAULT NULL,
  `MODIFY_USER_ID` bigint(20) DEFAULT NULL,
  PRIMARY KEY (`TRADE_CUST_HOUSE_RELA_ID`),
  KEY `FK_T_TRADE_REF_T_CUST_8` (`TRADE_CUST_INFO_ID`) USING BTREE,
  KEY `FK_T_TRADE_REF_T_CUST_H2` (`CUST_HOUSE_INFO_ID`) USING BTREE,
  CONSTRAINT `t_trade_cust_house_rela_ibfk_1` FOREIGN KEY (`TRADE_CUST_INFO_ID`) REFERENCES `t_trade_cust_info` (`TRADE_CUST_INFO_ID`),
  CONSTRAINT `t_trade_cust_house_rela_ibfk_2` FOREIGN KEY (`CUST_HOUSE_INFO_ID`) REFERENCES `t_cust_house_info` (`CUST_HOUSE_INFO_ID`)
) ENGINE=InnoDB DEFAULT CHARSET=utf8;

-- ----------------------------
-- Records of t_trade_cust_house_rela
-- ----------------------------

-- ----------------------------
-- Table structure for t_trade_cust_income_rela
-- ----------------------------
DROP TABLE IF EXISTS `t_trade_cust_income_rela`;
CREATE TABLE `t_trade_cust_income_rela` (
  `TRADE_CUST_INCOME_RELA_ID` bigint(20) NOT NULL AUTO_INCREMENT,
  `TRADE_CUST_INFO_ID` bigint(20) DEFAULT NULL,
  `CUST_INCOME_INFO_ID` bigint(20) NOT NULL,
  `RC_STATE` varchar(1) DEFAULT NULL,
  `CREATE_DATE` datetime DEFAULT NULL,
  `MODIFY_DATE` datetime DEFAULT NULL,
  `OPER_COM_ID` bigint(20) DEFAULT NULL,
  `CREATE_USER_ID` bigint(20) DEFAULT NULL,
  `MODIFY_USER_ID` bigint(20) DEFAULT NULL,
  PRIMARY KEY (`TRADE_CUST_INCOME_RELA_ID`),
  KEY `FK_T_TRADE_REF_T_CUST_9` (`TRADE_CUST_INFO_ID`) USING BTREE,
  KEY `FK_T_TRADE_REF_T_CUST_I1` (`CUST_INCOME_INFO_ID`) USING BTREE,
  CONSTRAINT `t_trade_cust_income_rela_ibfk_1` FOREIGN KEY (`TRADE_CUST_INFO_ID`) REFERENCES `t_trade_cust_info` (`TRADE_CUST_INFO_ID`),
  CONSTRAINT `t_trade_cust_income_rela_ibfk_2` FOREIGN KEY (`CUST_INCOME_INFO_ID`) REFERENCES `t_cust_income_info` (`CUST_INCOME_INFO_ID`)
) ENGINE=InnoDB DEFAULT CHARSET=utf8;

-- ----------------------------
-- Records of t_trade_cust_income_rela
-- ----------------------------

-- ----------------------------
-- Table structure for t_trade_cust_info
-- ----------------------------
DROP TABLE IF EXISTS `t_trade_cust_info`;
CREATE TABLE `t_trade_cust_info` (
  `TRADE_CUST_INFO_ID` bigint(20) NOT NULL AUTO_INCREMENT,
  `TRADE_INFO_ID` bigint(20) DEFAULT NULL,
  `CUST_BASE_INFO_ID` bigint(20) DEFAULT NULL,
  `RC_STATE` varchar(1) NOT NULL,
  `CREATE_DATE` datetime NOT NULL,
  `MODIFY_DATE` datetime NOT NULL,
  `OPER_COM_ID` bigint(20) NOT NULL,
  `CREATE_USER_ID` bigint(20) NOT NULL,
  `MODIFY_USER_ID` bigint(20) NOT NULL,
  PRIMARY KEY (`TRADE_CUST_INFO_ID`),
  KEY `FK_T_TRADE_REF_T_TRADE_1` (`TRADE_INFO_ID`) USING BTREE,
  CONSTRAINT `t_trade_cust_info_ibfk_1` FOREIGN KEY (`TRADE_INFO_ID`) REFERENCES `t_trade_info` (`TRADE_INFO_ID`)
) ENGINE=InnoDB AUTO_INCREMENT=2965 DEFAULT CHARSET=utf8;

-- ----------------------------
-- Records of t_trade_cust_info
-- ----------------------------
INSERT INTO `t_trade_cust_info` VALUES ('2947', '3152', '1325', 'E', '2017-09-09 18:48:50', '2017-09-10 08:58:20', '12', '154', '154');
INSERT INTO `t_trade_cust_info` VALUES ('2948', '3151', '1325', 'E', '2017-09-10 09:25:57', '2017-09-10 09:25:57', '12', '154', '154');
INSERT INTO `t_trade_cust_info` VALUES ('2949', '3153', '1326', 'E', '2017-09-10 09:46:59', '2017-09-10 09:46:59', '12', '154', '154');
INSERT INTO `t_trade_cust_info` VALUES ('2950', '3155', '1327', 'E', '2017-09-10 10:10:23', '2017-09-10 10:10:23', '12', '156', '156');
INSERT INTO `t_trade_cust_info` VALUES ('2951', '3156', '1327', 'E', '2017-09-10 10:12:16', '2017-09-10 10:12:16', '12', '156', '156');
INSERT INTO `t_trade_cust_info` VALUES ('2952', '3154', '1327', 'E', '2017-09-10 10:20:40', '2017-09-10 10:20:40', '12', '156', '156');
INSERT INTO `t_trade_cust_info` VALUES ('2953', '3157', '1327', 'E', '2017-09-10 10:21:38', '2017-09-10 10:21:57', '12', '156', '156');
INSERT INTO `t_trade_cust_info` VALUES ('2954', '3158', '1326', 'E', '2017-09-10 10:52:03', '2017-09-10 10:52:03', '12', '154', '154');
INSERT INTO `t_trade_cust_info` VALUES ('2955', '3159', '1328', 'E', '2017-09-10 10:55:15', '2017-09-10 10:55:15', '12', '156', '156');
INSERT INTO `t_trade_cust_info` VALUES ('2956', '3160', '1326', 'E', '2017-09-10 11:35:25', '2017-09-10 11:35:25', '12', '154', '154');
INSERT INTO `t_trade_cust_info` VALUES ('2957', '3161', '1328', 'E', '2017-09-10 11:57:53', '2017-09-10 11:57:53', '12', '156', '156');
INSERT INTO `t_trade_cust_info` VALUES ('2958', '3163', '1328', 'E', '2017-09-10 14:34:09', '2017-09-10 14:34:09', '1', '1', '1');
INSERT INTO `t_trade_cust_info` VALUES ('2959', '3164', '1325', 'E', '2018-02-01 11:48:28', '2018-02-01 11:48:53', '12', '154', '154');
INSERT INTO `t_trade_cust_info` VALUES ('2960', '3165', '1325', 'E', '2018-02-01 11:49:10', '2018-02-01 11:49:14', '12', '154', '154');
INSERT INTO `t_trade_cust_info` VALUES ('2961', '3166', '1327', 'E', '2018-02-01 12:32:55', '2018-02-01 12:33:30', '12', '156', '156');
INSERT INTO `t_trade_cust_info` VALUES ('2962', '3167', '1325', 'E', '2018-02-01 15:38:02', '2018-02-01 15:38:02', '12', '154', '154');
INSERT INTO `t_trade_cust_info` VALUES ('2963', '3168', '1325', 'E', '2018-03-20 21:47:55', '2018-03-20 21:47:55', '12', '154', '154');
INSERT INTO `t_trade_cust_info` VALUES ('2964', '3169', '1326', 'E', '2018-03-20 21:51:21', '2018-03-20 21:51:21', '12', '154', '154');

-- ----------------------------
-- Table structure for t_trade_cust_invest_rela
-- ----------------------------
DROP TABLE IF EXISTS `t_trade_cust_invest_rela`;
CREATE TABLE `t_trade_cust_invest_rela` (
  `TRADE_CUST_INVEST_RELA_ID` bigint(20) NOT NULL AUTO_INCREMENT,
  `TRADE_CUST_INFO_ID` bigint(20) DEFAULT NULL,
  `CUST_INVEST_INFO_ID` bigint(20) NOT NULL,
  `RC_STATE` varchar(1) DEFAULT NULL,
  `CREATE_DATE` datetime DEFAULT NULL,
  `MODIFY_DATE` datetime DEFAULT NULL,
  `OPER_COM_ID` bigint(20) DEFAULT NULL,
  `CREATE_USER_ID` bigint(20) DEFAULT NULL,
  `MODIFY_USER_ID` bigint(20) DEFAULT NULL,
  PRIMARY KEY (`TRADE_CUST_INVEST_RELA_ID`),
  KEY `FK_T_TRADE_REF_T_CUST_10` (`TRADE_CUST_INFO_ID`) USING BTREE,
  KEY `FK_T_TRADE_REF_T_CUST_I2` (`CUST_INVEST_INFO_ID`) USING BTREE,
  CONSTRAINT `t_trade_cust_invest_rela_ibfk_1` FOREIGN KEY (`TRADE_CUST_INFO_ID`) REFERENCES `t_trade_cust_info` (`TRADE_CUST_INFO_ID`),
  CONSTRAINT `t_trade_cust_invest_rela_ibfk_2` FOREIGN KEY (`CUST_INVEST_INFO_ID`) REFERENCES `t_cust_invest_info` (`CUST_INVEST_INFO_ID`)
) ENGINE=InnoDB DEFAULT CHARSET=utf8;

-- ----------------------------
-- Records of t_trade_cust_invest_rela
-- ----------------------------

-- ----------------------------
-- Table structure for t_trade_cust_oth_rela
-- ----------------------------
DROP TABLE IF EXISTS `t_trade_cust_oth_rela`;
CREATE TABLE `t_trade_cust_oth_rela` (
  `TRADE_CUST_OTH_RELA_ID` bigint(20) NOT NULL AUTO_INCREMENT,
  `TRADE_CUST_INFO_ID` bigint(20) DEFAULT NULL,
  `CUST_OTH_INFO_ID` bigint(20) NOT NULL,
  `RC_STATE` varchar(1) DEFAULT NULL,
  `CREATE_DATE` datetime DEFAULT NULL,
  `MODIFY_DATE` datetime DEFAULT NULL,
  `OPER_COM_ID` bigint(20) DEFAULT NULL,
  `CREATE_USER_ID` bigint(20) DEFAULT NULL,
  `MODIFY_USER_ID` bigint(20) DEFAULT NULL,
  PRIMARY KEY (`TRADE_CUST_OTH_RELA_ID`),
  KEY `FK_T_TRADE_REF_T_CUST_11` (`TRADE_CUST_INFO_ID`) USING BTREE,
  KEY `FK_T_TRADE_REF_T_CUST_O1` (`CUST_OTH_INFO_ID`) USING BTREE,
  CONSTRAINT `t_trade_cust_oth_rela_ibfk_1` FOREIGN KEY (`TRADE_CUST_INFO_ID`) REFERENCES `t_trade_cust_info` (`TRADE_CUST_INFO_ID`),
  CONSTRAINT `t_trade_cust_oth_rela_ibfk_2` FOREIGN KEY (`CUST_OTH_INFO_ID`) REFERENCES `t_cust_oth_info` (`CUST_OTH_INFO_ID`)
) ENGINE=InnoDB AUTO_INCREMENT=31 DEFAULT CHARSET=utf8;

-- ----------------------------
-- Records of t_trade_cust_oth_rela
-- ----------------------------
INSERT INTO `t_trade_cust_oth_rela` VALUES ('1', '2947', '1325', 'E', '2017-09-10 08:58:21', '2017-09-10 08:58:21', '12', '154', '154');
INSERT INTO `t_trade_cust_oth_rela` VALUES ('2', '2948', '1325', 'E', '2017-09-10 09:25:57', '2017-09-10 09:25:57', '12', '154', '154');
INSERT INTO `t_trade_cust_oth_rela` VALUES ('3', '2949', '1326', 'E', '2017-09-10 09:47:00', '2017-09-10 09:47:00', '12', '154', '154');
INSERT INTO `t_trade_cust_oth_rela` VALUES ('4', '2950', '1327', 'E', '2017-09-10 10:10:25', '2017-09-10 10:10:25', '12', '156', '156');
INSERT INTO `t_trade_cust_oth_rela` VALUES ('5', '2951', '1327', 'E', '2017-09-10 10:12:17', '2017-09-10 10:12:17', '12', '156', '156');
INSERT INTO `t_trade_cust_oth_rela` VALUES ('6', '2952', '1327', 'E', '2017-09-10 10:20:41', '2017-09-10 10:20:41', '12', '156', '156');
INSERT INTO `t_trade_cust_oth_rela` VALUES ('7', '2953', '1327', 'E', '2017-09-10 10:21:58', '2017-09-10 10:21:58', '12', '156', '156');
INSERT INTO `t_trade_cust_oth_rela` VALUES ('8', '2954', '1326', 'E', '2017-09-10 10:52:03', '2017-09-10 10:52:03', '12', '154', '154');
INSERT INTO `t_trade_cust_oth_rela` VALUES ('9', '2955', '1328', 'E', '2017-09-10 10:55:15', '2017-09-10 10:55:15', '12', '156', '156');
INSERT INTO `t_trade_cust_oth_rela` VALUES ('10', '2959', '1325', 'D', '2018-02-01 11:48:28', '2018-02-01 11:48:48', '12', '154', '154');
INSERT INTO `t_trade_cust_oth_rela` VALUES ('11', '2959', '1325', 'D', '2018-02-01 11:48:48', '2018-02-01 11:48:53', '12', '154', '154');
INSERT INTO `t_trade_cust_oth_rela` VALUES ('12', '2959', '1325', 'E', '2018-02-01 11:48:53', '2018-02-01 11:48:53', '12', '154', '154');
INSERT INTO `t_trade_cust_oth_rela` VALUES ('13', '2960', '1325', 'D', '2018-02-01 11:49:10', '2018-02-01 11:49:13', '12', '154', '154');
INSERT INTO `t_trade_cust_oth_rela` VALUES ('14', '2960', '1325', 'D', '2018-02-01 11:49:13', '2018-02-01 11:49:14', '12', '154', '154');
INSERT INTO `t_trade_cust_oth_rela` VALUES ('15', '2960', '1325', 'D', '2018-02-01 11:49:14', '2018-02-01 11:49:14', '12', '154', '154');
INSERT INTO `t_trade_cust_oth_rela` VALUES ('16', '2960', '1325', 'D', '2018-02-01 11:49:14', '2018-02-01 11:49:14', '12', '154', '154');
INSERT INTO `t_trade_cust_oth_rela` VALUES ('17', '2960', '1325', 'D', '2018-02-01 11:49:14', '2018-02-01 11:49:15', '12', '154', '154');
INSERT INTO `t_trade_cust_oth_rela` VALUES ('18', '2960', '1325', 'E', '2018-02-01 11:49:15', '2018-02-01 11:49:15', '12', '154', '154');
INSERT INTO `t_trade_cust_oth_rela` VALUES ('19', '2961', '1327', 'D', '2018-02-01 12:32:55', '2018-02-01 12:33:20', '12', '156', '156');
INSERT INTO `t_trade_cust_oth_rela` VALUES ('20', '2961', '1327', 'D', '2018-02-01 12:33:20', '2018-02-01 12:33:21', '12', '156', '156');
INSERT INTO `t_trade_cust_oth_rela` VALUES ('21', '2961', '1327', 'D', '2018-02-01 12:33:21', '2018-02-01 12:33:21', '12', '156', '156');
INSERT INTO `t_trade_cust_oth_rela` VALUES ('22', '2961', '1327', 'D', '2018-02-01 12:33:21', '2018-02-01 12:33:21', '12', '156', '156');
INSERT INTO `t_trade_cust_oth_rela` VALUES ('23', '2961', '1327', 'D', '2018-02-01 12:33:21', '2018-02-01 12:33:21', '12', '156', '156');
INSERT INTO `t_trade_cust_oth_rela` VALUES ('24', '2961', '1327', 'D', '2018-02-01 12:33:21', '2018-02-01 12:33:21', '12', '156', '156');
INSERT INTO `t_trade_cust_oth_rela` VALUES ('25', '2961', '1327', 'D', '2018-02-01 12:33:21', '2018-02-01 12:33:22', '12', '156', '156');
INSERT INTO `t_trade_cust_oth_rela` VALUES ('26', '2961', '1327', 'D', '2018-02-01 12:33:22', '2018-02-01 12:33:22', '12', '156', '156');
INSERT INTO `t_trade_cust_oth_rela` VALUES ('27', '2961', '1327', 'D', '2018-02-01 12:33:22', '2018-02-01 12:33:22', '12', '156', '156');
INSERT INTO `t_trade_cust_oth_rela` VALUES ('28', '2961', '1327', 'D', '2018-02-01 12:33:22', '2018-02-01 12:33:30', '12', '156', '156');
INSERT INTO `t_trade_cust_oth_rela` VALUES ('29', '2961', '1327', 'E', '2018-02-01 12:33:30', '2018-02-01 12:33:30', '12', '156', '156');
INSERT INTO `t_trade_cust_oth_rela` VALUES ('30', '2962', '1325', 'E', '2018-02-01 15:38:03', '2018-02-01 15:38:03', '12', '154', '154');

-- ----------------------------
-- Table structure for t_trade_cust_role_info
-- ----------------------------
DROP TABLE IF EXISTS `t_trade_cust_role_info`;
CREATE TABLE `t_trade_cust_role_info` (
  `TRADE_CUST_ROLE_INFO_ID` bigint(20) NOT NULL AUTO_INCREMENT,
  `TRADE_CUST_INFO_ID` bigint(20) DEFAULT NULL,
  `ROLE_TYPE` varchar(2) DEFAULT NULL,
  `RELATION_TO_APPNT` varchar(2) DEFAULT NULL,
  `RELATION_TO_INSURED` varchar(2) DEFAULT NULL,
  `RC_STATE` varchar(1) NOT NULL,
  `CREATE_DATE` datetime NOT NULL,
  `MODIFY_DATE` datetime NOT NULL,
  `OPER_COM_ID` bigint(20) NOT NULL,
  `CREATE_USER_ID` bigint(20) NOT NULL,
  `MODIFY_USER_ID` bigint(20) NOT NULL,
  PRIMARY KEY (`TRADE_CUST_ROLE_INFO_ID`),
  KEY `FK_T_ROLE_REF_T_TRADE_CUST_1` (`TRADE_CUST_INFO_ID`) USING BTREE,
  CONSTRAINT `t_trade_cust_role_info_ibfk_1` FOREIGN KEY (`TRADE_CUST_INFO_ID`) REFERENCES `t_trade_cust_info` (`TRADE_CUST_INFO_ID`)
) ENGINE=InnoDB DEFAULT CHARSET=utf8;

-- ----------------------------
-- Records of t_trade_cust_role_info
-- ----------------------------

-- ----------------------------
-- Table structure for t_trade_funds_share_change
-- ----------------------------
DROP TABLE IF EXISTS `t_trade_funds_share_change`;
CREATE TABLE `t_trade_funds_share_change` (
  `TRADE_FUNDS_SHARE_CHANGE_ID` bigint(20) NOT NULL AUTO_INCREMENT,
  `ORIGIN_TRADE_INFO_ID` varchar(20) NOT NULL,
  `ORIGIN_TRADE_NO` varchar(20) NOT NULL,
  `ORIGIN_AGENT_ID` varchar(5) NOT NULL,
  `ORIGIN_CHN_NAME` varchar(20) DEFAULT NULL,
  `TRADE_INFO_ID` varchar(20) DEFAULT NULL,
  `TRANSFER_ASSET` decimal(20,0) NOT NULL,
  `TRANSFER_ALL` varchar(2) NOT NULL,
  `PRODUCT_NAME` varchar(20) DEFAULT NULL,
  `TRADE_STATUS` varchar(2) NOT NULL,
  `RC_STATE` varchar(1) DEFAULT NULL,
  `CREATE_DATE` datetime DEFAULT NULL,
  `MODIFY_DATE` datetime DEFAULT NULL,
  `OPER_COM_ID` bigint(20) DEFAULT NULL,
  `CREATE_USER_ID` bigint(20) DEFAULT NULL,
  `MODIFY_USER_ID` bigint(20) DEFAULT NULL,
  `IS_ORDER` varchar(2) NOT NULL,
  `AGENT_ID` varchar(20) DEFAULT NULL,
  `VALUE_DATE` date DEFAULT NULL,
  PRIMARY KEY (`TRADE_FUNDS_SHARE_CHANGE_ID`)
) ENGINE=InnoDB AUTO_INCREMENT=6 DEFAULT CHARSET=utf8;

-- ----------------------------
-- Records of t_trade_funds_share_change
-- ----------------------------
INSERT INTO `t_trade_funds_share_change` VALUES ('1', '3153', '1201709100001', '231', null, '3156', '200000', '01', null, '13', 'E', '2017-09-10 09:55:25', '2017-09-10 10:13:05', '12', '154', '151', '02', '232', '2017-09-10');
INSERT INTO `t_trade_funds_share_change` VALUES ('2', '3159', '1201709100007', '232', null, null, '100000', '01', null, '11', 'D', '2017-09-10 12:01:48', '2018-02-01 12:47:07', '1', '1', '1', '01', '232', null);
INSERT INTO `t_trade_funds_share_change` VALUES ('3', '3158', '1201709100006', '231', null, null, '1000000', '02', null, '11', 'D', '2018-02-01 11:47:09', '2018-02-01 12:46:48', '1', '1', '1', '01', '231', null);
INSERT INTO `t_trade_funds_share_change` VALUES ('4', '3156', '1201709100004', '232', null, '3167', '200000', '02', null, '12', 'E', '2018-02-01 15:37:25', '2018-02-01 15:39:19', '1', '1', '154', '02', '231', null);
INSERT INTO `t_trade_funds_share_change` VALUES ('5', '3167', '1201802010004', '231', null, null, '50', '02', null, '11', 'E', '2018-02-01 15:44:12', '2018-02-01 15:44:12', '1', '1', '1', '02', null, null);

-- ----------------------------
-- Table structure for t_trade_info
-- ----------------------------
DROP TABLE IF EXISTS `t_trade_info`;
CREATE TABLE `t_trade_info` (
  `TRADE_INFO_ID` bigint(20) NOT NULL AUTO_INCREMENT,
  `TRADE_NO` varchar(20) DEFAULT NULL,
  `TRADE_INFO_NO` varchar(30) DEFAULT NULL,
  `TRADE_TYPE` varchar(2) DEFAULT NULL,
  `TRADE_DATE` date DEFAULT NULL,
  `TRADE_INPUT_DATE` date DEFAULT NULL,
  `AGENT_ID` bigint(20) DEFAULT NULL,
  `COMPANY_ID` bigint(20) DEFAULT NULL,
  `STORE_ID` bigint(20) DEFAULT NULL,
  `TRADE_COM_ID` bigint(20) DEFAULT NULL,
  `TRADE_STORE_ID` bigint(20) DEFAULT NULL,
  `CURRENCY` varchar(10) DEFAULT NULL,
  `TRADE_TOTAL_ASSETS` decimal(22,2) DEFAULT NULL,
  `TRADE_STAUS` varchar(2) DEFAULT NULL,
  `INPUT_OPERATOR` varchar(20) DEFAULT NULL,
  `CHECK_OPERATOR` varchar(20) DEFAULT NULL,
  `AUDIT_OPERATOR` varchar(20) DEFAULT NULL,
  `RC_STATE` varchar(1) NOT NULL,
  `CREATE_DATE` datetime NOT NULL,
  `MODIFY_DATE` datetime NOT NULL,
  `OPER_COM_ID` bigint(20) NOT NULL,
  `CREATE_USER_ID` bigint(20) NOT NULL,
  `MODIFY_USER_ID` bigint(20) NOT NULL,
  `ORDER_NO` varchar(20) DEFAULT NULL,
  `INVEST_CODE` varchar(10) DEFAULT NULL,
  PRIMARY KEY (`TRADE_INFO_ID`)
) ENGINE=InnoDB AUTO_INCREMENT=3170 DEFAULT CHARSET=utf8;

-- ----------------------------
-- Records of t_trade_info
-- ----------------------------
INSERT INTO `t_trade_info` VALUES ('3151', '1201709090001', 'PD038372', '1', '2017-09-09', null, '231', '12', null, '12', null, 'CNY', '1000000.00', '03', 'wangshanshan', 'admin', 'admin', 'E', '2017-09-09 17:46:12', '2018-02-02 14:14:29', '12', '154', '1', null, null);
INSERT INTO `t_trade_info` VALUES ('3152', '1201709090002', 'pd20170909', '1', '2017-09-09', null, '231', '12', null, '12', null, 'CNY', '1000000.00', '04', 'wangshanshan', 'zhuyueming', 'admin', 'E', '2017-09-09 18:48:50', '2018-02-01 15:43:24', '12', '154', '1', null, null);
INSERT INTO `t_trade_info` VALUES ('3153', '1201709100001', '201334-9333', '1', '2017-09-10', null, '231', '12', null, '12', null, 'CNY', '300000.00', '13', 'wangshanshan', 'zhuyueming', 'zhuyueming', 'E', '2017-09-10 09:46:53', '2017-09-10 10:13:05', '12', '154', '151', null, null);
INSERT INTO `t_trade_info` VALUES ('3154', '1201709100002', 'LS--99333', '1', '2017-09-10', '2017-09-10', '232', '12', null, '12', null, 'CNY', '500000.00', '02', 'zhangtao', 'admin', null, 'E', '2017-09-10 10:07:12', '2018-02-02 14:13:55', '12', '156', '1', null, null);
INSERT INTO `t_trade_info` VALUES ('3155', '1201709100003', null, '1', '2017-09-10', '2017-09-10', '232', '12', null, '12', null, 'CNY', null, '09', 'zhangtao', null, null, 'E', '2017-09-10 10:10:22', '2017-09-10 10:14:18', '12', '156', '156', null, null);
INSERT INTO `t_trade_info` VALUES ('3156', '1201709100004', null, '1', '2017-09-10', '2017-09-10', '232', '12', null, '12', null, 'CNY', '200000.00', '12', 'zhangtao', null, null, 'E', '2017-09-10 10:12:09', '2018-02-01 15:39:19', '12', '156', '154', null, null);
INSERT INTO `t_trade_info` VALUES ('3157', '1201709100005', 'LS0-01-003', '1', '2017-09-10', null, '232', '12', null, '12', null, 'CNY', '200000.00', '10', 'zhangtao', 'zhuyueming', 'zhuyueming', 'E', '2017-09-10 10:21:38', '2017-09-10 10:26:12', '12', '156', '151', null, null);
INSERT INTO `t_trade_info` VALUES ('3158', '1201709100006', '1234', '1', '2017-09-10', null, '231', '12', null, '12', null, 'CNY', '1000000.00', '10', 'wangshanshan', 'zhuyueming', 'zhuyueming', 'E', '2017-09-10 10:51:57', '2018-02-01 12:46:48', '12', '154', '1', null, null);
INSERT INTO `t_trade_info` VALUES ('3159', '1201709100007', 'PD998832332083', '1', '2017-09-10', null, '232', '12', null, '12', null, 'CNY', '1000000.00', '10', 'zhangtao', 'zhuyueming', 'zhuyueming', 'E', '2017-09-10 10:55:09', '2018-02-01 12:47:07', '12', '156', '1', null, null);
INSERT INTO `t_trade_info` VALUES ('3160', '1201709100008', null, '1', '2017-09-10', null, '231', '12', null, '12', null, 'CNY', '4000000.00', '01', 'wangshanshan', null, null, 'E', '2017-09-10 11:35:25', '2017-09-10 11:35:25', '12', '154', '154', null, null);
INSERT INTO `t_trade_info` VALUES ('3161', '1201709100009', 'LS0-01-002', '1', '2017-09-10', null, '232', '12', null, '12', null, 'CNY', '100000.00', '02', 'zhangtao', 'admin', null, 'E', '2017-09-10 11:57:53', '2018-02-02 14:10:47', '12', '156', '1', null, null);
INSERT INTO `t_trade_info` VALUES ('3162', '1201709100010', null, '1', '2017-09-10', '2017-09-10', '232', '12', null, '12', null, 'CNY', '100000.00', '09', 'zhangtao', null, null, 'E', '2017-09-10 12:03:24', '2018-02-01 12:33:45', '12', '156', '156', null, null);
INSERT INTO `t_trade_info` VALUES ('3163', '1201709100011', '1234', '1', null, null, '232', '12', null, '12', null, 'CNY', '2000000.00', '01', 'admin', null, null, 'E', '2017-09-10 14:34:09', '2017-09-11 09:40:26', '1', '1', '156', null, null);
INSERT INTO `t_trade_info` VALUES ('3164', '1201802010001', null, '1', '2018-02-01', '2018-02-01', '231', '12', null, '12', null, 'CNY', null, '01', 'wangshanshan', null, null, 'E', '2018-02-01 11:48:25', '2018-02-01 11:48:25', '12', '154', '154', null, null);
INSERT INTO `t_trade_info` VALUES ('3165', '1201802010002', null, '1', '2018-02-01', '2018-02-01', '231', '12', null, '12', null, 'CNY', null, '01', 'wangshanshan', null, null, 'E', '2018-02-01 11:49:03', '2018-02-01 11:49:03', '12', '154', '154', null, null);
INSERT INTO `t_trade_info` VALUES ('3166', '1201802010003', null, '1', '2018-02-01', '2018-02-01', '232', '12', null, '12', null, 'CNY', '10000.00', '01', 'zhangtao', null, null, 'E', '2018-02-01 12:32:46', '2018-02-01 12:32:46', '12', '156', '156', null, null);
INSERT INTO `t_trade_info` VALUES ('3167', '1201802010004', null, '1', '2018-02-01', '2018-02-01', '231', '12', null, '12', null, 'CNY', '50.00', '11', 'wangshanshan', null, null, 'E', '2018-02-01 15:37:55', '2018-02-01 15:44:12', '12', '154', '1', null, null);
INSERT INTO `t_trade_info` VALUES ('3168', '1201803200001', '1223231', '1', '2018-03-20', null, '231', '12', null, '12', null, 'CNY', '100000.00', '01', 'wangshanshan', null, null, 'E', '2018-03-20 21:47:55', '2018-03-20 21:48:10', '12', '154', '154', null, null);
INSERT INTO `t_trade_info` VALUES ('3169', '1201803200002', null, '1', '2018-03-20', null, '231', '12', null, '12', null, 'CNY', '1000000.00', '01', 'wangshanshan', null, null, 'E', '2018-03-20 21:51:21', '2018-03-20 21:51:21', '12', '154', '154', null, null);

-- ----------------------------
-- Table structure for t_trade_operation
-- ----------------------------
DROP TABLE IF EXISTS `t_trade_operation`;
CREATE TABLE `t_trade_operation` (
  `TRADE_OPERATION_ID` bigint(20) NOT NULL AUTO_INCREMENT,
  `TRADE_INFO_ID` bigint(20) NOT NULL,
  `USER_ID` bigint(20) NOT NULL,
  `OPERATIONAL_NODE` varchar(2) NOT NULL,
  `CONCLUSION` varchar(2) DEFAULT NULL,
  `REMARK` varchar(500) DEFAULT NULL,
  `RC_STATE` varchar(1) NOT NULL,
  `CREATE_DATE` datetime NOT NULL,
  `MODIFY_DATE` datetime NOT NULL,
  `OPER_COM_ID` bigint(20) NOT NULL,
  `CREATE_USER_ID` bigint(20) NOT NULL,
  `MODIFY_USER_ID` bigint(20) NOT NULL,
  PRIMARY KEY (`TRADE_OPERATION_ID`)
) ENGINE=InnoDB AUTO_INCREMENT=23 DEFAULT CHARSET=utf8;

-- ----------------------------
-- Records of t_trade_operation
-- ----------------------------
INSERT INTO `t_trade_operation` VALUES ('1', '3152', '154', '01', null, null, 'E', '2017-09-10 09:25:03', '2017-09-10 09:25:03', '12', '154', '154');
INSERT INTO `t_trade_operation` VALUES ('2', '3152', '154', '01', null, null, 'E', '2017-09-10 09:25:03', '2017-09-10 09:25:03', '12', '154', '154');
INSERT INTO `t_trade_operation` VALUES ('3', '3152', '154', '01', null, null, 'E', '2017-09-10 09:25:04', '2017-09-10 09:25:04', '12', '154', '154');
INSERT INTO `t_trade_operation` VALUES ('4', '3151', '154', '01', null, null, 'E', '2017-09-10 09:26:32', '2017-09-10 09:26:32', '12', '154', '154');
INSERT INTO `t_trade_operation` VALUES ('5', '3153', '154', '01', null, null, 'E', '2017-09-10 09:51:08', '2017-09-10 09:51:08', '12', '154', '154');
INSERT INTO `t_trade_operation` VALUES ('6', '3153', '151', '02', '01', '', 'E', '2017-09-10 09:52:03', '2017-09-10 09:52:03', '12', '151', '151');
INSERT INTO `t_trade_operation` VALUES ('7', '3152', '151', '02', '01', '', 'E', '2017-09-10 09:52:19', '2017-09-10 09:52:19', '12', '151', '151');
INSERT INTO `t_trade_operation` VALUES ('8', '3153', '151', '03', '01', '', 'E', '2017-09-10 09:52:37', '2017-09-10 09:52:37', '12', '151', '151');
INSERT INTO `t_trade_operation` VALUES ('9', '3156', '151', '02', '01', '', 'E', '2017-09-10 10:13:06', '2017-09-10 10:13:06', '12', '151', '151');
INSERT INTO `t_trade_operation` VALUES ('10', '3154', '156', '01', null, null, 'E', '2017-09-10 10:21:03', '2017-09-10 10:21:03', '12', '156', '156');
INSERT INTO `t_trade_operation` VALUES ('11', '3157', '156', '01', null, null, 'E', '2017-09-10 10:24:57', '2017-09-10 10:24:57', '12', '156', '156');
INSERT INTO `t_trade_operation` VALUES ('12', '3157', '151', '02', '01', '', 'E', '2017-09-10 10:25:29', '2017-09-10 10:25:29', '12', '151', '151');
INSERT INTO `t_trade_operation` VALUES ('13', '3157', '151', '03', '01', '', 'E', '2017-09-10 10:25:43', '2017-09-10 10:25:43', '12', '151', '151');
INSERT INTO `t_trade_operation` VALUES ('14', '3158', '154', '01', null, null, 'E', '2017-09-10 10:52:25', '2017-09-10 10:52:25', '12', '154', '154');
INSERT INTO `t_trade_operation` VALUES ('15', '3159', '156', '01', null, null, 'E', '2017-09-10 10:58:40', '2017-09-10 10:58:40', '12', '156', '156');
INSERT INTO `t_trade_operation` VALUES ('16', '3159', '151', '02', '01', '', 'E', '2017-09-10 10:59:17', '2017-09-10 10:59:17', '12', '151', '151');
INSERT INTO `t_trade_operation` VALUES ('17', '3158', '151', '02', '01', '', 'E', '2017-09-10 10:59:29', '2017-09-10 10:59:29', '12', '151', '151');
INSERT INTO `t_trade_operation` VALUES ('18', '3159', '151', '03', '01', '', 'E', '2017-09-10 10:59:42', '2017-09-10 10:59:42', '12', '151', '151');
INSERT INTO `t_trade_operation` VALUES ('19', '3158', '151', '03', '01', '', 'E', '2017-09-10 10:59:54', '2017-09-10 10:59:54', '12', '151', '151');
INSERT INTO `t_trade_operation` VALUES ('20', '3161', '1', '01', null, null, 'E', '2018-02-01 15:43:00', '2018-02-01 15:43:00', '1', '1', '1');
INSERT INTO `t_trade_operation` VALUES ('21', '3151', '1', '02', '01', '', 'E', '2018-02-01 15:43:14', '2018-02-01 15:43:14', '1', '1', '1');
INSERT INTO `t_trade_operation` VALUES ('22', '3152', '1', '03', '01', '', 'E', '2018-02-01 15:43:24', '2018-02-01 15:43:24', '1', '1', '1');

-- ----------------------------
-- Table structure for t_trade_operation_trace
-- ----------------------------
DROP TABLE IF EXISTS `t_trade_operation_trace`;
CREATE TABLE `t_trade_operation_trace` (
  `TRADE_OPERATION_TRACE_ID` bigint(20) NOT NULL AUTO_INCREMENT,
  `TRADE_OPERATION_ID` bigint(20) NOT NULL,
  `TRADE_INFO_ID` bigint(20) NOT NULL,
  `USER_ID` bigint(20) NOT NULL,
  `OPERATIONAL_NODE` varchar(2) NOT NULL,
  `CONCLUSION` varchar(2) DEFAULT NULL,
  `REMARK` varchar(500) DEFAULT NULL,
  `BACK_TIME` datetime DEFAULT NULL,
  `RC_STATE` varchar(1) NOT NULL,
  `CREATE_DATE` datetime NOT NULL,
  `MODIFY_DATE` datetime NOT NULL,
  `OPER_COM_ID` bigint(20) NOT NULL,
  `CREATE_USER_ID` bigint(20) NOT NULL,
  `MODIFY_USER_ID` bigint(20) NOT NULL,
  PRIMARY KEY (`TRADE_OPERATION_TRACE_ID`)
) ENGINE=InnoDB DEFAULT CHARSET=utf8;

-- ----------------------------
-- Records of t_trade_operation_trace
-- ----------------------------

-- ----------------------------
-- Table structure for t_trade_pd_cust_role_rela
-- ----------------------------
DROP TABLE IF EXISTS `t_trade_pd_cust_role_rela`;
CREATE TABLE `t_trade_pd_cust_role_rela` (
  `TRADE_PD_CUST_ROLE_RELA_ID` bigint(20) NOT NULL AUTO_INCREMENT,
  `PRODUCT_ID` bigint(20) DEFAULT NULL,
  `TRADE_CUST_ROLE_INFO_ID` bigint(20) DEFAULT NULL,
  `RC_STATE` varchar(1) NOT NULL,
  `CREATE_DATE` datetime NOT NULL,
  `MODIFY_DATE` datetime NOT NULL,
  `OPER_COM_ID` bigint(20) NOT NULL,
  `CREATE_USER_ID` bigint(20) NOT NULL,
  `MODIFY_USER_ID` bigint(20) NOT NULL,
  `TRADE_INFO_ID` bigint(20) DEFAULT NULL,
  PRIMARY KEY (`TRADE_PD_CUST_ROLE_RELA_ID`)
) ENGINE=InnoDB DEFAULT CHARSET=utf8;

-- ----------------------------
-- Records of t_trade_pd_cust_role_rela
-- ----------------------------

-- ----------------------------
-- Table structure for t_trade_product_info
-- ----------------------------
DROP TABLE IF EXISTS `t_trade_product_info`;
CREATE TABLE `t_trade_product_info` (
  `TRADE_PRODUCT_INFO_ID` bigint(20) NOT NULL AUTO_INCREMENT,
  `TRADE_INFO_ID` bigint(20) DEFAULT NULL,
  `PRODUCT_ID` bigint(20) DEFAULT NULL,
  `PARAM_CODE` varchar(40) DEFAULT NULL,
  `PARAM_VALUE` varchar(100) DEFAULT NULL,
  `RC_STATE` varchar(1) NOT NULL,
  `CREATE_DATE` datetime NOT NULL,
  `MODIFY_DATE` datetime NOT NULL,
  `OPER_COM_ID` bigint(20) NOT NULL,
  `CREATE_USER_ID` bigint(20) NOT NULL,
  `MODIFY_USER_ID` bigint(20) NOT NULL,
  PRIMARY KEY (`TRADE_PRODUCT_INFO_ID`),
  KEY `FK_T_TRADE_REF_T_TRADE_4` (`TRADE_INFO_ID`) USING BTREE,
  CONSTRAINT `t_trade_product_info_ibfk_1` FOREIGN KEY (`TRADE_INFO_ID`) REFERENCES `t_trade_info` (`TRADE_INFO_ID`)
) ENGINE=InnoDB AUTO_INCREMENT=6057 DEFAULT CHARSET=utf8;

-- ----------------------------
-- Records of t_trade_product_info
-- ----------------------------
INSERT INTO `t_trade_product_info` VALUES ('6036', '3152', '1509', 'subscriptionFee', '1000000.00', 'E', '2017-09-09 18:48:50', '2017-09-09 18:49:42', '12', '154', '154');
INSERT INTO `t_trade_product_info` VALUES ('6037', '3151', '1508', 'beneficialType', '003', 'E', '2017-09-10 09:26:15', '2017-09-10 09:26:15', '12', '154', '154');
INSERT INTO `t_trade_product_info` VALUES ('6038', '3151', '1508', 'subscriptionFee', '1000000.00', 'E', '2017-09-10 09:26:15', '2017-09-10 09:26:15', '12', '154', '154');
INSERT INTO `t_trade_product_info` VALUES ('6039', '3153', '1511', 'subscriptionFee', '500000.00', 'E', '2017-09-10 09:47:15', '2017-09-10 09:47:15', '12', '154', '154');
INSERT INTO `t_trade_product_info` VALUES ('6040', '3156', '1511', 'subscriptionFee', '200000', 'E', '2017-09-10 10:12:25', '2017-09-10 10:12:25', '12', '156', '156');
INSERT INTO `t_trade_product_info` VALUES ('6041', '3154', '1511', 'subscriptionFee', '500000.00', 'E', '2017-09-10 10:18:31', '2017-09-10 10:19:20', '12', '156', '156');
INSERT INTO `t_trade_product_info` VALUES ('6042', '3157', '1510', 'expectOpenDay', '2017-09-26', 'E', '2017-09-10 10:21:39', '2017-09-10 10:21:54', '12', '156', '156');
INSERT INTO `t_trade_product_info` VALUES ('6043', '3157', '1510', 'subscriptionFee', '200000.00', 'E', '2017-09-10 10:21:39', '2017-09-10 10:21:54', '12', '156', '156');
INSERT INTO `t_trade_product_info` VALUES ('6044', '3158', '1514', 'subscriptionFee', '1000000.00', 'E', '2017-09-10 10:52:16', '2017-09-10 10:52:16', '12', '154', '154');
INSERT INTO `t_trade_product_info` VALUES ('6045', '3159', '1514', 'subscriptionFee', '1000000.00', 'E', '2017-09-10 10:55:26', '2017-09-10 10:55:26', '12', '156', '156');
INSERT INTO `t_trade_product_info` VALUES ('6046', '3160', '1509', 'subscriptionFee', '4000000.0', 'E', '2017-09-10 11:35:25', '2017-09-10 11:35:25', '12', '154', '154');
INSERT INTO `t_trade_product_info` VALUES ('6047', '3161', '1510', 'expectOpenDay', '2017-09-26', 'E', '2017-09-10 11:57:53', '2017-09-10 11:58:09', '12', '156', '156');
INSERT INTO `t_trade_product_info` VALUES ('6048', '3161', '1510', 'subscriptionFee', '100000.00', 'E', '2017-09-10 11:57:53', '2017-09-10 11:58:09', '12', '156', '156');
INSERT INTO `t_trade_product_info` VALUES ('6049', '3162', '1514', 'subscriptionFee', '100000', 'E', '2017-09-10 12:03:31', '2017-09-10 12:03:31', '12', '156', '156');
INSERT INTO `t_trade_product_info` VALUES ('6050', '3163', '1509', 'subscriptionFee', '2000000', 'E', '2017-09-10 14:34:10', '2017-09-10 14:34:10', '1', '1', '1');
INSERT INTO `t_trade_product_info` VALUES ('6051', '3166', '1514', 'subscriptionFee', '10000.00', 'E', '2018-02-01 12:33:06', '2018-02-01 12:33:06', '12', '156', '156');
INSERT INTO `t_trade_product_info` VALUES ('6052', '3167', '1511', 'subscriptionFee', '50.00', 'E', '2018-02-01 15:39:14', '2018-02-01 15:39:14', '12', '154', '154');
INSERT INTO `t_trade_product_info` VALUES ('6053', '3168', '1508', 'beneficialType', '003', 'E', '2018-03-20 21:47:55', '2018-03-20 21:48:29', '12', '154', '154');
INSERT INTO `t_trade_product_info` VALUES ('6054', '3168', '1508', 'subscriptionFee', '100000.00', 'E', '2018-03-20 21:47:55', '2018-03-20 21:48:29', '12', '154', '154');
INSERT INTO `t_trade_product_info` VALUES ('6055', '3169', '1508', 'beneficialType', null, 'E', '2018-03-20 21:51:21', '2018-03-20 21:51:21', '12', '154', '154');
INSERT INTO `t_trade_product_info` VALUES ('6056', '3169', '1508', 'subscriptionFee', '1000000.0', 'E', '2018-03-20 21:51:21', '2018-03-20 21:51:21', '12', '154', '154');

-- ----------------------------
-- Table structure for t_trade_status_info
-- ----------------------------
DROP TABLE IF EXISTS `t_trade_status_info`;
CREATE TABLE `t_trade_status_info` (
  `TRADE_STATUS_INFO_ID` bigint(20) NOT NULL AUTO_INCREMENT,
  `TRADE_INFO_ID` bigint(20) NOT NULL,
  `STATUS_SERIAL_NO` bigint(2) NOT NULL,
  `POLICY_NO` varchar(20) DEFAULT NULL,
  `ACTU_PREMIUM` decimal(12,2) DEFAULT NULL,
  `ACTU_SUBSCRIPTION_AMOUNT` decimal(12,2) DEFAULT NULL,
  `SUBSCRIPTION_COPIES` decimal(12,2) DEFAULT NULL,
  `STATUS_DATE` date DEFAULT NULL,
  `TRADE_STATUS` varchar(2) DEFAULT NULL,
  `RC_STATE` varchar(1) NOT NULL,
  `CREATE_DATE` datetime NOT NULL,
  `MODIFY_DATE` datetime NOT NULL,
  `OPER_COM_ID` bigint(20) NOT NULL,
  `CREATE_USER_ID` bigint(20) NOT NULL,
  `MODIFY_USER_ID` bigint(20) NOT NULL,
  `PRODUCT_ID` bigint(20) DEFAULT NULL,
  `EFFECTIVE_DATE` datetime DEFAULT NULL,
  PRIMARY KEY (`TRADE_STATUS_INFO_ID`)
) ENGINE=InnoDB AUTO_INCREMENT=7 DEFAULT CHARSET=utf8;

-- ----------------------------
-- Records of t_trade_status_info
-- ----------------------------
INSERT INTO `t_trade_status_info` VALUES ('1', '3153', '1', null, null, '300000.00', '500000.00', null, '13', 'E', '2017-09-10 09:52:56', '2017-09-10 10:13:05', '12', '151', '151', null, null);
INSERT INTO `t_trade_status_info` VALUES ('2', '3156', '1', null, null, '200000.00', null, null, '10', 'E', '2017-09-10 10:13:05', '2017-09-10 10:13:05', '12', '151', '151', null, null);
INSERT INTO `t_trade_status_info` VALUES ('3', '3157', '1', null, null, '200000.00', '200000.00', null, '10', 'E', '2017-09-10 10:26:12', '2017-09-10 10:26:12', '12', '151', '151', null, null);
INSERT INTO `t_trade_status_info` VALUES ('4', '3159', '1', null, null, '1000000.00', '1000000.00', null, '10', 'E', '2017-09-10 11:00:06', '2017-09-10 11:00:06', '12', '151', '151', null, null);
INSERT INTO `t_trade_status_info` VALUES ('5', '3158', '1', null, null, '1000000.00', '1000000.00', null, '10', 'E', '2017-09-10 11:00:15', '2017-09-10 11:00:15', '12', '151', '151', null, null);
INSERT INTO `t_trade_status_info` VALUES ('6', '3167', '1', null, null, '50.00', null, null, '10', 'E', '2018-02-01 15:43:38', '2018-02-01 15:43:38', '1', '1', '1', null, null);

-- ----------------------------
-- Table structure for t_trade_video_info
-- ----------------------------
DROP TABLE IF EXISTS `t_trade_video_info`;
CREATE TABLE `t_trade_video_info` (
  `TRADE_VIDEO_INFO_ID` bigint(20) NOT NULL AUTO_INCREMENT,
  `TRADE_INFO_ID` bigint(20) DEFAULT NULL,
  `FILE_TYPE` varchar(2) DEFAULT NULL,
  `FILE_PATH` varchar(60) DEFAULT NULL,
  `FILE_NAME` varchar(40) DEFAULT NULL,
  `UPLOAD_TIME` datetime DEFAULT NULL,
  `OPERATOR` varchar(20) DEFAULT NULL,
  `CREATE_USER_ID` bigint(20) DEFAULT NULL,
  `MODIFY_USER_ID` bigint(20) DEFAULT NULL,
  `CREATE_DATE` datetime DEFAULT NULL,
  `MODIFY_DATE` datetime DEFAULT NULL,
  `OPER_COM_ID` bigint(20) DEFAULT NULL,
  `RC_STATE` varchar(1) DEFAULT NULL,
  PRIMARY KEY (`TRADE_VIDEO_INFO_ID`)
) ENGINE=InnoDB DEFAULT CHARSET=utf8;

-- ----------------------------
-- Records of t_trade_video_info
-- ----------------------------

-- ----------------------------
-- Table structure for t_webservice_log_info
-- ----------------------------
DROP TABLE IF EXISTS `t_webservice_log_info`;
CREATE TABLE `t_webservice_log_info` (
  `WEBSERVICE_LOG_INFO_ID` bigint(20) NOT NULL AUTO_INCREMENT,
  `WEBSERVICE_CODE` varchar(50) DEFAULT NULL,
  `WEBSERVICE_NAME` varchar(100) DEFAULT NULL,
  `BUSINESS_NO` varchar(20) DEFAULT NULL,
  `RESPONSE_TIME` date DEFAULT NULL,
  `XML_CONTENT` text,
  `RESPONSE_STATUS` varchar(2) DEFAULT NULL,
  `RESPONSE_MSG` varchar(400) DEFAULT NULL,
  `RC_STATE` varchar(1) NOT NULL,
  `CREATE_DATE` datetime NOT NULL,
  `MODIFY_DATE` datetime NOT NULL,
  `OPER_COM_ID` bigint(20) NOT NULL,
  `CREATE_USER_ID` bigint(20) NOT NULL,
  `MODIFY_USER_ID` bigint(20) NOT NULL,
  PRIMARY KEY (`WEBSERVICE_LOG_INFO_ID`)
) ENGINE=InnoDB DEFAULT CHARSET=utf8;

-- ----------------------------
-- Records of t_webservice_log_info
-- ----------------------------

-- ----------------------------
-- Table structure for user2role
-- ----------------------------
DROP TABLE IF EXISTS `user2role`;
CREATE TABLE `user2role` (
  `id` int(11) NOT NULL AUTO_INCREMENT,
  `role_id` int(11) DEFAULT NULL,
  `user_id` int(11) DEFAULT NULL,
  PRIMARY KEY (`id`),
  KEY `FK11C1D2BD3BFA2FD` (`role_id`),
  KEY `FK11C1D2BDA8EA66DD` (`user_id`),
  CONSTRAINT `FK11C1D2BDA8EA66DD` FOREIGN KEY (`user_id`) REFERENCES `tcuser` (`id`),
  CONSTRAINT `FK11C1D2BD3BFA2FD` FOREIGN KEY (`role_id`) REFERENCES `role` (`id`)
) ENGINE=InnoDB DEFAULT CHARSET=utf8;

-- ----------------------------
-- Records of user2role
-- ----------------------------

-- ----------------------------
-- Table structure for workflow
-- ----------------------------
DROP TABLE IF EXISTS `workflow`;
CREATE TABLE `workflow` (
  `id` bigint(20) NOT NULL AUTO_INCREMENT,
  `name` varchar(50) DEFAULT NULL,
  `url` varchar(150) DEFAULT NULL,
  PRIMARY KEY (`id`)
) ENGINE=InnoDB DEFAULT CHARSET=utf8;

-- ----------------------------
-- Records of workflow
-- ----------------------------

-- ----------------------------
-- View structure for t_trade_product_info_view
-- ----------------------------
DROP VIEW IF EXISTS `t_trade_product_info_view`;
CREATE ALGORITHM=UNDEFINED DEFINER=`root`@`%.%.%.%` SQL SECURITY DEFINER  VIEW `t_trade_product_info_view` AS (select `b`.`TRADE_INFO_ID` AS `TRADE_INFO_ID`,`b`.`PRODUCT_ID` AS `PRODUCT_ID`,max(if((`b`.`PARAM_CODE` = ' bonusGetWay'),`b`.`PARAM_VALUE`,NULL)) AS `bonusGetWay`,max(if((`b`.`PARAM_CODE` = 'amnt'),`b`.`PARAM_VALUE`,NULL)) AS `amnt`,max(if((`b`.`PARAM_CODE` = 'annuityGetWay'),`b`.`PARAM_VALUE`,NULL)) AS `annuityGetWay`,max(if((`b`.`PARAM_CODE` = 'annuityGetYear'),`b`.`PARAM_VALUE`,NULL)) AS `annuityGetYear`,max(if((`b`.`PARAM_CODE` = 'autoRenewal'),`b`.`PARAM_VALUE`,NULL)) AS `autoRenewal`,max(if((`b`.`PARAM_CODE` = 'carFee'),`b`.`PARAM_VALUE`,NULL)) AS `carFee`,max(if((`b`.`PARAM_CODE` = 'construnctionArea'),`b`.`PARAM_VALUE`,NULL)) AS `construnctionArea`,max(if((`b`.`PARAM_CODE` = 'contributors'),`b`.`PARAM_VALUE`,NULL)) AS `CONTRIBUTORS`,max(if((`b`.`PARAM_CODE` = 'discount'),`b`.`PARAM_VALUE`,NULL)) AS `discount`,max(if((`b`.`PARAM_CODE` = 'firstAddPremium'),`b`.`PARAM_VALUE`,NULL)) AS `firstAddPremium`,max(if((`b`.`PARAM_CODE` = 'freeForeHead'),`b`.`PARAM_VALUE`,NULL)) AS `freeForeHead`,max(if((`b`.`PARAM_CODE` = 'getTime'),`b`.`PARAM_VALUE`,NULL)) AS `getTime`,max(if((`b`.`PARAM_CODE` = 'getTimeUnit'),`b`.`PARAM_VALUE`,NULL)) AS `getTimeUnit`,max(if((`b`.`PARAM_CODE` = 'insurdPeriod'),`b`.`PARAM_VALUE`,NULL)) AS `insurdPeriod`,max(if((`b`.`PARAM_CODE` = 'insurdPeriodUnit'),`b`.`PARAM_VALUE`,NULL)) AS `insurdPeriodUnit`,max(if((`b`.`PARAM_CODE` = 'investAccountName'),`b`.`PARAM_VALUE`,NULL)) AS `investAccountName`,max(if((`b`.`PARAM_CODE` = 'investmentTime'),`b`.`PARAM_VALUE`,NULL)) AS `investmentTime`,max(if((`b`.`PARAM_CODE` = 'investProportion'),`b`.`PARAM_VALUE`,NULL)) AS `investProportion`,max(if((`b`.`PARAM_CODE` = 'lateProcessWay'),`b`.`PARAM_VALUE`,NULL)) AS `lateProcessWay`,max(if((`b`.`PARAM_CODE` = 'mult'),`b`.`PARAM_VALUE`,NULL)) AS `mult`,max(if((`b`.`PARAM_CODE` = 'payIntv'),`b`.`PARAM_VALUE`,NULL)) AS `payIntv`,max(if((`b`.`PARAM_CODE` = 'payPeriod'),`b`.`PARAM_VALUE`,NULL)) AS `payPeriod`,max(if((`b`.`PARAM_CODE` = 'payPeriodUnit'),`b`.`PARAM_VALUE`,NULL)) AS `payPeriodUnit`,max(if((`b`.`PARAM_CODE` = 'premium'),`b`.`PARAM_VALUE`,NULL)) AS `premium`,max(if((`b`.`PARAM_CODE` = 'projectCost'),`b`.`PARAM_VALUE`,NULL)) AS `projectCost`,max(if((`b`.`PARAM_CODE` = 'regularAddPremium'),`b`.`PARAM_VALUE`,NULL)) AS `regularAddPremium`,max(if((`b`.`PARAM_CODE` = 'renewalWay'),`b`.`PARAM_VALUE`,NULL)) AS `renewalWay`,max(if((`b`.`PARAM_CODE` = 'socialType'),`b`.`PARAM_VALUE`,NULL)) AS `socialType`,max(if((`b`.`PARAM_CODE` = 'survivalWay'),`b`.`PARAM_VALUE`,NULL)) AS `survivalWay`,max(if((`b`.`PARAM_CODE` = 'tFreeForeHead'),`b`.`PARAM_VALUE`,NULL)) AS `tFreeForeHead`,max(if((`b`.`PARAM_CODE` = 'beneficialType'),`b`.`PARAM_VALUE`,NULL)) AS `beneficialType`,max(if((`b`.`PARAM_CODE` = 'closedPeriods'),`b`.`PARAM_VALUE`,NULL)) AS `closedPeriods`,max(if((`b`.`PARAM_CODE` = 'closedPeriodUnit'),`b`.`PARAM_VALUE`,NULL)) AS `closedPeriodUnit`,max(if((`b`.`PARAM_CODE` = 'expectOpenDay'),`b`.`PARAM_VALUE`,NULL)) AS `expectOpenDay`,max(if((`b`.`PARAM_CODE` = 'reductionRadio'),`b`.`PARAM_VALUE`,NULL)) AS `reductionRadio`,max(if((`b`.`PARAM_CODE` = 'subscriptionFee'),`b`.`PARAM_VALUE`,NULL)) AS `subscriptionFee` from `t_trade_product_info` `b` where (`b`.`RC_STATE` = 'E') group by `b`.`TRADE_INFO_ID`,`b`.`PRODUCT_ID`) ;

-- ----------------------------
-- Procedure structure for PROC_CREATE_TRADE_PD_VIEW
-- ----------------------------
DROP PROCEDURE IF EXISTS `PROC_CREATE_TRADE_PD_VIEW`;
DELIMITER ;;
CREATE DEFINER=`root`@`%.%.%.%` PROCEDURE `PROC_CREATE_TRADE_PD_VIEW`()
BEGIN
		/*需要执行的sql*/
		DECLARE V_SQL VARCHAR(4000);
		DECLARE V_CODE VARCHAR(20);
		DECLARE NO_MORE_CODE INTEGER DEFAULT 0;
		DECLARE V_CUR_PD_PARAM_TYPE CURSOR FOR SELECT A.CODE FROM T_DEF_CODE A WHERE CODE_TYPE IN ('wealthfactorCode', 'riskfactorCode');
		DECLARE CONTINUE HANDLER FOR NOT FOUND SET NO_MORE_CODE=1;
		SET V_SQL = 'CREATE OR REPLACE VIEW T_TRADE_PRODUCT_INFO_VIEW AS(SELECT B.TRADE_INFO_ID TRADE_INFO_ID,B.PRODUCT_ID PRODUCT_ID,';

		/*循环游标生成动态sql语句*/
		OPEN V_CUR_PD_PARAM_TYPE;       /*打开之前定义的游标*/
			FETCH V_CUR_PD_PARAM_TYPE INTO V_CODE;   /*取出每条记录并赋值给相关变量，注意顺序*/
			WHILE NO_MORE_CODE != 1 DO
			 SET V_SQL = CONCAT(V_SQL,'MAX(IF(B.PARAM_CODE=''',V_CODE,''',PARAM_VALUE,NULL)) ',V_CODE,',');
			 FETCH V_CUR_PD_PARAM_TYPE INTO V_CODE;   /*取出每条记录并赋值给相关变量，注意顺序*/
			END WHILE;



			#REPEAT                      /*循环语句的关键词*/
			#	FETCH V_CUR_PD_PARAM_TYPE INTO V_CODE;   /*取出每条记录并赋值给相关变量，注意顺序*/
			#	SET V_SQL = CONCAT(V_SQL,'MAX(IF(B.PARAM_CODE=''',V_CODE,''',PARAM_VALUE,NULL)) ',V_CODE,',');
			#	UNTIL NO_MORE_CODE 
			#END REPEAT;    /*循环语句结束*/
		CLOSE V_CUR_PD_PARAM_TYPE;

		SET V_SQL = LEFT(V_SQL,LENGTH(V_SQL) - 1);
		SET V_SQL = CONCAT(V_SQL,' FROM T_TRADE_PRODUCT_INFO B WHERE B.RC_STATE = ','''E''','GROUP BY B.TRADE_INFO_ID,B.PRODUCT_ID)');

		SET @v_sql=V_SQL;   
    PREPARE stmt FROM @v_sql;
    EXECUTE stmt;   
		DEALLOCATE PREPARE stmt;

		#SET O_RESULT = V_SQL;

END
;;
DELIMITER ;

-- ----------------------------
-- Function structure for FUNC_CALL_APP_AGE
-- ----------------------------
DROP FUNCTION IF EXISTS `FUNC_CALL_APP_AGE`;
DELIMITER ;;
CREATE DEFINER=`root`@`%.%.%.%` FUNCTION `FUNC_CALL_APP_AGE`(I_TRADE_INFO_ID  VARCHAR(20)) RETURNS int(11)
BEGIN
	DECLARE O_APP_AGE INT DEFAULT 0;
	DECLARE V_VALID_DATE DATE;
  DECLARE V_BIRTHDAY   DATE;
    SET V_VALID_DATE = (SELECT A.STATUS_DATE
      FROM T_TRADE_STATUS_INFO A
     WHERE A.TRADE_INFO_ID = I_TRADE_INFO_ID
       AND A.TRADE_STATUS = '06'
       AND A.RC_STATE = 'E'
       GROUP BY A.TRADE_INFO_ID,A.STATUS_DATE);
    IF V_VALID_DATE IS NULL THEN
    SET  O_APP_AGE = NULL;
    END IF;
    SET V_BIRTHDAY = (SELECT C.BIRTHDAY
      FROM T_TRADE_CUST_INFO      A,
           T_TRADE_CUST_ROLE_INFO B,
           T_CUST_BASE_INFO       C
     WHERE A.TRADE_CUST_INFO_ID = B.TRADE_CUST_INFO_ID
       AND A.CUST_BASE_INFO_ID = C.CUST_BASE_INFO_ID
       AND B.ROLE_TYPE = '1' 
       AND A.TRADE_INFO_ID = I_TRADE_INFO_ID
       AND A.RC_STATE = 'E'
       AND B.RC_STATE = 'E'
       AND C.RC_STATE = 'E');
    IF V_BIRTHDAY IS NULL THEN
    SET  O_APP_AGE = NULL;
    END IF;
    SET O_APP_AGE = FLOOR(DATEDIFF(V_VALID_DATE, V_BIRTHDAY) / 12);
    RETURN O_APP_AGE;
  END
;;
DELIMITER ;

-- ----------------------------
-- Function structure for FUNC_CALL_CUST_AGE
-- ----------------------------
DROP FUNCTION IF EXISTS `FUNC_CALL_CUST_AGE`;
DELIMITER ;;
CREATE DEFINER=`root`@`%.%.%.%` FUNCTION `FUNC_CALL_CUST_AGE`(I_CALL_DATE  DATE,I_CUST_BIRTHDAY  DATE) RETURNS int(11)
BEGIN
	DECLARE O_CUST_AGE INT DEFAULT 0;
    DECLARE V_CALL_DATE DATE;
	SET V_CALL_DATE = I_CALL_DATE;
	IF I_CALL_DATE IS NULL 
	    THEN
			SET  V_CALL_DATE = (SELECT now());
    ELSEIF I_CUST_BIRTHDAY IS NULL 
	    THEN
          RETURN O_CUST_AGE;
       END IF;
     set  O_CUST_AGE = FLOOR(DATEDIFF(V_CALL_DATE, I_CUST_BIRTHDAY) /(30*12));
	 RETURN O_CUST_AGE ;
END
;;
DELIMITER ;

-- ----------------------------
-- Function structure for FUNC_CALL_POLICY_YEAR
-- ----------------------------
DROP FUNCTION IF EXISTS `FUNC_CALL_POLICY_YEAR`;
DELIMITER ;;
CREATE DEFINER=`root`@`%.%.%.%` FUNCTION `FUNC_CALL_POLICY_YEAR`(I_TRADE_INFO_ID  VARCHAR(20),
                                 I_PAY_TO_DATE VARCHAR(20)) RETURNS varchar(20) CHARSET utf8
BEGIN
    DECLARE O_POLICY_YEAR VARCHAR(20);
	DECLARE V_VALID_DATE  DATE;
    SET V_VALID_DATE = (SELECT A.STATUS_DATE
      FROM T_TRADE_STATUS_INFO A
     WHERE A.TRADE_INFO_ID = I_TRADE_INFO_ID
       AND A.TRADE_STATUS = '06'
       AND A.RC_STATE = 'E'
       GROUP BY A.TRADE_INFO_ID,A.STATUS_DATE);
    IF I_PAY_TO_DATE IS NULL OR
       I_PAY_TO_DATE = DATE_FORMAT(V_VALID_DATE, 'YYYY-MM-DD') 
	THEN
      SET O_POLICY_YEAR = 1;
    ELSE
      SET O_POLICY_YEAR = FLOOR(DATEDIFF(DATE_FORMAT(I_PAY_TO_DATE,
                                                    'YYYY-MM-DD'),
                                            V_VALID_DATE) / 12) + 1;
    END IF;
    RETURN O_POLICY_YEAR;
  END
;;
DELIMITER ;

-- ----------------------------
-- Function structure for FUNC_FOUNDATE_CLOSED_ENDDATE
-- ----------------------------
DROP FUNCTION IF EXISTS `FUNC_FOUNDATE_CLOSED_ENDDATE`;
DELIMITER ;;
CREATE DEFINER=`root`@`%.%.%.%` FUNCTION `FUNC_FOUNDATE_CLOSED_ENDDATE`(FOUNDATE DATE,CLOSEDPERIOR INTEGER,CLOSEDPERIORUNIT VARCHAR(10)) RETURNS varchar(10) CHARSET utf8
BEGIN

	DECLARE END_DATE VARCHAR (10) DEFAULT '';
	IF CLOSEDPERIORUNIT = 'M' THEN
	SET END_DATE = DATE_FORMAT(DATE_ADD(FOUNDATE,INTERVAL IFNULL(CLOSEDPERIOR,0) MONTH),'%Y-%m-%d');
	ELSEIF CLOSEDPERIORUNIT = 'Y' THEN
	SET END_DATE = DATE_FORMAT( DATE_ADD(FOUNDATE,INTERVAL IFNULL(CLOSEDPERIOR,0)  YEAR),'%Y-%m-%d');
	ELSE
	SET END_DATE = DATE_FORMAT(DATE_ADD(FOUNDATE , INTERVAL IFNULL(CLOSEDPERIOR,0) DAY),'%Y-%m-%d');
	END IF;
	RETURN END_DATE;
END
;;
DELIMITER ;

-- ----------------------------
-- Function structure for FUNC_GET_AFTER_DATE_NET_VALUE
-- ----------------------------
DROP FUNCTION IF EXISTS `FUNC_GET_AFTER_DATE_NET_VALUE`;
DELIMITER ;;
CREATE DEFINER=`root`@`%.%.%.%` FUNCTION `FUNC_GET_AFTER_DATE_NET_VALUE`(I_PD_WEALTH_ID  VARCHAR(20),
                                         I_AFTER_DATE VARCHAR(20)) RETURNS int(11)
BEGIN
	
	DECLARE O_NET_VALUE INT DEFAULT 0;
	DECLARE V_COUNT INT DEFAULT 0;
	DECLARE V_AFTER_DATE_MIN_PUBLIC_DATE INT DEFAULT 0;
    
	SET V_COUNT = (SELECT COUNT(1)
      
      FROM T_PD_WEALTH_NET_VALUE A
     WHERE A.PD_WEALTH_ID = I_PD_WEALTH_ID
       AND A.PUBLIC_DATE >= DATE_FORMAT(I_AFTER_DATE, 'YYYY-MM-DD')
       AND A.RC_STATE = 'E');

    IF V_COUNT > 0 THEN
     
	 SET V_AFTER_DATE_MIN_PUBLIC_DATE =
	 (SELECT MIN(A.PUBLIC_DATE)
        FROM T_PD_WEALTH_NET_VALUE A
       WHERE A.PD_WEALTH_ID = I_PD_WEALTH_ID
         AND A.PUBLIC_DATE >= DATE_FORMAT(I_AFTER_DATE, 'YYYY-MM-DD')
         AND A.RC_STATE = 'E');
     
	 SET O_NET_VALUE =  
	 (SELECT MAX(A.NET_VALUE)
        FROM T_PD_WEALTH_NET_VALUE A
        WHERE A.PD_WEALTH_ID = I_PD_WEALTH_ID
         AND A.PUBLIC_DATE >= DATE_FORMAT(I_AFTER_DATE, 'YYYY-MM-DD')
         AND A.PUBLIC_DATE = V_AFTER_DATE_MIN_PUBLIC_DATE
         AND A.RC_STATE = 'E');
		 
      IF O_NET_VALUE IS NULL 
	  THEN
      SET  O_NET_VALUE = 0;
      END IF;
    END IF;
    RETURN O_NET_VALUE;
  END
;;
DELIMITER ;

-- ----------------------------
-- Function structure for FUNC_GET_ALL_REDEMPTION_COPIES
-- ----------------------------
DROP FUNCTION IF EXISTS `FUNC_GET_ALL_REDEMPTION_COPIES`;
DELIMITER ;;
CREATE DEFINER=`root`@`%.%.%.%` FUNCTION `FUNC_GET_ALL_REDEMPTION_COPIES`(I_PUBLIC_DAY varchar(20),I_TRADE_INFO_ID  varchar(20)) RETURNS decimal(20,4)
BEGIN
    DECLARE I_REDEMPTION_COPIES INT DEFAULT 0;
    SET I_REDEMPTION_COPIES = (select IFNULL(sum(b.actual_redemption_share), 0)
    from t_redemption_info       e,
           t_redemption_trade_info b,
           t_trade_status_info     c
     where e.rc_state = 'E'
       and b.rc_state = 'E'
       and e.redemption_info_id = b.redemption_info_id
       and e.redemption_status = '04'
       and e.redemption_openday <= I_PUBLIC_DAY
       and c.trade_info_id = b.trade_info_id
       and c.rc_state = 'E'
       and b.trade_info_id = I_TRADE_INFO_ID);

    IF I_REDEMPTION_COPIES IS NULL THEN
     SET I_REDEMPTION_COPIES = 0;
    END IF;

    RETURN I_REDEMPTION_COPIES;
  END
;;
DELIMITER ;

-- ----------------------------
-- Function structure for FUNC_GET_ALL_REDEMPTION_SHARE
-- ----------------------------
DROP FUNCTION IF EXISTS `FUNC_GET_ALL_REDEMPTION_SHARE`;
DELIMITER ;;
CREATE DEFINER=`root`@`%.%.%.%` FUNCTION `FUNC_GET_ALL_REDEMPTION_SHARE`(I_TRADE_INFO_ID  INT) RETURNS decimal(20,4)
BEGIN
     DECLARE O_ALL_REDEMPTION_SHARE decimal(20,4) DEFAULT 0;
     SET O_ALL_REDEMPTION_SHARE =  
	 (SELECT sum(A.ACTUAL_REDEMPTION_SHARE)
      FROM T_REDEMPTION_TRADE_INFO A,T_REDEMPTION_INFO  B
			
      WHERE 
					A.REDEMPTION_INFO_ID = B.REDEMPTION_INFO_ID
				AND A.TRADE_INFO_ID = I_TRADE_INFO_ID
       AND B.REDEMPTION_STATUS='04'
       AND B.RC_STATE='E'
       AND A.RC_STATE = 'E');

    IF O_ALL_REDEMPTION_SHARE IS NULL THEN
     SET O_ALL_REDEMPTION_SHARE = 0;
    END IF;
    RETURN O_ALL_REDEMPTION_SHARE;
  END
;;
DELIMITER ;

-- ----------------------------
-- Function structure for FUNC_GET_BEFORE_DATE_BALA_DATE
-- ----------------------------
DROP FUNCTION IF EXISTS `FUNC_GET_BEFORE_DATE_BALA_DATE`;
DELIMITER ;;
CREATE DEFINER=`root`@`%.%.%.%` FUNCTION `FUNC_GET_BEFORE_DATE_BALA_DATE`(I_PD_WEALTH_ID  VARCHAR(20),I_BEFORE_DATE   VARCHAR(20)) RETURNS varchar(20) CHARSET utf8
BEGIN
	DECLARE O_ACTU_BALA_DATE VARCHAR(10);
	DECLARE V_FOUND_DATE DATE;
    SET V_FOUND_DATE =
	(SELECT A.FOUND_DATE
      FROM T_PD_WEALTH A
     WHERE A.PD_WEALTH_ID = I_PD_WEALTH_ID
       AND A.RC_STATE = 'E');
    IF V_FOUND_DATE > DATE_FORMAT(I_BEFORE_DATE, 'YYYY-MM-DD') THEN
    SET  O_ACTU_BALA_DATE = DATE_FORMAT(V_FOUND_DATE, 'YYYY-MM-DD');
    ELSE
     SET O_ACTU_BALA_DATE = I_BEFORE_DATE;
    END IF;
    RETURN O_ACTU_BALA_DATE;
  END
;;
DELIMITER ;

-- ----------------------------
-- Function structure for FUNC_GET_BEFORE_DATE_NET_VALUE
-- ----------------------------
DROP FUNCTION IF EXISTS `FUNC_GET_BEFORE_DATE_NET_VALUE`;
DELIMITER ;;
CREATE DEFINER=`root`@`%.%.%.%` FUNCTION `FUNC_GET_BEFORE_DATE_NET_VALUE`(I_PD_WEALTH_ID  VARCHAR(20),
                                          I_BEFORE_DATE   VARCHAR(20)) RETURNS int(11)
BEGIN
   DECLARE O_NET_VALUE   decimal(20,6);                
   DECLARE V_BEFORE_DATE_MAX_PUBLIC_DATE DATE;
   DECLARE V_COUNT    INT     DEFAULT  0;
    -- 产品成立日净值为1
    SET O_NET_VALUE = 1;
    -- 查询此日期前是否存在净值维护记录
    SELECT COUNT(1)
      INTO V_COUNT
      FROM T_PD_WEALTH_NET_VALUE A
     WHERE A.PD_WEALTH_ID = I_PD_WEALTH_ID
       AND A.PUBLIC_DATE <= STR_TO_DATE(I_BEFORE_DATE, 'YYYY-MM-DD')
       AND A.RC_STATE = 'E';

    IF V_COUNT > 0 THEN
      -- 如果存在净值记录，获取此日期前的最大公布日期
      SELECT MAX(A.PUBLIC_DATE)
        INTO V_BEFORE_DATE_MAX_PUBLIC_DATE
        FROM T_PD_WEALTH_NET_VALUE A
       WHERE A.PD_WEALTH_ID = I_PD_WEALTH_ID
         AND A.PUBLIC_DATE <= STR_TO_DATE(I_BEFORE_DATE, 'YYYY-MM-DD')
         AND A.RC_STATE = 'E';
      -- 查询净值
      SELECT MAX(A.NET_VALUE)
        INTO O_NET_VALUE
        FROM T_PD_WEALTH_NET_VALUE A
       WHERE A.PD_WEALTH_ID = I_PD_WEALTH_ID
         AND A.PUBLIC_DATE <= STR_TO_DATE(I_BEFORE_DATE, 'YYYY-MM-DD')
         AND A.PUBLIC_DATE = V_BEFORE_DATE_MAX_PUBLIC_DATE
         AND A.RC_STATE = 'E';

      IF O_NET_VALUE IS NULL THEN
       SET O_NET_VALUE = 1;
      END IF;
    END IF;

    RETURN O_NET_VALUE;
  END
;;
DELIMITER ;

-- ----------------------------
-- Function structure for FUNC_GET_CHILD_LIST
-- ----------------------------
DROP FUNCTION IF EXISTS `FUNC_GET_CHILD_LIST`;
DELIMITER ;;
CREATE DEFINER=`root`@`localhost` FUNCTION `FUNC_GET_CHILD_LIST`(rootId bigint) RETURNS varchar(4000) CHARSET utf8
begin
	declare sTemp varchar(4000);
    declare sTempChd varchar(4000);
    set sTemp = '';
    set sTempChd = cast(rootId as char);
    while sTempChd is not null do
		set sTemp = concat(sTemp, ',' , sTempChd);
        select group_concat(DISTINCT AGENT_ID) into sTempChd
        from t_agent_nurser_info
        where find_in_set(NURSER_AGENT_ID, sTempChd) > 0 and rc_state='E';
	end while;
    return SUBSTR(sTemp,2);
end
;;
DELIMITER ;

-- ----------------------------
-- Function structure for FUNC_GET_CODE_NAME
-- ----------------------------
DROP FUNCTION IF EXISTS `FUNC_GET_CODE_NAME`;
DELIMITER ;;
CREATE DEFINER=`root`@`%.%.%.%` FUNCTION `FUNC_GET_CODE_NAME`(I_CODE_TYPE VARCHAR(30), I_CODE VARCHAR(20)) RETURNS varchar(50) CHARSET utf8
BEGIN
   DECLARE CODENAME VARCHAR(50) CHARACTER SET utf8;
	 SET CODENAME = (SELECT A.CODE_NAME
                          FROM T_DEF_CODE A
                          WHERE A.CODE_TYPE = I_CODE_TYPE
                          AND A.CODE = I_CODE);
	 RETURN CODENAME;
END
;;
DELIMITER ;

-- ----------------------------
-- Function structure for FUNC_GET_END_DATE
-- ----------------------------
DROP FUNCTION IF EXISTS `FUNC_GET_END_DATE`;
DELIMITER ;;
CREATE DEFINER=`root`@`localhost` FUNCTION `FUNC_GET_END_DATE`(FOUNDATE DATE,CLOSEDPERIOR VARCHAR(20),CLOSEDPERIORUNIT VARCHAR(10)) RETURNS varchar(50) CHARSET utf8
BEGIN
	DECLARE END_DATE VARCHAR (100) DEFAULT '';
	DECLARE endDateStr varchar(50) default '';
  DECLARE P_CLOSEDPERIOR VARCHAR(10) DEFAULT '';
  DECLARE P_END_DATE  VARCHAR(50) DEFAULT '';
	DECLARE I INT DEFAULT 1;
  DECLARE J INT DEFAULT 1;
		IF LOCATE('/',CLOSEDPERIOR) > 0
		THEN  
			SET CLOSEDPERIOR = CONCAT(CLOSEDPERIOR,'','/');
			loop_label:LOOP
      SET I = LOCATE('/',CLOSEDPERIOR,J);
			IF I > 0 
			THEN
        SET P_CLOSEDPERIOR= TRIM(SUBSTRING(CLOSEDPERIOR, J, I - J));
				SET P_END_DATE = FUNC_FOUNDATE_CLOSED_ENDDATE(FOUNDATE,P_CLOSEDPERIOR,CLOSEDPERIORUNIT);
        SET END_DATE = CONCAT(END_DATE,'/',P_END_DATE);
        SET  J = I + 1;
      END IF;
			IF I=0 THEN
				LEAVE loop_label;
			END IF;
     END LOOP;
		SET END_DATE = SUBSTRING(END_DATE, 2);
		ELSE
		SET END_DATE = FUNC_FOUNDATE_CLOSED_ENDDATE(FOUNDATE,CLOSEDPERIOR,CLOSEDPERIORUNIT);
		END IF;
	RETURN END_DATE;
END
;;
DELIMITER ;

-- ----------------------------
-- Function structure for FUNC_GET_FACTOR_NAME
-- ----------------------------
DROP FUNCTION IF EXISTS `FUNC_GET_FACTOR_NAME`;
DELIMITER ;;
CREATE DEFINER=`root`@`%.%.%.%` FUNCTION `FUNC_GET_FACTOR_NAME`(I_FACTOR_VALUE  VARCHAR(20),
                                I_FACTOR_CODE  VARCHAR(20)) RETURNS varchar(200) CHARSET utf8
BEGIN 
    DECLARE P_FACTOR_VALUE VARCHAR(100);
    DECLARE P_FACTOR_NAME  VARCHAR(100) DEFAULT '';
    DECLARE P_FACTOR_CODE  VARCHAR(100);
    DECLARE R_FACTOR_NAME  VARCHAR(200) DEFAULT '';
    DECLARE I     INT   DEFAULT 1;
    DECLARE J     INT   DEFAULT 1;
  
   
    IF (I_FACTOR_VALUE IS NULL OR I_FACTOR_CODE IS NULL) THEN
      RETURN '';
    END IF;
    IF (LENGTH(I_FACTOR_VALUE) > 0) THEN
       SET P_FACTOR_VALUE = TRIM(BOTH ',' FROM I_FACTOR_VALUE);
    ELSE
      RETURN '';
    END IF;
   loop_label:LOOP
      SET I = LOCATE(',',P_FACTOR_VALUE,J);
      IF I > 0 THEN
        SET P_FACTOR_CODE= TRIM(SUBSTRING(P_FACTOR_VALUE, J, I - J));
        SET P_FACTOR_NAME=(
							SELECT CONCAT(CODE,'-',CODE_NAME)
							FROM T_DEF_CODE
							WHERE CODE_TYPE = I_FACTOR_CODE
              AND CODE = P_FACTOR_CODE
				);
         
        SET R_FACTOR_NAME = CONCAT(R_FACTOR_NAME,',',P_FACTOR_NAME);
        SET  J = I + 1;
        ELSEIF I = 0 AND J  <= LENGTH(P_FACTOR_VALUE) THEN

        SET P_FACTOR_CODE = TRIM(SUBSTRING(P_FACTOR_VALUE,J,LENGTH(P_FACTOR_VALUE)));

          SET P_FACTOR_NAME=(
							SELECT CONCAT(CODE,'-',CODE_NAME)
							FROM T_DEF_CODE
              WHERE CODE_TYPE = I_FACTOR_CODE
             AND CODE = P_FACTOR_CODE
				);

        SET R_FACTOR_NAME = CONCAT(R_FACTOR_NAME,',',P_FACTOR_NAME);
        SET J = LENGTH(P_FACTOR_VALUE);
      END IF;
			IF I=0 THEN
				LEAVE loop_label;
			END IF;
     END LOOP;
    RETURN TRIM(BOTH ',' FROM R_FACTOR_NAME);
  END
;;
DELIMITER ;

-- ----------------------------
-- Function structure for FUNC_GET_FA_ASS_FEE_FEE
-- ----------------------------
DROP FUNCTION IF EXISTS `FUNC_GET_FA_ASS_FEE_FEE`;
DELIMITER ;;
CREATE DEFINER=`myadm`@`%` FUNCTION `FUNC_GET_FA_ASS_FEE_FEE`(I_AGENT_ID bigint(20),I_PAGE_DATE varchar(20)) RETURNS decimal(20,2)
BEGIN
	DECLARE O_AGENT_FEE DECIMAL(20,2) DEFAULT 0;
	DECLARE I_AGENT_POSITION_CODE VARCHAR(20);
	SET I_AGENT_POSITION_CODE =(
		SELECT A.POSITION_CODE	FROM t_agent_position A WHERE A.AGENT_ID = I_AGENT_ID
		);
	
	SET O_AGENT_FEE = (
		SELECT
			SUM(TEMP.sumTotalFee)
		FROM (
			SELECT
		    A.AGENT_ID			"agentId",
			IFNULL(A.TRADE_INFO_ID,NULL)  	"tradeInfoId",
	    	SUM(A.TRADE_TOTAL_ASSETS*E.EVALUATION_PERFORMANCE_INDEX/100)	"sumTotalFee",
			C.POSITION_CODE		"positionCode",
			C.GRADE_CODE		"gradeCode",
			E.STANDRAD_PERFORMANCE_INDEX	"standRadPerformanceIndex"
		  
			FROM T_TRADE_INFO A , t_agent B , t_agent_position_trace C ,t_trade_pd_info D,t_pd_product E
			WHERE A.RC_STATE = 'E'
			AND B.RC_STATE = 'E'
			AND C.RC_STATE = 'E'
			AND D.RC_STATE = 'E'
			AND E.RC_STATE = 'E'
			AND A.AGENT_ID = B.AGENT_ID
			AND B.AGENT_ID =  C.AGENT_ID
			AND A.TRADE_STAUS = '04'
			AND A.PLAY_MONEY_TIME IS NOT NULL
			AND QUARTER(A.PLAY_MONEY_TIME) = QUARTER(now())
			-- AND C.POSITION_CODE = 'FA'
			AND C.BLPOSITION_ID = (
					SELECT G.BLPOSITION_ID FROM t_agent_position_trace G WHERE G.RC_STATE = 'E' AND G.CREATE_DATE =(
						SELECT MAX(F.CREATE_DATE) FROM t_agent_position_trace F WHERE F.RC_STATE = 'E' AND F.AGENT_ID = A.AGENT_ID
					)				
			)
      AND A.TRADE_INFO_ID = D.TRADE_INFO_ID
			AND E.PRODUCT_ID = D.PRODUCT_ID
			AND DATE_FORMAT(A.PLAY_MONEY_TIME,'%Y-%m') = DATE_FORMAT(I_PAGE_DATE ,'%Y-%m')
			AND B.AGENT_ID = I_AGENT_ID
			
		UNION ALL
		SELECT 
			A.AGENT_ID			"agentId",
			IFNULL(A.TRADE_INFO_ID,NULL)  	"tradeInfoId",
	    	SUM(A.TRADE_TOTAL_ASSETS*E.EVALUATION_PERFORMANCE_INDEX/100)	"sumTotalFee",
			C.POSITION_CODE		"positionCode",
			C.GRADE_CODE		"gradeCode",
			E.STANDRAD_PERFORMANCE_INDEX	"standRadPerformanceIndex"
			FROM T_TRADE_INFO A , t_agent B ,t_agent_position_trace C,t_trade_pd_info D,t_pd_product E
			WHERE A.RC_STATE = 'E'
			AND B.RC_STATE = 'E'
			AND C.RC_STATE = 'E'
			AND D.RC_STATE = 'E'
			AND E.RC_STATE = 'E'
			AND A.AGENT_ID = B.AGENT_ID
			AND B.AGENT_ID =  C.AGENT_ID
			AND A.TRADE_STAUS = '04'
			AND A.PLAY_MONEY_TIME IS NOT NULL
			AND QUARTER(A.PLAY_MONEY_TIME) = QUARTER(now())
			-- AND C.POSITION_CODE = 'FA'
			AND C.BLPOSITION_ID = (
					SELECT G.BLPOSITION_ID FROM t_agent_position_trace G WHERE G.RC_STATE = 'E' AND G.CREATE_DATE =(
						SELECT MAX(F.CREATE_DATE) FROM t_agent_position_trace F WHERE F.RC_STATE = 'E' AND F.AGENT_ID = A.AGENT_ID
					)				
			)
			AND DATE_FORMAT(A.PLAY_MONEY_TIME,'%Y-%m') != DATE_FORMAT(A.TRADE_INPUT_DATE,'%Y-%m')
			AND A.PLAY_MONEY_TIME >= DATE_ADD(DATE_FORMAT(I_PAGE_DATE ,'%Y-%m-%D'),INTERVAL 1 DAY)
			AND A.PLAY_MONEY_TIME <= DATE_ADD(DATE_FORMAT(I_PAGE_DATE ,'%Y-%m-%D'),INTERVAL 7 DAY)
			AND A.TRADE_INFO_ID = D.TRADE_INFO_ID
			AND E.PRODUCT_ID = D.PRODUCT_ID
			AND B.AGENT_ID = I_AGENT_ID
		) TEMP
	)
	;
	IF ISNULL(O_AGENT_FEE) THEN
		SET O_AGENT_FEE = 0;
	END IF;
	RETURN O_AGENT_FEE;
END
;;
DELIMITER ;

-- ----------------------------
-- Function structure for FUNC_GET_MIN_FOUNDDATE
-- ----------------------------
DROP FUNCTION IF EXISTS `FUNC_GET_MIN_FOUNDDATE`;
DELIMITER ;;
CREATE DEFINER=`root`@`localhost` FUNCTION `FUNC_GET_MIN_FOUNDDATE`(I_CUST_BASE_INFO_ID VARCHAR(20)) RETURNS varchar(10) CHARSET utf8
BEGIN
   DECLARE FOUND_DATE VARCHAR (10) DEFAULT '';
	 SET FOUND_DATE = (SELECT
												MIN(CASE
												WHEN d.PRODUCT_SUB_TYPE = "01" OR d.PRODUCT_SUB_TYPE = "02"
												THEN DATE_FORMAT(e.FOUND_DATE,'%Y-%m-%d')
												ELSE DATE_FORMAT(v.expectOpenDay,'%Y-%m-%d') 
												END)
												FROM
												t_cust_base_info a,
												t_trade_info b,
												t_trade_cust_info c,
												t_pd_product d,
												t_trade_product_info_view v,
												t_pd_wealth e
												WHERE 
												a.cust_base_info_id = c.cust_base_info_id
												AND b.trade_info_id = c.trade_info_id
												AND d.product_id = v.product_id
												AND b.trade_info_id = v.trade_info_id
												AND d.product_id = e.product_id
												AND a.cust_base_info_id = I_CUST_BASE_INFO_ID
												AND a.rc_state = 'E'
												AND b.rc_state = 'E'
												AND c.rc_state = 'E'
												AND d.rc_state = 'E'
												AND e.rc_state = 'E');
	 RETURN FOUND_DATE;
END
;;
DELIMITER ;

-- ----------------------------
-- Function structure for FUNC_GET_OPENDAY_RULES
-- ----------------------------
DROP FUNCTION IF EXISTS `FUNC_GET_OPENDAY_RULES`;
DELIMITER ;;
CREATE DEFINER=`root`@`localhost` FUNCTION `FUNC_GET_OPENDAY_RULES`(OPENDAYRULES varchar(200)) RETURNS varchar(100) CHARSET utf8
BEGIN
	DECLARE OPENDAY_RULES VARCHAR (100) DEFAULT '';
  DECLARE P_OPENDAYRULES VARCHAR(50) DEFAULT '';
  DECLARE P_OPENDAY_RULES  VARCHAR(50) DEFAULT '';
	DECLARE I INT DEFAULT 1;
  DECLARE J INT DEFAULT 1;
		IF LOCATE(',',SUBSTRING(OPENDAYRULES, 2)) > 0
		THEN  
			loop_label:LOOP
      SET I = LOCATE(',',CONCAT(SUBSTRING(OPENDAYRULES, 2),','),J);
			IF I > 0 
			THEN
        SET P_OPENDAYRULES= TRIM(SUBSTRING(SUBSTRING(OPENDAYRULES, 2), J, I-J));
				SET P_OPENDAY_RULES = FUNC_GET_CODE_NAME('productOpenDayRules',P_OPENDAYRULES);
        SET OPENDAY_RULES = CONCAT(OPENDAY_RULES,',',P_OPENDAY_RULES);
        SET  J = I + 1;
      END IF;
			IF I=0 THEN
				LEAVE loop_label;
			END IF;
     END LOOP;
		SET OPENDAY_RULES = SUBSTRING(OPENDAY_RULES, 2);
		ELSE
		SET OPENDAY_RULES = FUNC_GET_CODE_NAME('productOpenDayRules',SUBSTRING(OPENDAYRULES, 2));
		END IF;
	RETURN OPENDAY_RULES;
END
;;
DELIMITER ;

-- ----------------------------
-- Function structure for FUNC_GET_PLACE_NAME
-- ----------------------------
DROP FUNCTION IF EXISTS `FUNC_GET_PLACE_NAME`;
DELIMITER ;;
CREATE DEFINER=`root`@`%.%.%.%` FUNCTION `FUNC_GET_PLACE_NAME`(I_PLACE_TYPE VARCHAR(20), I_PLACE_CODE VARCHAR(20)) RETURNS varchar(50) CHARSET utf8
BEGIN
   DECLARE PLACE_NAME VARCHAR(50) CHARACTER SET utf8;

	 SET PLACE_NAME  = (SELECT A.PLACE_NAME
												FROM T_DEF_ADDRESS A
											WHERE A.PLACE_TYPE = I_PLACE_TYPE
												AND A.PLACE_CODE = I_PLACE_CODE);
	 RETURN PLACE_NAME ;
END
;;
DELIMITER ;

-- ----------------------------
-- Function structure for FUNC_GET_QUARTER_BY_MONTH
-- ----------------------------
DROP FUNCTION IF EXISTS `FUNC_GET_QUARTER_BY_MONTH`;
DELIMITER ;;
CREATE DEFINER=`root`@`localhost` FUNCTION `FUNC_GET_QUARTER_BY_MONTH`(DATE VARCHAR(20)) RETURNS varchar(20) CHARSET utf8
BEGIN
	DECLARE QUARTERNAME VARCHAR(20);
SET QUARTERNAME = (CASE WHEN SUBSTR(DATE  FROM 6 FOR 2) IN (01,02,03)
									THEN CONCAT(SUBSTR(DATE  FROM 1 FOR 4),'','第1季度')
									WHEN SUBSTR(DATE  FROM 6 FOR 2) IN (04,05,06)
									THEN CONCAT(SUBSTR(DATE  FROM 1 FOR 4),'','第2季度')
									WHEN SUBSTR(DATE  FROM 6 FOR 2) IN (07,08,09)
									THEN CONCAT(SUBSTR(DATE  FROM 1 FOR 4),'','第3季度')
									WHEN SUBSTR(DATE  FROM 6 FOR 2) IN (10,11,12)
									THEN CONCAT(SUBSTR(DATE  FROM 1 FOR 4),'','第4季度')
									ELSE NULL
									END);
	RETURN QUARTERNAME;
END
;;
DELIMITER ;

-- ----------------------------
-- Function structure for FUNC_GET_SCALE_FACTOR
-- ----------------------------
DROP FUNCTION IF EXISTS `FUNC_GET_SCALE_FACTOR`;
DELIMITER ;;
CREATE DEFINER=`root`@`%.%.%.%` FUNCTION `FUNC_GET_SCALE_FACTOR`(I_TRADE_INFO_ID  VARCHAR(100),
                                 I_ACTU_PREMIUM  VARCHAR(100)) RETURNS int(11)
BEGIN

    DECLARE O_SCALE_FACTOR     DECIMAL(10, 4); -- 返回的折标系数
    DECLARE V_TRADE_TYPE       VARCHAR(20); -- 交易类型
    DECLARE V_PAY_IN_TV        VARCHAR(4); -- 缴费频次
    DECLARE V_PAY_PERIOD_YEAR  INT(2)  DEFAULT  0; -- 缴费年期
    DECLARE V_PAY_PERIOD       VARCHAR(4); -- 缴费期间
    DECLARE V_PAY_PERIOD_UNIT  VARCHAR(4); -- 缴费期间单位
    DECLARE V_RISK_FEATURES    VARCHAR(2); -- 个人寿险类型（01-传统型，02-非传统型）
    DECLARE V_INS_PRO_SUB_TYPE VARCHAR(2); -- 保险类型（01-个人寿险，02-车险，03-银保）
    DECLARE V_BASIC_PREM       DECIMAL(10, 2)  DEFAULT  0; -- 个人寿险传统型产品基本保费
    DECLARE V_STAND_PREM       DECIMAL(10, 2)  DEFAULT  0; -- 标准保费
    DECLARE V_ACTU_PREM        DECIMAL(10, 2)  DEFAULT  0; -- 实收保费
 
    /*获取交易类型，产品类型等信息*/

    
     SET V_TRADE_TYPE=(
				SELECT MAX(A.TRADE_TYPE)
				FROM T_TRADE_INFO A
				WHERE A.TRADE_INFO_ID = I_TRADE_INFO_ID
				AND A.RC_STATE = 'E');

    
      SET V_PAY_IN_TV=(
				 SELECT A.payIntv  
				 FROM T_TRADE_PRODUCT_INFO_VIEW A, T_PD_RISK B, T_PD_PRODUCT C
         WHERE A.PRODUCT_ID = B.PRODUCT_ID
         AND C.PRODUCT_ID = B.PRODUCT_ID
         AND A.TRADE_INFO_ID = I_TRADE_INFO_ID
         AND B.PR_FLAG = 'M'
         AND B.RC_STATE = 'E'
         AND C.RC_STATE = 'E'
				);
      SET  V_PAY_PERIOD=( 
				 SELECT  A.payPeriod 
				 FROM T_TRADE_PRODUCT_INFO_VIEW A, T_PD_RISK B, T_PD_PRODUCT C
         WHERE A.PRODUCT_ID = B.PRODUCT_ID
         AND C.PRODUCT_ID = B.PRODUCT_ID
         AND A.TRADE_INFO_ID = I_TRADE_INFO_ID
         AND B.PR_FLAG = 'M'
         AND B.RC_STATE = 'E'
         AND C.RC_STATE = 'E'
				);

-- SELECT A.payIntv,
        --    A.payPeriod,
        -- A.payPeriodUnit,
        --   B.RISK_FEATURES,
        --   C.PRODUCT_SUB_TYPE,
        --   NVL(B.BASIC_PREM, 0)
   --   INTO V_PAY_IN_TV,
   --        V_PAY_PERIOD,
   --        V_PAY_PERIOD_UNIT,
   --        V_RISK_FEATURES,
   --        V_INS_PRO_SUB_TYPE,
   --        V_BASIC_PREM
   --   FROM T_TRADE_PRODUCT_INFO_VIEW A, T_PD_RISK B, T_PD_PRODUCT C
   --  WHERE A.PRODUCT_ID = B.PRODUCT_ID
   --    AND C.PRODUCT_ID = B.PRODUCT_ID
   --    AND A.TRADE_INFO_ID = I_TRADE_INFO_ID
   --    AND B.PR_FLAG = 'M'
   --    AND B.RC_STATE = 'E'
   --    AND C.RC_STATE = 'E';


       SET V_PAY_PERIOD_UNIT=(
				SELECT  A.payPeriodUnit 
				FROM T_TRADE_PRODUCT_INFO_VIEW A, T_PD_RISK B, T_PD_PRODUCT C
         WHERE A.PRODUCT_ID = B.PRODUCT_ID
         AND C.PRODUCT_ID = B.PRODUCT_ID
         AND A.TRADE_INFO_ID = I_TRADE_INFO_ID
         AND B.PR_FLAG = 'M'
         AND B.RC_STATE = 'E'
         AND C.RC_STATE = 'E'
				);
         SET  V_RISK_FEATURES=(
					 SELECT  B.RISK_FEATURES
				 	 FROM T_TRADE_PRODUCT_INFO_VIEW A, T_PD_RISK B, T_PD_PRODUCT C
           WHERE A.PRODUCT_ID = B.PRODUCT_ID
           AND C.PRODUCT_ID = B.PRODUCT_ID
           AND A.TRADE_INFO_ID = I_TRADE_INFO_ID
           AND B.PR_FLAG = 'M'
           AND B.RC_STATE = 'E'
           AND C.RC_STATE = 'E'
				 );
         SET V_INS_PRO_SUB_TYPE=(
						SELECT  C.PRODUCT_SUB_TYPE
						FROM T_TRADE_PRODUCT_INFO_VIEW A, T_PD_RISK B, T_PD_PRODUCT C
						WHERE A.PRODUCT_ID = B.PRODUCT_ID
						AND C.PRODUCT_ID = B.PRODUCT_ID
						AND A.TRADE_INFO_ID = I_TRADE_INFO_ID
						AND B.PR_FLAG = 'M'
						AND B.RC_STATE = 'E'
						AND C.RC_STATE = 'E'
				);
        SET V_BASIC_PREM =(
         SELECT  IFNULL(B.BASIC_PREM, 0)
         FROM T_TRADE_PRODUCT_INFO_VIEW A, T_PD_RISK B, T_PD_PRODUCT C
         WHERE A.PRODUCT_ID = B.PRODUCT_ID
         AND C.PRODUCT_ID = B.PRODUCT_ID
         AND A.TRADE_INFO_ID = I_TRADE_INFO_ID
         AND B.PR_FLAG = 'M'
         AND B.RC_STATE = 'E'
         AND C.RC_STATE = 'E'
				);

 
 
    /*财富产品没有*/
    IF V_TRADE_TYPE IS NULL OR V_TRADE_TYPE = '1' THEN
      SET O_SCALE_FACTOR = NULL;
    ELSE
      IF V_INS_PRO_SUB_TYPE = '01' THEN
        -- 个人寿险
        IF V_RISK_FEATURES = '01' THEN
          -- 传统险
          IF V_PAY_IN_TV = '0' THEN
            -- 趸交
            SET O_SCALE_FACTOR = 0.1;
          ELSE
            -- 计算缴费年期
           
						
             SET V_PAY_PERIOD_YEAR=(
									SELECT (CASE V_PAY_PERIOD_UNIT WHEN 'Y' THEN  V_PAY_PERIOD  
									WHEN 'M' THEN  V_PAY_PERIOD / 12 WHEN 'A' THEN V_PAY_PERIOD - FUNC_CALL_APP_AGE(I_TRADE_INFO_ID) END)
                    FROM DUAL);
            /*V_PAY_PERIOD_YEAR := ;*/
            IF V_PAY_PERIOD_YEAR < 10 THEN
              -- 10年期以下（不包含）
             SET O_SCALE_FACTOR = V_PAY_PERIOD_YEAR / 10;
            ELSE
              SET O_SCALE_FACTOR = 1;
            END IF;
          END IF;
        ELSEIF V_RISK_FEATURES = '02' THEN
          -- 非传统险
          -- 获取产品基本保费
          IF I_ACTU_PREMIUM <= V_BASIC_PREM THEN
            -- 基本保费以内为1
            SET O_SCALE_FACTOR = 1;
          ELSE
            -- 超过部分为0.1，算出标准保费/实收保费就是折标系数
           SET V_STAND_PREM  = V_BASIC_PREM * 1 +
                              (I_ACTU_PREMIUM - V_BASIC_PREM) * 0.1;
            SET O_SCALE_FACTOR = V_STAND_PREM / I_ACTU_PREMIUM;
          END IF;
        END IF;
      ELSE
        SET O_SCALE_FACTOR = NULL;
      END IF;
    END IF;
    RETURN O_SCALE_FACTOR;
  END
;;
DELIMITER ;

-- ----------------------------
-- Function structure for FUNC_GRADE_CODE
-- ----------------------------
DROP FUNCTION IF EXISTS `FUNC_GRADE_CODE`;
DELIMITER ;;
CREATE DEFINER=`root`@`10.%.%.%` FUNCTION `FUNC_GRADE_CODE`(I_AGENT_ID BIGINT(20), I_CAL_SALARY_MONTH VARCHAR(20)) RETURNS varchar(20) CHARSET utf8
BEGIN
   DECLARE V_GRADE_CODE varchar(20);

	 DECLARE V_POSITION_CHANGE_FLAG varchar(20);
	 DECLARE V_POSITION_CHANGE_DATE date;
	 SET V_POSITION_CHANGE_FLAG = (SELECT A.POSITION_CHANGE_FLAG FROM t_agent_position A WHERE A.RC_STATE = 'E' AND A.AGENT_ID = I_AGENT_ID);
	 SET V_POSITION_CHANGE_DATE = (SELECT A.CREATE_DATE FROM t_agent_position A WHERE A.RC_STATE = 'E' AND A.AGENT_ID = I_AGENT_ID);

	
	 IF V_POSITION_CHANGE_FLAG = 'Y' THEN
			IF ((DATE_FORMAT(V_POSITION_CHANGE_DATE,'%m') = '01' and DATE_FORMAT(I_CAL_SALARY_MONTH ,'%m') = '12') or
					(DATE_FORMAT(V_POSITION_CHANGE_DATE,'%m') = '04' and DATE_FORMAT(I_CAL_SALARY_MONTH ,'%m') = '03') or
					(DATE_FORMAT(V_POSITION_CHANGE_DATE,'%m') = '07' and DATE_FORMAT(I_CAL_SALARY_MONTH ,'%m') = '06') or
					(DATE_FORMAT(V_POSITION_CHANGE_DATE,'%m') = '10' and DATE_FORMAT(I_CAL_SALARY_MONTH ,'%m') = '09')
         )
				THEN
	       SET V_GRADE_CODE = (SELECT G.GRADE_CODE FROM t_agent_position_trace G WHERE 
							G.RC_STATE = 'E' AND G.AGENT_ID = I_AGENT_ID AND G.CREATE_DATE =(
														SELECT MAX(F.CREATE_DATE) FROM 
														t_agent_position_trace F WHERE F.RC_STATE = 'E' AND F.AGENT_ID = I_AGENT_ID));
      ELSE
         SET V_GRADE_CODE = (SELECT A.GRADE_CODE FROM t_agent_position A 
								WHERE A.AGENT_ID = I_AGENT_ID AND A.RC_STATE = 'E');
      END IF;
	 ELSE
			SET V_GRADE_CODE = (SELECT A.GRADE_CODE FROM t_agent_position A 
								WHERE A.AGENT_ID = I_AGENT_ID AND A.RC_STATE = 'E');
	 END IF;
		

	 IF (V_GRADE_CODE is NULL or V_GRADE_CODE = '') THEN
			SET V_GRADE_CODE = (SELECT A.GRADE_CODE FROM t_agent_position A WHERE 
													A.AGENT_ID = I_AGENT_ID AND A.RC_STATE = 'E');
	 END IF;	
	 RETURN V_GRADE_CODE;
END
;;
DELIMITER ;

-- ----------------------------
-- Function structure for FUNC_POSITION_CODE
-- ----------------------------
DROP FUNCTION IF EXISTS `FUNC_POSITION_CODE`;
DELIMITER ;;
CREATE DEFINER=`root`@`10.%.%.%` FUNCTION `FUNC_POSITION_CODE`(I_AGENT_ID BIGINT(20) , I_CAL_SALARY_MONTH VARCHAR(20)) RETURNS varchar(20) CHARSET utf8
BEGIN
   DECLARE V_POSITION_CODE varchar(20);
	 DECLARE V_POSITION_CHANGE_FLAG varchar(20);
   DECLARE V_POSITION_CHANGE_DATE date;
	
	 	
	 SET V_POSITION_CHANGE_FLAG = (SELECT A.POSITION_CHANGE_FLAG FROM t_agent_position A WHERE A.RC_STATE = 'E' AND A.AGENT_ID = I_AGENT_ID);
	 SET V_POSITION_CHANGE_DATE = (SELECT A.CREATE_DATE FROM t_agent_position A WHERE A.RC_STATE = 'E' AND A.AGENT_ID = I_AGENT_ID);
	 IF V_POSITION_CHANGE_FLAG = 'Y' THEN
			IF ((DATE_FORMAT(V_POSITION_CHANGE_DATE,'%m') = '01' and DATE_FORMAT(I_CAL_SALARY_MONTH ,'%m') = '12') or
					(DATE_FORMAT(V_POSITION_CHANGE_DATE,'%m') = '04' and DATE_FORMAT(I_CAL_SALARY_MONTH ,'%m') = '03') or
					(DATE_FORMAT(V_POSITION_CHANGE_DATE,'%m') = '07' and DATE_FORMAT(I_CAL_SALARY_MONTH ,'%m') = '06') or
					(DATE_FORMAT(V_POSITION_CHANGE_DATE,'%m') = '10' and DATE_FORMAT(I_CAL_SALARY_MONTH ,'%m') = '09')
         )
				THEN
	       SET V_POSITION_CODE = (SELECT G.POSITION_CODE FROM t_agent_position_trace G WHERE 
							G.RC_STATE = 'E' AND G.AGENT_ID = I_AGENT_ID AND G.CREATE_DATE =(
														SELECT MAX(F.CREATE_DATE) FROM 
														t_agent_position_trace F WHERE F.RC_STATE = 'E' AND F.AGENT_ID = I_AGENT_ID));
      ELSE
         SET V_POSITION_CODE = (SELECT A.POSITION_CODE FROM t_agent_position A 
								WHERE A.AGENT_ID = I_AGENT_ID AND A.RC_STATE = 'E');
      END IF;
	 ELSE
			SET V_POSITION_CODE = (SELECT A.POSITION_CODE FROM t_agent_position A 
								WHERE A.AGENT_ID = I_AGENT_ID AND A.RC_STATE = 'E');
	 END IF;
	 
	 IF (V_POSITION_CODE is NULL or V_POSITION_CODE = '') THEN
			SET V_POSITION_CODE = (SELECT A.POSITION_CODE FROM t_agent_position A 
			WHERE A.AGENT_ID = I_AGENT_ID AND A.RC_STATE = 'E');
	 END IF;	
	 RETURN V_POSITION_CODE;
END
;;
DELIMITER ;

-- ----------------------------
-- Function structure for getChildLst
-- ----------------------------
DROP FUNCTION IF EXISTS `getChildLst`;
DELIMITER ;;
CREATE DEFINER=`root`@`%.%.%.%` FUNCTION `getChildLst`(rootId int) RETURNS varchar(4000) CHARSET utf8
begin
	declare sTemp varchar(4000);
    declare sTempChd varchar(4000);
    set sTemp = '$';
    set sTempChd = cast(rootId as char);
    while sTempChd is not null do
		set sTemp = concat(sTemp, ',' , sTempChd);
        select group_concat(DISTINCT AGENT_ID) into sTempChd
        from t_agent_nurser_info T
        where find_in_set(T.NURSER_AGENT_ID, sTempChd) > 0
          AND T.RC_STATE = 'E';
	end while;
    return sTemp;
end
;;
DELIMITER ;

-- ----------------------------
-- Function structure for queryChildrenNodeInfo
-- ----------------------------
DROP FUNCTION IF EXISTS `queryChildrenNodeInfo`;
DELIMITER ;;
CREATE DEFINER=`root`@`%.%.%.%` FUNCTION `queryChildrenNodeInfo`(areaId INT) RETURNS varchar(4000) CHARSET utf8
BEGIN

DECLARE sTemp VARCHAR(4000);

DECLARE sTempChd VARCHAR(4000);

SET sTemp = '$';

SET sTempChd = cast(areaId as char);
WHILE sTempChd is not NULL DO

SET sTemp = CONCAT(sTemp,',',sTempChd);

SELECT group_concat(COM_ID) INTO sTempChd FROM t_def_com where FIND_IN_SET(PARENT_COM_ID,sTempChd)>0 and rc_state='E';

END WHILE;

return sTemp;

END
;;
DELIMITER ;
